id,date,store_id,product_id,quantity,revenue
1,2025-06-03,1,1,13,38987
2,2025-06-03,1,2,1,1999
3,2025-06-03,1,3,3,14997
4,2025-06-03,1,4,2,2998
5,2025-06-03,1,5,15,19485
6,2025-06-03,1,7,6,47994
7,2025-06-03,1,8,1,15999
8,2025-06-03,1,9,2,1198
9,2025-06-03,1,11,1,2499
10,2025-06-03,1,12,4,1596
11,2025-06-03,1,13,1,499
12,2025-06-03,1,14,2,598
13,2025-06-03,1,15,3,14997
14,2025-06-03,1,16,3,2397
15,2025-06-03,1,17,2,7998
16,2025-06-03,1,18,6,10794
17,2025-06-03,1,19,7,132993
18,2025-06-03,1,21,8,19992
19,2025-06-03,1,22,8,43992
20,2025-06-03,1,23,3,14997
21,2025-06-03,1,24,2,6998
22,2025-06-03,1,25,14,69986
23,2025-06-03,1,26,3,59997
24,2025-06-03,1,27,1,1299
25,2025-06-03,1,28,1,1799
26,2025-06-03,1,29,7,17493
27,2025-06-03,1,30,8,31992
28,2025-06-03,1,31,10,19990
29,2025-06-03,1,32,1,8999
30,2025-06-03,1,33,5,64995
31,2025-06-03,1,34,10,189990
32,2025-06-03,1,35,1,2999
33,2025-06-03,1,36,7,10493
34,2025-06-03,1,37,8,18392
35,2025-06-03,1,38,7,62993
36,2025-06-03,1,39,5,17495
37,2025-06-03,1,40,6,3594
38,2025-06-03,1,41,7,17493
39,2025-06-03,1,43,1,1999
40,2025-06-03,1,44,3,3897
41,2025-06-03,1,45,1,4999
42,2025-06-03,1,46,2,1598
43,2025-06-03,1,47,1,3499
44,2025-06-03,1,48,1,3999
45,2025-06-03,1,49,7,17493
46,2025-06-03,1,50,3,3897
47,2025-06-03,1,51,3,1497
48,2025-06-03,1,52,1,1999
49,2025-06-03,1,53,4,3596
50,2025-06-03,1,54,6,3594
51,2025-06-03,1,55,5,4495
52,2025-06-03,1,56,6,4194
53,2025-06-03,2,1,5,14995
54,2025-06-03,2,3,3,14997
55,2025-06-03,2,4,1,1499
56,2025-06-03,2,5,11,14289
57,2025-06-03,2,6,2,1798
58,2025-06-03,2,7,8,63992
59,2025-06-03,2,9,3,1797
60,2025-06-03,2,11,2,4998
61,2025-06-03,2,12,6,2394
62,2025-06-03,2,14,2,598
63,2025-06-03,2,15,4,19996
64,2025-06-03,2,16,9,7191
65,2025-06-03,2,17,3,11997
66,2025-06-03,2,18,6,10794
67,2025-06-03,2,19,9,170991
68,2025-06-03,2,21,4,9996
69,2025-06-03,2,22,7,38493
70,2025-06-03,2,23,3,14997
71,2025-06-03,2,24,1,3499
72,2025-06-03,2,25,6,29994
73,2025-06-03,2,26,3,59997
74,2025-06-03,2,28,1,1799
75,2025-06-03,2,29,6,14994
76,2025-06-03,2,30,5,19995
77,2025-06-03,2,31,4,7996
78,2025-06-03,2,32,7,62993
79,2025-06-03,2,33,2,25998
80,2025-06-03,2,34,6,113994
81,2025-06-03,2,35,3,8997
82,2025-06-03,2,36,3,4497
83,2025-06-03,2,37,6,13794
84,2025-06-03,2,38,3,26997
85,2025-06-03,2,39,6,20994
86,2025-06-03,2,40,4,2396
87,2025-06-03,2,41,6,14994
88,2025-06-03,2,43,1,1999
89,2025-06-03,2,44,1,1299
90,2025-06-03,2,46,2,1598
91,2025-06-03,2,47,2,6998
92,2025-06-03,2,48,2,7998
93,2025-06-03,2,49,7,17493
94,2025-06-03,2,50,4,5196
95,2025-06-03,2,51,1,499
96,2025-06-03,2,52,2,3998
97,2025-06-03,2,53,3,2697
98,2025-06-03,2,54,4,2396
99,2025-06-03,2,55,6,5394
100,2025-06-03,2,56,3,2097
101,2025-06-03,3,1,6,17994
102,2025-06-03,3,3,2,9998
103,2025-06-03,3,4,2,2998
104,2025-06-03,3,5,11,14289
105,2025-06-03,3,6,1,899
106,2025-06-03,3,7,6,47994
107,2025-06-03,3,8,1,15999
108,2025-06-03,3,9,3,1797
109,2025-06-03,3,11,1,2499
110,2025-06-03,3,12,3,1197
111,2025-06-03,3,14,2,598
112,2025-06-03,3,15,4,19996
113,2025-06-03,3,16,3,2397
114,2025-06-03,3,17,2,7998
115,2025-06-03,3,18,1,1799
116,2025-06-03,3,19,1,18999
117,2025-06-03,3,21,5,12495
118,2025-06-03,3,22,6,32994
119,2025-06-03,3,23,2,9998
120,2025-06-03,3,24,1,3499
121,2025-06-03,3,25,8,39992
122,2025-06-03,3,26,3,59997
123,2025-06-03,3,27,1,1299
124,2025-06-03,3,28,1,1799
125,2025-06-03,3,29,7,17493
126,2025-06-03,3,30,4,15996
127,2025-06-03,3,31,5,9995
128,2025-06-03,3,32,6,53994
129,2025-06-03,3,33,3,38997
130,2025-06-03,3,34,6,113994
131,2025-06-03,3,35,4,11996
132,2025-06-03,3,36,3,4497
133,2025-06-03,3,37,4,9196
134,2025-06-03,3,38,4,35996
135,2025-06-03,3,39,6,20994
136,2025-06-03,3,40,5,2995
137,2025-06-03,3,41,7,17493
138,2025-06-03,3,43,2,3998
139,2025-06-03,3,44,3,3897
140,2025-06-03,3,46,2,1598
141,2025-06-03,3,47,1,3499
142,2025-06-03,3,48,2,7998
143,2025-06-03,3,49,4,9996
144,2025-06-03,3,50,2,2598
145,2025-06-03,3,51,3,1497
146,2025-06-03,3,52,1,1999
147,2025-06-03,3,53,2,1798
148,2025-06-03,3,54,7,4193
149,2025-06-03,3,55,2,1798
150,2025-06-03,3,56,5,3495
151,2025-06-03,4,1,9,26991
152,2025-06-03,4,3,6,29994
153,2025-06-03,4,4,2,2998
154,2025-06-03,4,5,18,23382
155,2025-06-03,4,6,1,899
156,2025-06-03,4,7,12,95988
157,2025-06-03,4,8,2,31998
158,2025-06-03,4,9,4,2396
159,2025-06-03,4,11,2,4998
160,2025-06-03,4,12,7,2793
161,2025-06-03,4,13,1,499
162,2025-06-03,4,14,2,598
163,2025-06-03,4,15,8,39992
164,2025-06-03,4,16,6,4794
165,2025-06-03,4,17,2,7998
166,2025-06-03,4,18,5,8995
167,2025-06-03,4,19,13,246987
168,2025-06-03,4,21,11,27489
169,2025-06-03,4,22,7,38493
170,2025-06-03,4,23,3,14997
171,2025-06-03,4,24,2,6998
172,2025-06-03,4,25,8,39992
173,2025-06-03,4,26,5,99995
174,2025-06-03,4,27,1,1299
175,2025-06-03,4,28,2,3598
176,2025-06-03,4,29,8,19992
177,2025-06-03,4,30,7,27993
178,2025-06-03,4,31,5,9995
179,2025-06-03,4,32,8,71992
180,2025-06-03,4,33,5,64995
181,2025-06-03,4,34,12,227988
182,2025-06-03,4,35,5,14995
183,2025-06-03,4,36,1,1499
184,2025-06-03,4,37,8,18392
185,2025-06-03,4,38,9,80991
186,2025-06-03,4,39,3,10497
187,2025-06-03,4,40,1,599
188,2025-06-03,4,41,7,17493
189,2025-06-03,4,43,2,3998
190,2025-06-03,4,44,3,3897
191,2025-06-03,4,45,1,4999
192,2025-06-03,4,46,2,1598
193,2025-06-03,4,48,3,11997
194,2025-06-03,4,49,9,22491
195,2025-06-03,4,50,5,6495
196,2025-06-03,4,51,6,2994
197,2025-06-03,4,52,4,7996
198,2025-06-03,4,53,1,899
199,2025-06-03,4,54,13,7787
200,2025-06-03,4,55,9,8091
201,2025-06-03,4,56,6,4194
202,2025-06-03,5,1,5,14995
203,2025-06-03,5,3,1,4999
204,2025-06-03,5,4,1,1499
205,2025-06-03,5,5,14,18186
206,2025-06-03,5,6,1,899
207,2025-06-03,5,7,8,63992
208,2025-06-03,5,8,1,15999
209,2025-06-03,5,9,1,599
210,2025-06-03,5,11,1,2499
211,2025-06-03,5,12,2,798
212,2025-06-03,5,14,2,598
213,2025-06-03,5,15,3,14997
214,2025-06-03,5,16,3,2397
215,2025-06-03,5,17,1,3999
216,2025-06-03,5,18,3,5397
217,2025-06-03,5,19,6,113994
218,2025-06-03,5,21,5,12495
219,2025-06-03,5,22,5,27495
220,2025-06-03,5,23,1,4999
221,2025-06-03,5,24,1,3499
222,2025-06-03,5,25,7,34993
223,2025-06-03,5,26,1,19999
224,2025-06-03,5,27,1,1299
225,2025-06-03,5,28,1,1799
226,2025-06-03,5,29,8,19992
227,2025-06-03,5,30,7,27993
228,2025-06-03,5,31,10,19990
229,2025-06-03,5,32,6,53994
230,2025-06-03,5,33,3,38997
231,2025-06-03,5,34,7,132993
232,2025-06-03,5,35,1,2999
233,2025-06-03,5,36,3,4497
234,2025-06-03,5,37,9,20691
235,2025-06-03,5,38,4,35996
236,2025-06-03,5,39,6,20994
237,2025-06-03,5,40,5,2995
238,2025-06-03,5,41,7,17493
239,2025-06-03,5,43,1,1999
240,2025-06-03,5,44,2,2598
241,2025-06-03,5,45,1,4999
242,2025-06-03,5,46,1,799
243,2025-06-03,5,47,1,3499
244,2025-06-03,5,48,1,3999
245,2025-06-03,5,49,3,7497
246,2025-06-03,5,50,2,2598
247,2025-06-03,5,51,1,499
248,2025-06-03,5,52,2,3998
249,2025-06-03,5,53,2,1798
250,2025-06-03,5,54,7,4193
251,2025-06-03,5,55,4,3596
252,2025-06-03,5,56,4,2796
253,2025-06-03,6,1,5,14995
254,2025-06-03,6,2,1,1999
255,2025-06-03,6,3,2,9998
256,2025-06-03,6,4,1,1499
257,2025-06-03,6,5,15,19485
258,2025-06-03,6,6,2,1798
259,2025-06-03,6,7,8,63992
260,2025-06-03,6,8,1,15999
261,2025-06-03,6,9,2,1198
262,2025-06-03,6,11,3,7497
263,2025-06-03,6,12,3,1197
264,2025-06-03,6,14,2,598
265,2025-06-03,6,15,4,19996
266,2025-06-03,6,16,6,4794
267,2025-06-03,6,17,2,7998
268,2025-06-03,6,18,7,12593
269,2025-06-03,6,19,4,75996
270,2025-06-03,6,21,7,17493
271,2025-06-03,6,22,7,38493
272,2025-06-03,6,23,1,4999
273,2025-06-03,6,24,1,3499
274,2025-06-03,6,25,10,49990
275,2025-06-03,6,26,3,59997
276,2025-06-03,6,27,1,1299
277,2025-06-03,6,28,2,3598
278,2025-06-03,6,29,11,27489
279,2025-06-03,6,30,6,23994
280,2025-06-03,6,31,7,13993
281,2025-06-03,6,32,6,53994
282,2025-06-03,6,33,4,51996
283,2025-06-03,6,34,7,132993
284,2025-06-03,6,35,3,8997
285,2025-06-03,6,36,6,8994
286,2025-06-03,6,37,7,16093
287,2025-06-03,6,38,4,35996
288,2025-06-03,6,39,5,17495
289,2025-06-03,6,40,5,2995
290,2025-06-03,6,41,6,14994
291,2025-06-03,6,42,1,1799
292,2025-06-03,6,43,1,1999
293,2025-06-03,6,44,3,3897
294,2025-06-03,6,45,1,4999
295,2025-06-03,6,46,2,1598
296,2025-06-03,6,47,1,3499
297,2025-06-03,6,48,3,11997
298,2025-06-03,6,49,8,19992
299,2025-06-03,6,50,3,3897
300,2025-06-03,6,51,3,1497
301,2025-06-03,6,52,2,3998
302,2025-06-03,6,53,2,1798
303,2025-06-03,6,54,6,3594
304,2025-06-03,6,55,7,6293
305,2025-06-03,6,56,3,2097
306,2025-06-04,1,1,17,50983
307,2025-06-04,1,3,2,9998
308,2025-06-04,1,4,2,2998
309,2025-06-04,1,5,12,15588
310,2025-06-04,1,6,2,1798
311,2025-06-04,1,7,9,71991
312,2025-06-04,1,8,1,15999
313,2025-06-04,1,9,3,1797
314,2025-06-04,1,11,1,2499
315,2025-06-04,1,12,6,2394
316,2025-06-04,1,14,2,598
317,2025-06-04,1,15,3,14997
318,2025-06-04,1,16,7,5593
319,2025-06-04,1,17,3,11997
320,2025-06-04,1,18,6,10794
321,2025-06-04,1,19,7,132993
322,2025-06-04,1,21,5,12495
323,2025-06-04,1,22,4,21996
324,2025-06-04,1,23,4,19996
325,2025-06-04,1,24,3,10497
326,2025-06-04,1,25,12,59988
327,2025-06-04,1,26,3,59997
328,2025-06-04,1,27,1,1299
329,2025-06-04,1,28,1,1799
330,2025-06-04,1,29,11,27489
331,2025-06-04,1,30,10,39990
332,2025-06-04,1,31,5,9995
333,2025-06-04,1,32,8,71992
334,2025-06-04,1,33,7,90993
335,2025-06-04,1,34,9,170991
336,2025-06-04,1,35,2,5998
337,2025-06-04,1,36,4,5996
338,2025-06-04,1,37,4,9196
339,2025-06-04,1,38,4,35996
340,2025-06-04,1,39,11,38489
341,2025-06-04,1,40,5,2995
342,2025-06-04,1,41,7,17493
343,2025-06-04,1,42,1,1799
344,2025-06-04,1,43,3,5997
345,2025-06-04,1,44,2,2598
346,2025-06-04,1,46,2,1598
347,2025-06-04,1,47,1,3499
348,2025-06-04,1,48,2,7998
349,2025-06-04,1,49,4,9996
350,2025-06-04,1,50,3,3897
351,2025-06-04,1,51,3,1497
352,2025-06-04,1,52,3,5997
353,2025-06-04,1,53,3,2697
354,2025-06-04,1,54,12,7188
355,2025-06-04,1,55,5,4495
356,2025-06-04,1,56,4,2796
357,2025-06-04,2,1,4,11996
358,2025-06-04,2,3,1,4999
359,2025-06-04,2,4,3,4497
360,2025-06-04,2,5,17,22083
361,2025-06-04,2,6,2,1798
362,2025-06-04,2,7,8,63992
363,2025-06-04,2,8,1,15999
364,2025-06-04,2,9,2,1198
365,2025-06-04,2,10,1,299
366,2025-06-04,2,11,1,2499
367,2025-06-04,2,12,2,798
368,2025-06-04,2,14,1,299
369,2025-06-04,2,15,6,29994
370,2025-06-04,2,16,4,3196
371,2025-06-04,2,17,2,7998
372,2025-06-04,2,18,4,7196
373,2025-06-04,2,19,8,151992
374,2025-06-04,2,21,8,19992
375,2025-06-04,2,22,7,38493
376,2025-06-04,2,23,2,9998
377,2025-06-04,2,24,1,3499
378,2025-06-04,2,25,9,44991
379,2025-06-04,2,26,2,39998
380,2025-06-04,2,27,1,1299
381,2025-06-04,2,28,1,1799
382,2025-06-04,2,29,8,19992
383,2025-06-04,2,30,2,7998
384,2025-06-04,2,31,5,9995
385,2025-06-04,2,32,6,53994
386,2025-06-04,2,33,2,25998
387,2025-06-04,2,34,6,113994
388,2025-06-04,2,35,4,11996
389,2025-06-04,2,36,3,4497
390,2025-06-04,2,37,9,20691
391,2025-06-04,2,38,1,8999
392,2025-06-04,2,39,6,20994
393,2025-06-04,2,40,3,1797
394,2025-06-04,2,41,7,17493
395,2025-06-04,2,42,1,1799
396,2025-06-04,2,43,1,1999
397,2025-06-04,2,44,2,2598
398,2025-06-04,2,46,2,1598
399,2025-06-04,2,47,1,3499
400,2025-06-04,2,48,2,7998
401,2025-06-04,2,49,4,9996
402,2025-06-04,2,50,2,2598
403,2025-06-04,2,51,3,1497
404,2025-06-04,2,52,2,3998
405,2025-06-04,2,53,2,1798
406,2025-06-04,2,54,9,5391
407,2025-06-04,2,55,7,6293
408,2025-06-04,2,56,7,4893
409,2025-06-04,3,1,4,11996
410,2025-06-04,3,3,2,9998
411,2025-06-04,3,4,2,2998
412,2025-06-04,3,5,9,11691
413,2025-06-04,3,6,2,1798
414,2025-06-04,3,7,6,47994
415,2025-06-04,3,8,1,15999
416,2025-06-04,3,9,2,1198
417,2025-06-04,3,11,1,2499
418,2025-06-04,3,12,5,1995
419,2025-06-04,3,14,1,299
420,2025-06-04,3,15,5,24995
421,2025-06-04,3,16,4,3196
422,2025-06-04,3,17,2,7998
423,2025-06-04,3,18,4,7196
424,2025-06-04,3,19,4,75996
425,2025-06-04,3,21,5,12495
426,2025-06-04,3,22,6,32994
427,2025-06-04,3,23,1,4999
428,2025-06-04,3,25,4,19996
429,2025-06-04,3,26,2,39998
430,2025-06-04,3,27,1,1299
431,2025-06-04,3,29,7,17493
432,2025-06-04,3,30,4,15996
433,2025-06-04,3,31,5,9995
434,2025-06-04,3,32,7,62993
435,2025-06-04,3,33,3,38997
436,2025-06-04,3,34,5,94995
437,2025-06-04,3,35,2,5998
438,2025-06-04,3,36,5,7495
439,2025-06-04,3,37,7,16093
440,2025-06-04,3,38,5,44995
441,2025-06-04,3,39,5,17495
442,2025-06-04,3,40,4,2396
443,2025-06-04,3,41,8,19992
444,2025-06-04,3,43,1,1999
445,2025-06-04,3,44,1,1299
446,2025-06-04,3,45,1,4999
447,2025-06-04,3,46,1,799
448,2025-06-04,3,47,1,3499
449,2025-06-04,3,48,2,7998
450,2025-06-04,3,49,1,2499
451,2025-06-04,3,50,4,5196
452,2025-06-04,3,51,1,499
453,2025-06-04,3,52,1,1999
454,2025-06-04,3,53,1,899
455,2025-06-04,3,54,4,2396
456,2025-06-04,3,55,4,3596
457,2025-06-04,3,56,3,2097
458,2025-06-04,4,1,6,17994
459,2025-06-04,4,2,1,1999
460,2025-06-04,4,3,4,19996
461,2025-06-04,4,4,3,4497
462,2025-06-04,4,5,16,20784
463,2025-06-04,4,6,2,1798
464,2025-06-04,4,7,8,63992
465,2025-06-04,4,8,1,15999
466,2025-06-04,4,9,4,2396
467,2025-06-04,4,10,1,299
468,2025-06-04,4,11,2,4998
469,2025-06-04,4,12,3,1197
470,2025-06-04,4,14,2,598
471,2025-06-04,4,15,5,24995
472,2025-06-04,4,16,5,3995
473,2025-06-04,4,17,1,3999
474,2025-06-04,4,18,5,8995
475,2025-06-04,4,19,6,113994
476,2025-06-04,4,21,10,24990
477,2025-06-04,4,22,7,38493
478,2025-06-04,4,23,5,24995
479,2025-06-04,4,24,1,3499
480,2025-06-04,4,25,10,49990
481,2025-06-04,4,26,4,79996
482,2025-06-04,4,27,1,1299
483,2025-06-04,4,28,1,1799
484,2025-06-04,4,29,14,34986
485,2025-06-04,4,30,6,23994
486,2025-06-04,4,31,9,17991
487,2025-06-04,4,32,8,71992
488,2025-06-04,4,33,5,64995
489,2025-06-04,4,34,10,189990
490,2025-06-04,4,35,5,14995
491,2025-06-04,4,36,7,10493
492,2025-06-04,4,37,5,11495
493,2025-06-04,4,38,6,53994
494,2025-06-04,4,39,6,20994
495,2025-06-04,4,40,5,2995
496,2025-06-04,4,41,8,19992
497,2025-06-04,4,43,3,5997
498,2025-06-04,4,44,1,1299
499,2025-06-04,4,45,1,4999
500,2025-06-04,4,46,1,799
501,2025-06-04,4,47,1,3499
502,2025-06-04,4,48,5,19995
503,2025-06-04,4,49,4,9996
504,2025-06-04,4,50,6,7794
505,2025-06-04,4,51,4,1996
506,2025-06-04,4,52,2,3998
507,2025-06-04,4,53,3,2697
508,2025-06-04,4,54,11,6589
509,2025-06-04,4,55,7,6293
510,2025-06-04,4,56,4,2796
511,2025-06-04,5,1,1,2999
512,2025-06-04,5,3,2,9998
513,2025-06-04,5,4,1,1499
514,2025-06-04,5,5,6,7794
515,2025-06-04,5,6,1,899
516,2025-06-04,5,7,5,39995
517,2025-06-04,5,8,1,15999
518,2025-06-04,5,9,3,1797
519,2025-06-04,5,11,1,2499
520,2025-06-04,5,12,3,1197
521,2025-06-04,5,14,1,299
522,2025-06-04,5,15,3,14997
523,2025-06-04,5,16,4,3196
524,2025-06-04,5,17,1,3999
525,2025-06-04,5,18,4,7196
526,2025-06-04,5,19,5,94995
527,2025-06-04,5,21,7,17493
528,2025-06-04,5,22,5,27495
529,2025-06-04,5,23,2,9998
530,2025-06-04,5,25,7,34993
531,2025-06-04,5,26,1,19999
532,2025-06-04,5,27,1,1299
533,2025-06-04,5,28,1,1799
534,2025-06-04,5,29,1,2499
535,2025-06-04,5,30,6,23994
536,2025-06-04,5,31,4,7996
537,2025-06-04,5,32,6,53994
538,2025-06-04,5,33,4,51996
539,2025-06-04,5,34,7,132993
540,2025-06-04,5,35,2,5998
541,2025-06-04,5,36,3,4497
542,2025-06-04,5,37,5,11495
543,2025-06-04,5,38,3,26997
544,2025-06-04,5,39,5,17495
545,2025-06-04,5,40,1,599
546,2025-06-04,5,41,6,14994
547,2025-06-04,5,43,2,3998
548,2025-06-04,5,44,1,1299
549,2025-06-04,5,46,1,799
550,2025-06-04,5,48,2,7998
551,2025-06-04,5,49,3,7497
552,2025-06-04,5,50,2,2598
553,2025-06-04,5,51,2,998
554,2025-06-04,5,52,2,3998
555,2025-06-04,5,53,2,1798
556,2025-06-04,5,54,4,2396
557,2025-06-04,5,55,6,5394
558,2025-06-04,5,56,3,2097
559,2025-06-04,6,1,5,14995
560,2025-06-04,6,3,1,4999
561,2025-06-04,6,4,2,2998
562,2025-06-04,6,5,5,6495
563,2025-06-04,6,7,7,55993
564,2025-06-04,6,9,4,2396
565,2025-06-04,6,11,1,2499
566,2025-06-04,6,12,6,2394
567,2025-06-04,6,14,1,299
568,2025-06-04,6,15,9,44991
569,2025-06-04,6,16,3,2397
570,2025-06-04,6,17,3,11997
571,2025-06-04,6,18,3,5397
572,2025-06-04,6,19,5,94995
573,2025-06-04,6,21,10,24990
574,2025-06-04,6,22,5,27495
575,2025-06-04,6,23,3,14997
576,2025-06-04,6,24,2,6998
577,2025-06-04,6,25,5,24995
578,2025-06-04,6,26,3,59997
579,2025-06-04,6,28,1,1799
580,2025-06-04,6,29,9,22491
581,2025-06-04,6,30,4,15996
582,2025-06-04,6,31,8,15992
583,2025-06-04,6,32,9,80991
584,2025-06-04,6,33,5,64995
585,2025-06-04,6,34,7,132993
586,2025-06-04,6,35,1,2999
587,2025-06-04,6,36,1,1499
588,2025-06-04,6,37,8,18392
589,2025-06-04,6,38,6,53994
590,2025-06-04,6,39,6,20994
591,2025-06-04,6,40,2,1198
592,2025-06-04,6,41,5,12495
593,2025-06-04,6,42,1,1799
594,2025-06-04,6,43,2,3998
595,2025-06-04,6,44,3,3897
596,2025-06-04,6,45,1,4999
597,2025-06-04,6,46,1,799
598,2025-06-04,6,47,1,3499
599,2025-06-04,6,48,1,3999
600,2025-06-04,6,49,11,27489
601,2025-06-04,6,50,3,3897
602,2025-06-04,6,51,3,1497
603,2025-06-04,6,52,2,3998
604,2025-06-04,6,53,1,899
605,2025-06-04,6,54,11,6589
606,2025-06-04,6,55,1,899
607,2025-06-04,6,56,7,4893
608,2025-06-05,1,1,14,41986
609,2025-06-05,1,3,3,14997
610,2025-06-05,1,4,2,2998
611,2025-06-05,1,5,11,14289
612,2025-06-05,1,6,2,1798
613,2025-06-05,1,7,7,55993
614,2025-06-05,1,8,1,15999
615,2025-06-05,1,9,3,1797
616,2025-06-05,1,11,2,4998
617,2025-06-05,1,12,3,1197
618,2025-06-05,1,14,2,598
619,2025-06-05,1,15,7,34993
620,2025-06-05,1,16,6,4794
621,2025-06-05,1,17,1,3999
622,2025-06-05,1,18,5,8995
623,2025-06-05,1,19,8,151992
624,2025-06-05,1,21,5,12495
625,2025-06-05,1,22,3,16497
626,2025-06-05,1,23,3,14997
627,2025-06-05,1,24,2,6998
628,2025-06-05,1,25,9,44991
629,2025-06-05,1,26,5,99995
630,2025-06-05,1,27,1,1299
631,2025-06-05,1,28,1,1799
632,2025-06-05,1,29,8,19992
633,2025-06-05,1,30,5,19995
634,2025-06-05,1,31,14,27986
635,2025-06-05,1,32,12,107988
636,2025-06-05,1,33,5,64995
637,2025-06-05,1,34,7,132993
638,2025-06-05,1,35,2,5998
639,2025-06-05,1,36,4,5996
640,2025-06-05,1,37,9,20691
641,2025-06-05,1,38,3,26997
642,2025-06-05,1,39,7,24493
643,2025-06-05,1,40,8,4792
644,2025-06-05,1,41,8,19992
645,2025-06-05,1,42,1,1799
646,2025-06-05,1,43,1,1999
647,2025-06-05,1,44,2,2598
648,2025-06-05,1,45,1,4999
649,2025-06-05,1,46,2,1598
650,2025-06-05,1,48,4,15996
651,2025-06-05,1,49,6,14994
652,2025-06-05,1,50,5,6495
653,2025-06-05,1,51,5,2495
654,2025-06-05,1,52,1,1999
655,2025-06-05,1,53,4,3596
656,2025-06-05,1,54,11,6589
657,2025-06-05,1,55,7,6293
658,2025-06-05,1,56,5,3495
659,2025-06-05,2,1,4,11996
660,2025-06-05,2,3,2,9998
661,2025-06-05,2,4,1,1499
662,2025-06-05,2,5,5,6495
663,2025-06-05,2,6,1,899
664,2025-06-05,2,7,5,39995
665,2025-06-05,2,8,1,15999
666,2025-06-05,2,9,3,1797
667,2025-06-05,2,11,1,2499
668,2025-06-05,2,12,3,1197
669,2025-06-05,2,14,1,299
670,2025-06-05,2,15,5,24995
671,2025-06-05,2,16,3,2397
672,2025-06-05,2,17,2,7998
673,2025-06-05,2,18,6,10794
674,2025-06-05,2,19,5,94995
675,2025-06-05,2,21,4,9996
676,2025-06-05,2,22,5,27495
677,2025-06-05,2,23,2,9998
678,2025-06-05,2,24,2,6998
679,2025-06-05,2,25,4,19996
680,2025-06-05,2,26,3,59997
681,2025-06-05,2,27,1,1299
682,2025-06-05,2,28,1,1799
683,2025-06-05,2,29,8,19992
684,2025-06-05,2,30,3,11997
685,2025-06-05,2,31,6,11994
686,2025-06-05,2,32,7,62993
687,2025-06-05,2,33,5,64995
688,2025-06-05,2,34,8,151992
689,2025-06-05,2,35,2,5998
690,2025-06-05,2,36,4,5996
691,2025-06-05,2,37,1,2299
692,2025-06-05,2,38,5,44995
693,2025-06-05,2,39,7,24493
694,2025-06-05,2,40,4,2396
695,2025-06-05,2,41,4,9996
696,2025-06-05,2,42,1,1799
697,2025-06-05,2,43,2,3998
698,2025-06-05,2,44,2,2598
699,2025-06-05,2,45,1,4999
700,2025-06-05,2,46,3,2397
701,2025-06-05,2,47,1,3499
702,2025-06-05,2,48,1,3999
703,2025-06-05,2,49,5,12495
704,2025-06-05,2,50,3,3897
705,2025-06-05,2,51,2,998
706,2025-06-05,2,52,1,1999
707,2025-06-05,2,53,2,1798
708,2025-06-05,2,54,11,6589
709,2025-06-05,2,55,5,4495
710,2025-06-05,2,56,4,2796
711,2025-06-05,3,1,8,23992
712,2025-06-05,3,3,1,4999
713,2025-06-05,3,4,1,1499
714,2025-06-05,3,5,10,12990
715,2025-06-05,3,6,1,899
716,2025-06-05,3,7,7,55993
717,2025-06-05,3,8,1,15999
718,2025-06-05,3,9,4,2396
719,2025-06-05,3,11,2,4998
720,2025-06-05,3,12,4,1596
721,2025-06-05,3,14,2,598
722,2025-06-05,3,15,7,34993
723,2025-06-05,3,16,3,2397
724,2025-06-05,3,17,1,3999
725,2025-06-05,3,18,2,3598
726,2025-06-05,3,19,5,94995
727,2025-06-05,3,21,3,7497
728,2025-06-05,3,22,6,32994
729,2025-06-05,3,23,2,9998
730,2025-06-05,3,24,1,3499
731,2025-06-05,3,25,4,19996
732,2025-06-05,3,26,3,59997
733,2025-06-05,3,27,1,1299
734,2025-06-05,3,28,1,1799
735,2025-06-05,3,29,8,19992
736,2025-06-05,3,30,3,11997
737,2025-06-05,3,31,4,7996
738,2025-06-05,3,32,9,80991
739,2025-06-05,3,33,3,38997
740,2025-06-05,3,34,8,151992
741,2025-06-05,3,35,3,8997
742,2025-06-05,3,36,6,8994
743,2025-06-05,3,37,5,11495
744,2025-06-05,3,38,5,44995
745,2025-06-05,3,39,1,3499
746,2025-06-05,3,40,4,2396
747,2025-06-05,3,41,6,14994
748,2025-06-05,3,43,1,1999
749,2025-06-05,3,44,1,1299
750,2025-06-05,3,46,1,799
751,2025-06-05,3,48,2,7998
752,2025-06-05,3,49,5,12495
753,2025-06-05,3,50,3,3897
754,2025-06-05,3,51,4,1996
755,2025-06-05,3,52,2,3998
756,2025-06-05,3,53,2,1798
757,2025-06-05,3,54,5,2995
758,2025-06-05,3,55,4,3596
759,2025-06-05,3,56,4,2796
760,2025-06-05,4,1,9,26991
761,2025-06-05,4,2,1,1999
762,2025-06-05,4,3,4,19996
763,2025-06-05,4,4,2,2998
764,2025-06-05,4,5,12,15588
765,2025-06-05,4,6,2,1798
766,2025-06-05,4,7,8,63992
767,2025-06-05,4,9,3,1797
768,2025-06-05,4,10,1,299
769,2025-06-05,4,11,2,4998
770,2025-06-05,4,12,7,2793
771,2025-06-05,4,13,1,499
772,2025-06-05,4,14,2,598
773,2025-06-05,4,15,9,44991
774,2025-06-05,4,16,6,4794
775,2025-06-05,4,18,4,7196
776,2025-06-05,4,19,5,94995
777,2025-06-05,4,21,8,19992
778,2025-06-05,4,22,4,21996
779,2025-06-05,4,23,3,14997
780,2025-06-05,4,24,1,3499
781,2025-06-05,4,25,12,59988
782,2025-06-05,4,27,1,1299
783,2025-06-05,4,28,1,1799
784,2025-06-05,4,29,11,27489
785,2025-06-05,4,30,9,35991
786,2025-06-05,4,31,6,11994
787,2025-06-05,4,32,14,125986
788,2025-06-05,4,33,7,90993
789,2025-06-05,4,34,8,151992
790,2025-06-05,4,35,3,8997
791,2025-06-05,4,36,6,8994
792,2025-06-05,4,37,10,22990
793,2025-06-05,4,38,10,89990
794,2025-06-05,4,39,9,31491
795,2025-06-05,4,40,6,3594
796,2025-06-05,4,41,8,19992
797,2025-06-05,4,42,1,1799
798,2025-06-05,4,43,1,1999
799,2025-06-05,4,44,3,3897
800,2025-06-05,4,45,2,9998
801,2025-06-05,4,46,2,1598
802,2025-06-05,4,47,1,3499
803,2025-06-05,4,48,4,15996
804,2025-06-05,4,49,7,17493
805,2025-06-05,4,50,3,3897
806,2025-06-05,4,51,2,998
807,2025-06-05,4,52,2,3998
808,2025-06-05,4,53,2,1798
809,2025-06-05,4,54,10,5990
810,2025-06-05,4,55,9,8091
811,2025-06-05,4,56,7,4893
812,2025-06-05,5,1,6,17994
813,2025-06-05,5,3,2,9998
814,2025-06-05,5,4,1,1499
815,2025-06-05,5,5,10,12990
816,2025-06-05,5,6,1,899
817,2025-06-05,5,7,6,47994
818,2025-06-05,5,8,1,15999
819,2025-06-05,5,9,3,1797
820,2025-06-05,5,11,1,2499
821,2025-06-05,5,12,3,1197
822,2025-06-05,5,15,5,24995
823,2025-06-05,5,16,3,2397
824,2025-06-05,5,17,2,7998
825,2025-06-05,5,18,4,7196
826,2025-06-05,5,19,7,132993
827,2025-06-05,5,21,4,9996
828,2025-06-05,5,22,4,21996
829,2025-06-05,5,23,2,9998
830,2025-06-05,5,24,1,3499
831,2025-06-05,5,25,7,34993
832,2025-06-05,5,26,3,59997
833,2025-06-05,5,27,1,1299
834,2025-06-05,5,29,4,9996
835,2025-06-05,5,30,4,15996
836,2025-06-05,5,31,6,11994
837,2025-06-05,5,32,6,53994
838,2025-06-05,5,33,2,25998
839,2025-06-05,5,34,4,75996
840,2025-06-05,5,35,4,11996
841,2025-06-05,5,36,4,5996
842,2025-06-05,5,37,5,11495
843,2025-06-05,5,38,4,35996
844,2025-06-05,5,39,8,27992
845,2025-06-05,5,40,4,2396
846,2025-06-05,5,41,5,12495
847,2025-06-05,5,43,2,3998
848,2025-06-05,5,44,2,2598
849,2025-06-05,5,47,1,3499
850,2025-06-05,5,48,1,3999
851,2025-06-05,5,49,4,9996
852,2025-06-05,5,50,2,2598
853,2025-06-05,5,51,2,998
854,2025-06-05,5,52,2,3998
855,2025-06-05,5,53,2,1798
856,2025-06-05,5,54,8,4792
857,2025-06-05,5,55,3,2697
858,2025-06-05,5,56,3,2097
859,2025-06-05,6,1,6,17994
860,2025-06-05,6,3,3,14997
861,2025-06-05,6,4,2,2998
862,2025-06-05,6,5,9,11691
863,2025-06-05,6,6,2,1798
864,2025-06-05,6,7,2,15998
865,2025-06-05,6,8,1,15999
866,2025-06-05,6,9,5,2995
867,2025-06-05,6,11,1,2499
868,2025-06-05,6,12,6,2394
869,2025-06-05,6,14,1,299
870,2025-06-05,6,15,6,29994
871,2025-06-05,6,16,4,3196
872,2025-06-05,6,17,2,7998
873,2025-06-05,6,18,4,7196
874,2025-06-05,6,19,7,132993
875,2025-06-05,6,21,6,14994
876,2025-06-05,6,22,6,32994
877,2025-06-05,6,23,2,9998
878,2025-06-05,6,24,2,6998
879,2025-06-05,6,25,11,54989
880,2025-06-05,6,26,2,39998
881,2025-06-05,6,27,2,2598
882,2025-06-05,6,28,1,1799
883,2025-06-05,6,29,11,27489
884,2025-06-05,6,30,4,15996
885,2025-06-05,6,31,5,9995
886,2025-06-05,6,32,5,44995
887,2025-06-05,6,33,3,38997
888,2025-06-05,6,34,10,189990
889,2025-06-05,6,35,4,11996
890,2025-06-05,6,36,6,8994
891,2025-06-05,6,37,4,9196
892,2025-06-05,6,38,4,35996
893,2025-06-05,6,39,8,27992
894,2025-06-05,6,40,5,2995
895,2025-06-05,6,41,4,9996
896,2025-06-05,6,42,1,1799
897,2025-06-05,6,43,3,5997
898,2025-06-05,6,44,4,5196
899,2025-06-05,6,45,1,4999
900,2025-06-05,6,46,2,1598
901,2025-06-05,6,47,1,3499
902,2025-06-05,6,48,1,3999
903,2025-06-05,6,49,8,19992
904,2025-06-05,6,50,3,3897
905,2025-06-05,6,51,2,998
906,2025-06-05,6,52,3,5997
907,2025-06-05,6,53,3,2697
908,2025-06-05,6,54,6,3594
909,2025-06-05,6,55,4,3596
910,2025-06-05,6,56,7,4893
911,2025-06-06,1,1,17,50983
912,2025-06-06,1,3,3,14997
913,2025-06-06,1,4,1,1499
914,2025-06-06,1,5,6,7794
915,2025-06-06,1,6,2,1798
916,2025-06-06,1,7,7,55993
917,2025-06-06,1,8,1,15999
918,2025-06-06,1,9,3,1797
919,2025-06-06,1,11,3,7497
920,2025-06-06,1,12,3,1197
921,2025-06-06,1,14,2,598
922,2025-06-06,1,15,3,14997
923,2025-06-06,1,16,4,3196
924,2025-06-06,1,17,1,3999
925,2025-06-06,1,18,4,7196
926,2025-06-06,1,19,8,151992
927,2025-06-06,1,21,9,22491
928,2025-06-06,1,22,8,43992
929,2025-06-06,1,23,4,19996
930,2025-06-06,1,24,1,3499
931,2025-06-06,1,25,10,49990
932,2025-06-06,1,26,4,79996
933,2025-06-06,1,27,2,2598
934,2025-06-06,1,28,1,1799
935,2025-06-06,1,29,10,24990
936,2025-06-06,1,30,7,27993
937,2025-06-06,1,31,12,23988
938,2025-06-06,1,32,7,62993
939,2025-06-06,1,33,4,51996
940,2025-06-06,1,34,7,132993
941,2025-06-06,1,35,5,14995
942,2025-06-06,1,36,5,7495
943,2025-06-06,1,37,7,16093
944,2025-06-06,1,38,6,53994
945,2025-06-06,1,39,8,27992
946,2025-06-06,1,40,4,2396
947,2025-06-06,1,41,5,12495
948,2025-06-06,1,43,2,3998
949,2025-06-06,1,44,2,2598
950,2025-06-06,1,45,1,4999
951,2025-06-06,1,46,2,1598
952,2025-06-06,1,47,1,3499
953,2025-06-06,1,48,2,7998
954,2025-06-06,1,49,7,17493
955,2025-06-06,1,50,4,5196
956,2025-06-06,1,51,5,2495
957,2025-06-06,1,52,3,5997
958,2025-06-06,1,53,2,1798
959,2025-06-06,1,54,7,4193
960,2025-06-06,1,55,10,8990
961,2025-06-06,1,56,8,5592
962,2025-06-06,2,1,3,8997
963,2025-06-06,2,3,1,4999
964,2025-06-06,2,5,10,12990
965,2025-06-06,2,6,1,899
966,2025-06-06,2,7,7,55993
967,2025-06-06,2,8,1,15999
968,2025-06-06,2,9,3,1797
969,2025-06-06,2,11,2,4998
970,2025-06-06,2,12,3,1197
971,2025-06-06,2,13,1,499
972,2025-06-06,2,14,2,598
973,2025-06-06,2,15,1,4999
974,2025-06-06,2,16,5,3995
975,2025-06-06,2,17,1,3999
976,2025-06-06,2,18,3,5397
977,2025-06-06,2,19,9,170991
978,2025-06-06,2,21,6,14994
979,2025-06-06,2,22,7,38493
980,2025-06-06,2,23,3,14997
981,2025-06-06,2,24,1,3499
982,2025-06-06,2,25,12,59988
983,2025-06-06,2,26,1,19999
984,2025-06-06,2,27,1,1299
985,2025-06-06,2,28,1,1799
986,2025-06-06,2,29,9,22491
987,2025-06-06,2,30,7,27993
988,2025-06-06,2,31,6,11994
989,2025-06-06,2,32,6,53994
990,2025-06-06,2,33,4,51996
991,2025-06-06,2,34,8,151992
992,2025-06-06,2,35,3,8997
993,2025-06-06,2,36,3,4497
994,2025-06-06,2,37,4,9196
995,2025-06-06,2,38,8,71992
996,2025-06-06,2,39,3,10497
997,2025-06-06,2,40,4,2396
998,2025-06-06,2,41,4,9996
999,2025-06-06,2,43,1,1999
1000,2025-06-06,2,46,3,2397
1001,2025-06-06,2,47,1,3499
1002,2025-06-06,2,48,2,7998
1003,2025-06-06,2,49,4,9996
1004,2025-06-06,2,50,2,2598
1005,2025-06-06,2,51,4,1996
1006,2025-06-06,2,52,1,1999
1007,2025-06-06,2,53,3,2697
1008,2025-06-06,2,54,8,4792
1009,2025-06-06,2,55,2,1798
1010,2025-06-06,2,56,4,2796
1011,2025-06-06,3,1,2,5998
1012,2025-06-06,3,3,3,14997
1013,2025-06-06,3,4,1,1499
1014,2025-06-06,3,5,4,5196
1015,2025-06-06,3,7,7,55993
1016,2025-06-06,3,8,1,15999
1017,2025-06-06,3,9,2,1198
1018,2025-06-06,3,11,2,4998
1019,2025-06-06,3,12,2,798
1020,2025-06-06,3,15,4,19996
1021,2025-06-06,3,16,3,2397
1022,2025-06-06,3,17,2,7998
1023,2025-06-06,3,18,5,8995
1024,2025-06-06,3,19,4,75996
1025,2025-06-06,3,21,7,17493
1026,2025-06-06,3,22,5,27495
1027,2025-06-06,3,23,2,9998
1028,2025-06-06,3,24,1,3499
1029,2025-06-06,3,25,6,29994
1030,2025-06-06,3,26,2,39998
1031,2025-06-06,3,27,1,1299
1032,2025-06-06,3,29,7,17493
1033,2025-06-06,3,30,5,19995
1034,2025-06-06,3,31,7,13993
1035,2025-06-06,3,32,6,53994
1036,2025-06-06,3,33,3,38997
1037,2025-06-06,3,34,4,75996
1038,2025-06-06,3,35,1,2999
1039,2025-06-06,3,36,3,4497
1040,2025-06-06,3,37,5,11495
1041,2025-06-06,3,38,5,44995
1042,2025-06-06,3,39,6,20994
1043,2025-06-06,3,40,2,1198
1044,2025-06-06,3,41,5,12495
1045,2025-06-06,3,43,1,1999
1046,2025-06-06,3,44,1,1299
1047,2025-06-06,3,46,2,1598
1048,2025-06-06,3,48,3,11997
1049,2025-06-06,3,49,3,7497
1050,2025-06-06,3,50,3,3897
1051,2025-06-06,3,51,1,499
1052,2025-06-06,3,52,2,3998
1053,2025-06-06,3,53,2,1798
1054,2025-06-06,3,54,7,4193
1055,2025-06-06,3,55,4,3596
1056,2025-06-06,3,56,6,4194
1057,2025-06-06,4,1,5,14995
1058,2025-06-06,4,3,5,24995
1059,2025-06-06,4,4,2,2998
1060,2025-06-06,4,5,11,14289
1061,2025-06-06,4,6,2,1798
1062,2025-06-06,4,7,12,95988
1063,2025-06-06,4,8,1,15999
1064,2025-06-06,4,9,4,2396
1065,2025-06-06,4,11,2,4998
1066,2025-06-06,4,12,6,2394
1067,2025-06-06,4,13,1,499
1068,2025-06-06,4,14,2,598
1069,2025-06-06,4,15,6,29994
1070,2025-06-06,4,16,3,2397
1071,2025-06-06,4,17,2,7998
1072,2025-06-06,4,18,5,8995
1073,2025-06-06,4,19,6,113994
1074,2025-06-06,4,21,8,19992
1075,2025-06-06,4,22,4,21996
1076,2025-06-06,4,23,1,4999
1077,2025-06-06,4,24,2,6998
1078,2025-06-06,4,25,11,54989
1079,2025-06-06,4,26,4,79996
1080,2025-06-06,4,27,1,1299
1081,2025-06-06,4,28,1,1799
1082,2025-06-06,4,29,9,22491
1083,2025-06-06,4,30,8,31992
1084,2025-06-06,4,31,10,19990
1085,2025-06-06,4,32,4,35996
1086,2025-06-06,4,33,7,90993
1087,2025-06-06,4,34,9,170991
1088,2025-06-06,4,35,1,2999
1089,2025-06-06,4,36,6,8994
1090,2025-06-06,4,37,8,18392
1091,2025-06-06,4,38,8,71992
1092,2025-06-06,4,39,7,24493
1093,2025-06-06,4,40,6,3594
1094,2025-06-06,4,41,3,7497
1095,2025-06-06,4,42,1,1799
1096,2025-06-06,4,43,3,5997
1097,2025-06-06,4,44,2,2598
1098,2025-06-06,4,45,1,4999
1099,2025-06-06,4,46,2,1598
1100,2025-06-06,4,47,2,6998
1101,2025-06-06,4,48,3,11997
1102,2025-06-06,4,49,4,9996
1103,2025-06-06,4,50,6,7794
1104,2025-06-06,4,51,4,1996
1105,2025-06-06,4,52,3,5997
1106,2025-06-06,4,53,3,2697
1107,2025-06-06,4,54,8,4792
1108,2025-06-06,4,55,8,7192
1109,2025-06-06,4,56,11,7689
1110,2025-06-06,5,1,4,11996
1111,2025-06-06,5,3,1,4999
1112,2025-06-06,5,4,2,2998
1113,2025-06-06,5,5,10,12990
1114,2025-06-06,5,7,5,39995
1115,2025-06-06,5,8,1,15999
1116,2025-06-06,5,9,5,2995
1117,2025-06-06,5,11,2,4998
1118,2025-06-06,5,12,4,1596
1119,2025-06-06,5,14,1,299
1120,2025-06-06,5,15,7,34993
1121,2025-06-06,5,16,2,1598
1122,2025-06-06,5,17,2,7998
1123,2025-06-06,5,18,1,1799
1124,2025-06-06,5,19,6,113994
1125,2025-06-06,5,21,5,12495
1126,2025-06-06,5,22,3,16497
1127,2025-06-06,5,23,3,14997
1128,2025-06-06,5,24,1,3499
1129,2025-06-06,5,25,8,39992
1130,2025-06-06,5,26,3,59997
1131,2025-06-06,5,29,6,14994
1132,2025-06-06,5,30,4,15996
1133,2025-06-06,5,31,3,5997
1134,2025-06-06,5,32,4,35996
1135,2025-06-06,5,33,4,51996
1136,2025-06-06,5,34,4,75996
1137,2025-06-06,5,35,3,8997
1138,2025-06-06,5,36,3,4497
1139,2025-06-06,5,37,3,6897
1140,2025-06-06,5,38,3,26997
1141,2025-06-06,5,39,5,17495
1142,2025-06-06,5,40,3,1797
1143,2025-06-06,5,41,4,9996
1144,2025-06-06,5,44,1,1299
1145,2025-06-06,5,45,1,4999
1146,2025-06-06,5,46,2,1598
1147,2025-06-06,5,47,1,3499
1148,2025-06-06,5,48,1,3999
1149,2025-06-06,5,49,4,9996
1150,2025-06-06,5,50,3,3897
1151,2025-06-06,5,51,3,1497
1152,2025-06-06,5,52,1,1999
1153,2025-06-06,5,53,2,1798
1154,2025-06-06,5,54,6,3594
1155,2025-06-06,5,55,5,4495
1156,2025-06-06,5,56,4,2796
1157,2025-06-06,6,1,7,20993
1158,2025-06-06,6,3,2,9998
1159,2025-06-06,6,4,2,2998
1160,2025-06-06,6,5,12,15588
1161,2025-06-06,6,6,2,1798
1162,2025-06-06,6,7,9,71991
1163,2025-06-06,6,8,1,15999
1164,2025-06-06,6,9,5,2995
1165,2025-06-06,6,11,2,4998
1166,2025-06-06,6,12,3,1197
1167,2025-06-06,6,13,1,499
1168,2025-06-06,6,14,3,897
1169,2025-06-06,6,15,6,29994
1170,2025-06-06,6,16,5,3995
1171,2025-06-06,6,17,3,11997
1172,2025-06-06,6,18,4,7196
1173,2025-06-06,6,19,8,151992
1174,2025-06-06,6,21,8,19992
1175,2025-06-06,6,22,6,32994
1176,2025-06-06,6,23,2,9998
1177,2025-06-06,6,24,1,3499
1178,2025-06-06,6,25,4,19996
1179,2025-06-06,6,26,1,19999
1180,2025-06-06,6,27,1,1299
1181,2025-06-06,6,28,1,1799
1182,2025-06-06,6,29,6,14994
1183,2025-06-06,6,30,6,23994
1184,2025-06-06,6,31,6,11994
1185,2025-06-06,6,32,3,26997
1186,2025-06-06,6,33,3,38997
1187,2025-06-06,6,34,11,208989
1188,2025-06-06,6,35,3,8997
1189,2025-06-06,6,36,5,7495
1190,2025-06-06,6,37,9,20691
1191,2025-06-06,6,38,6,53994
1192,2025-06-06,6,39,7,24493
1193,2025-06-06,6,40,5,2995
1194,2025-06-06,6,41,6,14994
1195,2025-06-06,6,42,1,1799
1196,2025-06-06,6,43,2,3998
1197,2025-06-06,6,44,3,3897
1198,2025-06-06,6,46,2,1598
1199,2025-06-06,6,47,1,3499
1200,2025-06-06,6,48,2,7998
1201,2025-06-06,6,49,8,19992
1202,2025-06-06,6,50,5,6495
1203,2025-06-06,6,51,2,998
1204,2025-06-06,6,52,2,3998
1205,2025-06-06,6,53,2,1798
1206,2025-06-06,6,54,5,2995
1207,2025-06-06,6,55,3,2697
1208,2025-06-06,6,56,7,4893
1209,2025-06-07,1,1,20,59980
1210,2025-06-07,1,3,4,19996
1211,2025-06-07,1,4,4,5996
1212,2025-06-07,1,5,17,22083
1213,2025-06-07,1,6,2,1798
1214,2025-06-07,1,7,16,127984
1215,2025-06-07,1,8,1,15999
1216,2025-06-07,1,9,8,4792
1217,2025-06-07,1,11,3,7497
1218,2025-06-07,1,12,7,2793
1219,2025-06-07,1,14,2,598
1220,2025-06-07,1,15,6,29994
1221,2025-06-07,1,16,5,3995
1222,2025-06-07,1,17,5,19995
1223,2025-06-07,1,18,7,12593
1224,2025-06-07,1,19,8,151992
1225,2025-06-07,1,21,5,12495
1226,2025-06-07,1,22,6,32994
1227,2025-06-07,1,23,5,24995
1228,2025-06-07,1,24,2,6998
1229,2025-06-07,1,25,8,39992
1230,2025-06-07,1,26,6,119994
1231,2025-06-07,1,27,2,2598
1232,2025-06-07,1,28,2,3598
1233,2025-06-07,1,29,13,32487
1234,2025-06-07,1,30,8,31992
1235,2025-06-07,1,31,8,15992
1236,2025-06-07,1,32,7,62993
1237,2025-06-07,1,33,9,116991
1238,2025-06-07,1,34,10,189990
1239,2025-06-07,1,35,2,5998
1240,2025-06-07,1,36,7,10493
1241,2025-06-07,1,37,12,27588
1242,2025-06-07,1,38,4,35996
1243,2025-06-07,1,39,5,17495
1244,2025-06-07,1,40,10,5990
1245,2025-06-07,1,41,9,22491
1246,2025-06-07,1,43,1,1999
1247,2025-06-07,1,44,5,6495
1248,2025-06-07,1,45,2,9998
1249,2025-06-07,1,46,5,3995
1250,2025-06-07,1,47,1,3499
1251,2025-06-07,1,48,5,19995
1252,2025-06-07,1,49,10,24990
1253,2025-06-07,1,50,2,2598
1254,2025-06-07,1,51,6,2994
1255,2025-06-07,1,52,4,7996
1256,2025-06-07,1,53,3,2697
1257,2025-06-07,1,54,5,2995
1258,2025-06-07,1,55,7,6293
1259,2025-06-07,1,56,5,3495
1260,2025-06-07,2,1,8,23992
1261,2025-06-07,2,2,1,1999
1262,2025-06-07,2,3,2,9998
1263,2025-06-07,2,4,2,2998
1264,2025-06-07,2,5,10,12990
1265,2025-06-07,2,6,2,1798
1266,2025-06-07,2,7,8,63992
1267,2025-06-07,2,8,1,15999
1268,2025-06-07,2,9,4,2396
1269,2025-06-07,2,10,1,299
1270,2025-06-07,2,11,3,7497
1271,2025-06-07,2,12,7,2793
1272,2025-06-07,2,14,2,598
1273,2025-06-07,2,15,8,39992
1274,2025-06-07,2,16,6,4794
1275,2025-06-07,2,17,1,3999
1276,2025-06-07,2,18,7,12593
1277,2025-06-07,2,19,8,151992
1278,2025-06-07,2,21,7,17493
1279,2025-06-07,2,22,7,38493
1280,2025-06-07,2,23,1,4999
1281,2025-06-07,2,24,2,6998
1282,2025-06-07,2,25,14,69986
1283,2025-06-07,2,26,4,79996
1284,2025-06-07,2,27,2,2598
1285,2025-06-07,2,28,1,1799
1286,2025-06-07,2,29,11,27489
1287,2025-06-07,2,30,11,43989
1288,2025-06-07,2,31,13,25987
1289,2025-06-07,2,32,8,71992
1290,2025-06-07,2,33,4,51996
1291,2025-06-07,2,34,14,265986
1292,2025-06-07,2,35,3,8997
1293,2025-06-07,2,36,8,11992
1294,2025-06-07,2,37,8,18392
1295,2025-06-07,2,38,8,71992
1296,2025-06-07,2,39,12,41988
1297,2025-06-07,2,40,2,1198
1298,2025-06-07,2,41,9,22491
1299,2025-06-07,2,43,3,5997
1300,2025-06-07,2,44,4,5196
1301,2025-06-07,2,45,1,4999
1302,2025-06-07,2,46,2,1598
1303,2025-06-07,2,47,1,3499
1304,2025-06-07,2,48,2,7998
1305,2025-06-07,2,49,4,9996
1306,2025-06-07,2,50,5,6495
1307,2025-06-07,2,51,2,998
1308,2025-06-07,2,52,2,3998
1309,2025-06-07,2,53,3,2697
1310,2025-06-07,2,54,10,5990
1311,2025-06-07,2,55,6,5394
1312,2025-06-07,2,56,6,4194
1313,2025-06-07,3,1,6,17994
1314,2025-06-07,3,3,2,9998
1315,2025-06-07,3,4,2,2998
1316,2025-06-07,3,5,6,7794
1317,2025-06-07,3,6,1,899
1318,2025-06-07,3,7,7,55993
1319,2025-06-07,3,9,3,1797
1320,2025-06-07,3,11,2,4998
1321,2025-06-07,3,12,3,1197
1322,2025-06-07,3,14,2,598
1323,2025-06-07,3,15,6,29994
1324,2025-06-07,3,16,4,3196
1325,2025-06-07,3,17,2,7998
1326,2025-06-07,3,18,5,8995
1327,2025-06-07,3,19,6,113994
1328,2025-06-07,3,21,4,9996
1329,2025-06-07,3,22,7,38493
1330,2025-06-07,3,23,4,19996
1331,2025-06-07,3,24,2,6998
1332,2025-06-07,3,25,9,44991
1333,2025-06-07,3,26,4,79996
1334,2025-06-07,3,27,1,1299
1335,2025-06-07,3,28,1,1799
1336,2025-06-07,3,29,7,17493
1337,2025-06-07,3,30,5,19995
1338,2025-06-07,3,31,9,17991
1339,2025-06-07,3,32,6,53994
1340,2025-06-07,3,33,4,51996
1341,2025-06-07,3,34,12,227988
1342,2025-06-07,3,35,4,11996
1343,2025-06-07,3,36,7,10493
1344,2025-06-07,3,37,4,9196
1345,2025-06-07,3,38,6,53994
1346,2025-06-07,3,39,6,20994
1347,2025-06-07,3,40,9,5391
1348,2025-06-07,3,41,5,12495
1349,2025-06-07,3,43,3,5997
1350,2025-06-07,3,44,1,1299
1351,2025-06-07,3,45,1,4999
1352,2025-06-07,3,47,1,3499
1353,2025-06-07,3,48,3,11997
1354,2025-06-07,3,49,7,17493
1355,2025-06-07,3,50,3,3897
1356,2025-06-07,3,51,3,1497
1357,2025-06-07,3,52,2,3998
1358,2025-06-07,3,53,2,1798
1359,2025-06-07,3,54,7,4193
1360,2025-06-07,3,55,7,6293
1361,2025-06-07,3,56,5,3495
1362,2025-06-07,4,1,8,23992
1363,2025-06-07,4,2,1,1999
1364,2025-06-07,4,3,3,14997
1365,2025-06-07,4,4,3,4497
1366,2025-06-07,4,5,6,7794
1367,2025-06-07,4,6,2,1798
1368,2025-06-07,4,7,9,71991
1369,2025-06-07,4,9,7,4193
1370,2025-06-07,4,10,2,598
1371,2025-06-07,4,11,2,4998
1372,2025-06-07,4,12,5,1995
1373,2025-06-07,4,13,1,499
1374,2025-06-07,4,14,2,598
1375,2025-06-07,4,15,4,19996
1376,2025-06-07,4,16,6,4794
1377,2025-06-07,4,17,2,7998
1378,2025-06-07,4,18,9,16191
1379,2025-06-07,4,19,7,132993
1380,2025-06-07,4,21,10,24990
1381,2025-06-07,4,22,4,21996
1382,2025-06-07,4,23,5,24995
1383,2025-06-07,4,24,2,6998
1384,2025-06-07,4,25,17,84983
1385,2025-06-07,4,26,6,119994
1386,2025-06-07,4,27,2,2598
1387,2025-06-07,4,28,2,3598
1388,2025-06-07,4,29,20,49980
1389,2025-06-07,4,30,8,31992
1390,2025-06-07,4,31,10,19990
1391,2025-06-07,4,32,11,98989
1392,2025-06-07,4,33,10,129990
1393,2025-06-07,4,34,8,151992
1394,2025-06-07,4,35,6,17994
1395,2025-06-07,4,36,3,4497
1396,2025-06-07,4,37,9,20691
1397,2025-06-07,4,38,7,62993
1398,2025-06-07,4,39,10,34990
1399,2025-06-07,4,40,7,4193
1400,2025-06-07,4,41,18,44982
1401,2025-06-07,4,42,2,3598
1402,2025-06-07,4,43,2,3998
1403,2025-06-07,4,44,7,9093
1404,2025-06-07,4,45,1,4999
1405,2025-06-07,4,46,4,3196
1406,2025-06-07,4,47,2,6998
1407,2025-06-07,4,48,2,7998
1408,2025-06-07,4,49,7,17493
1409,2025-06-07,4,50,3,3897
1410,2025-06-07,4,51,1,499
1411,2025-06-07,4,52,5,9995
1412,2025-06-07,4,53,3,2697
1413,2025-06-07,4,54,14,8386
1414,2025-06-07,4,55,4,3596
1415,2025-06-07,4,56,10,6990
1416,2025-06-07,5,1,5,14995
1417,2025-06-07,5,3,3,14997
1418,2025-06-07,5,4,2,2998
1419,2025-06-07,5,5,12,15588
1420,2025-06-07,5,6,2,1798
1421,2025-06-07,5,7,9,71991
1422,2025-06-07,5,8,1,15999
1423,2025-06-07,5,9,4,2396
1424,2025-06-07,5,11,2,4998
1425,2025-06-07,5,12,3,1197
1426,2025-06-07,5,14,3,897
1427,2025-06-07,5,15,5,24995
1428,2025-06-07,5,16,8,6392
1429,2025-06-07,5,17,1,3999
1430,2025-06-07,5,18,5,8995
1431,2025-06-07,5,19,7,132993
1432,2025-06-07,5,21,8,19992
1433,2025-06-07,5,22,2,10998
1434,2025-06-07,5,23,2,9998
1435,2025-06-07,5,24,3,10497
1436,2025-06-07,5,25,7,34993
1437,2025-06-07,5,26,3,59997
1438,2025-06-07,5,27,1,1299
1439,2025-06-07,5,28,1,1799
1440,2025-06-07,5,29,10,24990
1441,2025-06-07,5,30,7,27993
1442,2025-06-07,5,31,8,15992
1443,2025-06-07,5,32,6,53994
1444,2025-06-07,5,33,5,64995
1445,2025-06-07,5,34,7,132993
1446,2025-06-07,5,35,5,14995
1447,2025-06-07,5,36,3,4497
1448,2025-06-07,5,37,9,20691
1449,2025-06-07,5,38,4,35996
1450,2025-06-07,5,39,6,20994
1451,2025-06-07,5,40,1,599
1452,2025-06-07,5,41,4,9996
1453,2025-06-07,5,42,1,1799
1454,2025-06-07,5,43,3,5997
1455,2025-06-07,5,44,4,5196
1456,2025-06-07,5,46,2,1598
1457,2025-06-07,5,48,1,3999
1458,2025-06-07,5,49,7,17493
1459,2025-06-07,5,50,4,5196
1460,2025-06-07,5,51,3,1497
1461,2025-06-07,5,52,1,1999
1462,2025-06-07,5,53,1,899
1463,2025-06-07,5,54,9,5391
1464,2025-06-07,5,55,5,4495
1465,2025-06-07,5,56,5,3495
1466,2025-06-07,6,1,6,17994
1467,2025-06-07,6,2,1,1999
1468,2025-06-07,6,3,3,14997
1469,2025-06-07,6,4,3,4497
1470,2025-06-07,6,5,12,15588
1471,2025-06-07,6,6,2,1798
1472,2025-06-07,6,7,11,87989
1473,2025-06-07,6,8,2,31998
1474,2025-06-07,6,9,4,2396
1475,2025-06-07,6,10,1,299
1476,2025-06-07,6,11,3,7497
1477,2025-06-07,6,12,5,1995
1478,2025-06-07,6,13,1,499
1479,2025-06-07,6,14,2,598
1480,2025-06-07,6,15,5,24995
1481,2025-06-07,6,16,4,3196
1482,2025-06-07,6,17,3,11997
1483,2025-06-07,6,18,7,12593
1484,2025-06-07,6,19,9,170991
1485,2025-06-07,6,21,10,24990
1486,2025-06-07,6,22,6,32994
1487,2025-06-07,6,23,6,29994
1488,2025-06-07,6,24,1,3499
1489,2025-06-07,6,25,2,9998
1490,2025-06-07,6,26,7,139993
1491,2025-06-07,6,27,2,2598
1492,2025-06-07,6,28,1,1799
1493,2025-06-07,6,29,15,37485
1494,2025-06-07,6,30,5,19995
1495,2025-06-07,6,31,7,13993
1496,2025-06-07,6,32,9,80991
1497,2025-06-07,6,33,5,64995
1498,2025-06-07,6,34,9,170991
1499,2025-06-07,6,35,4,11996
1500,2025-06-07,6,36,9,13491
1501,2025-06-07,6,37,13,29887
1502,2025-06-07,6,38,7,62993
1503,2025-06-07,6,39,10,34990
1504,2025-06-07,6,40,7,4193
1505,2025-06-07,6,41,6,14994
1506,2025-06-07,6,42,1,1799
1507,2025-06-07,6,43,3,5997
1508,2025-06-07,6,44,2,2598
1509,2025-06-07,6,45,1,4999
1510,2025-06-07,6,46,3,2397
1511,2025-06-07,6,47,2,6998
1512,2025-06-07,6,48,5,19995
1513,2025-06-07,6,49,5,12495
1514,2025-06-07,6,50,4,5196
1515,2025-06-07,6,51,2,998
1516,2025-06-07,6,52,1,1999
1517,2025-06-07,6,53,2,1798
1518,2025-06-07,6,54,14,8386
1519,2025-06-07,6,55,5,4495
1520,2025-06-07,6,56,5,3495
1521,2025-06-08,1,1,23,68977
1522,2025-06-08,1,2,1,1999
1523,2025-06-08,1,3,4,19996
1524,2025-06-08,1,4,3,4497
1525,2025-06-08,1,5,22,28578
1526,2025-06-08,1,6,2,1798
1527,2025-06-08,1,7,9,71991
1528,2025-06-08,1,8,1,15999
1529,2025-06-08,1,9,5,2995
1530,2025-06-08,1,10,1,299
1531,2025-06-08,1,11,3,7497
1532,2025-06-08,1,12,5,1995
1533,2025-06-08,1,13,1,499
1534,2025-06-08,1,14,3,897
1535,2025-06-08,1,15,10,49990
1536,2025-06-08,1,16,6,4794
1537,2025-06-08,1,17,3,11997
1538,2025-06-08,1,18,9,16191
1539,2025-06-08,1,19,10,189990
1540,2025-06-08,1,21,9,22491
1541,2025-06-08,1,22,11,60489
1542,2025-06-08,1,23,4,19996
1543,2025-06-08,1,24,1,3499
1544,2025-06-08,1,25,11,54989
1545,2025-06-08,1,26,3,59997
1546,2025-06-08,1,27,1,1299
1547,2025-06-08,1,28,2,3598
1548,2025-06-08,1,29,8,19992
1549,2025-06-08,1,30,5,19995
1550,2025-06-08,1,31,12,23988
1551,2025-06-08,1,32,6,53994
1552,2025-06-08,1,33,5,64995
1553,2025-06-08,1,34,8,151992
1554,2025-06-08,1,35,5,14995
1555,2025-06-08,1,36,6,8994
1556,2025-06-08,1,37,10,22990
1557,2025-06-08,1,38,3,26997
1558,2025-06-08,1,39,9,31491
1559,2025-06-08,1,40,8,4792
1560,2025-06-08,1,41,9,22491
1561,2025-06-08,1,42,1,1799
1562,2025-06-08,1,43,3,5997
1563,2025-06-08,1,44,3,3897
1564,2025-06-08,1,45,1,4999
1565,2025-06-08,1,46,4,3196
1566,2025-06-08,1,47,2,6998
1567,2025-06-08,1,48,3,11997
1568,2025-06-08,1,49,8,19992
1569,2025-06-08,1,50,5,6495
1570,2025-06-08,1,51,5,2495
1571,2025-06-08,1,52,3,5997
1572,2025-06-08,1,53,6,5394
1573,2025-06-08,1,54,14,8386
1574,2025-06-08,1,55,7,6293
1575,2025-06-08,1,56,9,6291
1576,2025-06-08,2,1,8,23992
1577,2025-06-08,2,2,1,1999
1578,2025-06-08,2,3,3,14997
1579,2025-06-08,2,4,2,2998
1580,2025-06-08,2,5,13,16887
1581,2025-06-08,2,6,1,899
1582,2025-06-08,2,7,8,63992
1583,2025-06-08,2,8,1,15999
1584,2025-06-08,2,9,4,2396
1585,2025-06-08,2,10,1,299
1586,2025-06-08,2,11,2,4998
1587,2025-06-08,2,12,4,1596
1588,2025-06-08,2,14,3,897
1589,2025-06-08,2,15,3,14997
1590,2025-06-08,2,16,6,4794
1591,2025-06-08,2,17,2,7998
1592,2025-06-08,2,18,7,12593
1593,2025-06-08,2,19,7,132993
1594,2025-06-08,2,21,3,7497
1595,2025-06-08,2,22,5,27495
1596,2025-06-08,2,23,4,19996
1597,2025-06-08,2,24,2,6998
1598,2025-06-08,2,25,9,44991
1599,2025-06-08,2,26,6,119994
1600,2025-06-08,2,27,1,1299
1601,2025-06-08,2,28,2,3598
1602,2025-06-08,2,29,5,12495
1603,2025-06-08,2,30,5,19995
1604,2025-06-08,2,31,11,21989
1605,2025-06-08,2,32,9,80991
1606,2025-06-08,2,33,5,64995
1607,2025-06-08,2,34,14,265986
1608,2025-06-08,2,35,5,14995
1609,2025-06-08,2,36,7,10493
1610,2025-06-08,2,37,11,25289
1611,2025-06-08,2,38,6,53994
1612,2025-06-08,2,39,11,38489
1613,2025-06-08,2,40,8,4792
1614,2025-06-08,2,41,6,14994
1615,2025-06-08,2,42,1,1799
1616,2025-06-08,2,43,2,3998
1617,2025-06-08,2,44,4,5196
1618,2025-06-08,2,45,1,4999
1619,2025-06-08,2,46,4,3196
1620,2025-06-08,2,47,2,6998
1621,2025-06-08,2,48,1,3999
1622,2025-06-08,2,49,6,14994
1623,2025-06-08,2,50,4,5196
1624,2025-06-08,2,51,4,1996
1625,2025-06-08,2,52,3,5997
1626,2025-06-08,2,53,4,3596
1627,2025-06-08,2,54,12,7188
1628,2025-06-08,2,55,4,3596
1629,2025-06-08,2,56,3,2097
1630,2025-06-08,3,1,6,17994
1631,2025-06-08,3,3,3,14997
1632,2025-06-08,3,4,1,1499
1633,2025-06-08,3,5,10,12990
1634,2025-06-08,3,6,1,899
1635,2025-06-08,3,7,9,71991
1636,2025-06-08,3,8,1,15999
1637,2025-06-08,3,9,3,1797
1638,2025-06-08,3,11,2,4998
1639,2025-06-08,3,12,5,1995
1640,2025-06-08,3,14,2,598
1641,2025-06-08,3,15,5,24995
1642,2025-06-08,3,16,6,4794
1643,2025-06-08,3,17,3,11997
1644,2025-06-08,3,18,6,10794
1645,2025-06-08,3,19,12,227988
1646,2025-06-08,3,21,7,17493
1647,2025-06-08,3,22,6,32994
1648,2025-06-08,3,23,4,19996
1649,2025-06-08,3,24,1,3499
1650,2025-06-08,3,25,16,79984
1651,2025-06-08,3,26,3,59997
1652,2025-06-08,3,27,2,2598
1653,2025-06-08,3,28,2,3598
1654,2025-06-08,3,29,4,9996
1655,2025-06-08,3,30,5,19995
1656,2025-06-08,3,31,8,15992
1657,2025-06-08,3,32,9,80991
1658,2025-06-08,3,33,6,77994
1659,2025-06-08,3,34,8,151992
1660,2025-06-08,3,35,3,8997
1661,2025-06-08,3,36,10,14990
1662,2025-06-08,3,37,6,13794
1663,2025-06-08,3,38,7,62993
1664,2025-06-08,3,39,9,31491
1665,2025-06-08,3,40,7,4193
1666,2025-06-08,3,41,4,9996
1667,2025-06-08,3,42,1,1799
1668,2025-06-08,3,43,2,3998
1669,2025-06-08,3,44,3,3897
1670,2025-06-08,3,45,2,9998
1671,2025-06-08,3,46,2,1598
1672,2025-06-08,3,47,1,3499
1673,2025-06-08,3,48,4,15996
1674,2025-06-08,3,49,3,7497
1675,2025-06-08,3,50,3,3897
1676,2025-06-08,3,51,1,499
1677,2025-06-08,3,52,1,1999
1678,2025-06-08,3,53,3,2697
1679,2025-06-08,3,54,12,7188
1680,2025-06-08,3,55,8,7192
1681,2025-06-08,3,56,8,5592
1682,2025-06-08,4,1,6,17994
1683,2025-06-08,4,3,5,24995
1684,2025-06-08,4,4,1,1499
1685,2025-06-08,4,5,16,20784
1686,2025-06-08,4,6,2,1798
1687,2025-06-08,4,7,12,95988
1688,2025-06-08,4,8,1,15999
1689,2025-06-08,4,9,1,599
1690,2025-06-08,4,10,1,299
1691,2025-06-08,4,11,3,7497
1692,2025-06-08,4,12,8,3192
1693,2025-06-08,4,13,1,499
1694,2025-06-08,4,14,3,897
1695,2025-06-08,4,15,6,29994
1696,2025-06-08,4,16,8,6392
1697,2025-06-08,4,17,3,11997
1698,2025-06-08,4,18,9,16191
1699,2025-06-08,4,19,13,246987
1700,2025-06-08,4,21,11,27489
1701,2025-06-08,4,22,10,54990
1702,2025-06-08,4,23,4,19996
1703,2025-06-08,4,25,18,89982
1704,2025-06-08,4,26,3,59997
1705,2025-06-08,4,28,2,3598
1706,2025-06-08,4,29,8,19992
1707,2025-06-08,4,30,11,43989
1708,2025-06-08,4,31,12,23988
1709,2025-06-08,4,32,13,116987
1710,2025-06-08,4,33,6,77994
1711,2025-06-08,4,34,15,284985
1712,2025-06-08,4,35,3,8997
1713,2025-06-08,4,36,8,11992
1714,2025-06-08,4,37,6,13794
1715,2025-06-08,4,38,10,89990
1716,2025-06-08,4,39,8,27992
1717,2025-06-08,4,40,5,2995
1718,2025-06-08,4,41,10,24990
1719,2025-06-08,4,42,1,1799
1720,2025-06-08,4,43,2,3998
1721,2025-06-08,4,44,4,5196
1722,2025-06-08,4,45,2,9998
1723,2025-06-08,4,46,2,1598
1724,2025-06-08,4,47,2,6998
1725,2025-06-08,4,48,3,11997
1726,2025-06-08,4,49,3,7497
1727,2025-06-08,4,50,4,5196
1728,2025-06-08,4,51,6,2994
1729,2025-06-08,4,52,2,3998
1730,2025-06-08,4,53,2,1798
1731,2025-06-08,4,54,16,9584
1732,2025-06-08,4,55,7,6293
1733,2025-06-08,4,56,8,5592
1734,2025-06-08,5,1,8,23992
1735,2025-06-08,5,3,4,19996
1736,2025-06-08,5,4,3,4497
1737,2025-06-08,5,5,10,12990
1738,2025-06-08,5,7,5,39995
1739,2025-06-08,5,8,1,15999
1740,2025-06-08,5,9,4,2396
1741,2025-06-08,5,11,1,2499
1742,2025-06-08,5,12,7,2793
1743,2025-06-08,5,14,1,299
1744,2025-06-08,5,15,8,39992
1745,2025-06-08,5,16,5,3995
1746,2025-06-08,5,17,2,7998
1747,2025-06-08,5,18,9,16191
1748,2025-06-08,5,19,14,265986
1749,2025-06-08,5,21,9,22491
1750,2025-06-08,5,22,3,16497
1751,2025-06-08,5,23,4,19996
1752,2025-06-08,5,24,2,6998
1753,2025-06-08,5,25,8,39992
1754,2025-06-08,5,26,4,79996
1755,2025-06-08,5,27,1,1299
1756,2025-06-08,5,28,2,3598
1757,2025-06-08,5,29,5,12495
1758,2025-06-08,5,30,3,11997
1759,2025-06-08,5,31,8,15992
1760,2025-06-08,5,32,5,44995
1761,2025-06-08,5,33,2,25998
1762,2025-06-08,5,34,4,75996
1763,2025-06-08,5,35,5,14995
1764,2025-06-08,5,36,5,7495
1765,2025-06-08,5,37,6,13794
1766,2025-06-08,5,38,7,62993
1767,2025-06-08,5,39,9,31491
1768,2025-06-08,5,40,7,4193
1769,2025-06-08,5,41,4,9996
1770,2025-06-08,5,43,3,5997
1771,2025-06-08,5,44,1,1299
1772,2025-06-08,5,45,1,4999
1773,2025-06-08,5,46,2,1598
1774,2025-06-08,5,47,1,3499
1775,2025-06-08,5,48,1,3999
1776,2025-06-08,5,49,6,14994
1777,2025-06-08,5,50,1,1299
1778,2025-06-08,5,51,3,1497
1779,2025-06-08,5,52,1,1999
1780,2025-06-08,5,53,2,1798
1781,2025-06-08,5,54,10,5990
1782,2025-06-08,5,55,8,7192
1783,2025-06-08,5,56,5,3495
1784,2025-06-08,6,1,9,26991
1785,2025-06-08,6,2,1,1999
1786,2025-06-08,6,3,4,19996
1787,2025-06-08,6,4,3,4497
1788,2025-06-08,6,5,8,10392
1789,2025-06-08,6,6,2,1798
1790,2025-06-08,6,7,12,95988
1791,2025-06-08,6,9,6,3594
1792,2025-06-08,6,10,1,299
1793,2025-06-08,6,11,3,7497
1794,2025-06-08,6,12,10,3990
1795,2025-06-08,6,13,1,499
1796,2025-06-08,6,14,2,598
1797,2025-06-08,6,15,6,29994
1798,2025-06-08,6,16,6,4794
1799,2025-06-08,6,17,3,11997
1800,2025-06-08,6,18,3,5397
1801,2025-06-08,6,19,3,56997
1802,2025-06-08,6,20,1,1299
1803,2025-06-08,6,21,15,37485
1804,2025-06-08,6,22,9,49491
1805,2025-06-08,6,23,5,24995
1806,2025-06-08,6,25,12,59988
1807,2025-06-08,6,26,3,59997
1808,2025-06-08,6,27,2,2598
1809,2025-06-08,6,28,1,1799
1810,2025-06-08,6,29,7,17493
1811,2025-06-08,6,30,10,39990
1812,2025-06-08,6,31,3,5997
1813,2025-06-08,6,32,10,89990
1814,2025-06-08,6,33,6,77994
1815,2025-06-08,6,34,11,208989
1816,2025-06-08,6,35,5,14995
1817,2025-06-08,6,36,5,7495
1818,2025-06-08,6,37,15,34485
1819,2025-06-08,6,38,8,71992
1820,2025-06-08,6,39,12,41988
1821,2025-06-08,6,40,5,2995
1822,2025-06-08,6,41,9,22491
1823,2025-06-08,6,42,1,1799
1824,2025-06-08,6,43,4,7996
1825,2025-06-08,6,44,2,2598
1826,2025-06-08,6,45,1,4999
1827,2025-06-08,6,46,3,2397
1828,2025-06-08,6,48,3,11997
1829,2025-06-08,6,49,8,19992
1830,2025-06-08,6,50,4,5196
1831,2025-06-08,6,51,1,499
1832,2025-06-08,6,52,3,5997
1833,2025-06-08,6,53,4,3596
1834,2025-06-08,6,54,14,8386
1835,2025-06-08,6,55,9,8091
1836,2025-06-08,6,56,10,6990
1837,2025-06-09,1,1,12,35988
1838,2025-06-09,1,2,1,1999
1839,2025-06-09,1,3,3,14997
1840,2025-06-09,1,4,2,2998
1841,2025-06-09,1,5,12,15588
1842,2025-06-09,1,7,8,63992
1843,2025-06-09,1,8,1,15999
1844,2025-06-09,1,9,3,1797
1845,2025-06-09,1,11,1,2499
1846,2025-06-09,1,12,3,1197
1847,2025-06-09,1,14,1,299
1848,2025-06-09,1,15,5,24995
1849,2025-06-09,1,16,8,6392
1850,2025-06-09,1,17,2,7998
1851,2025-06-09,1,18,5,8995
1852,2025-06-09,1,19,11,208989
1853,2025-06-09,1,20,1,1299
1854,2025-06-09,1,21,8,19992
1855,2025-06-09,1,22,5,27495
1856,2025-06-09,1,23,3,14997
1857,2025-06-09,1,24,2,6998
1858,2025-06-09,1,25,11,54989
1859,2025-06-09,1,26,2,39998
1860,2025-06-09,1,27,2,2598
1861,2025-06-09,1,28,1,1799
1862,2025-06-09,1,29,8,19992
1863,2025-06-09,1,30,7,27993
1864,2025-06-09,1,31,5,9995
1865,2025-06-09,1,32,7,62993
1866,2025-06-09,1,33,6,77994
1867,2025-06-09,1,34,6,113994
1868,2025-06-09,1,35,3,8997
1869,2025-06-09,1,36,6,8994
1870,2025-06-09,1,37,4,9196
1871,2025-06-09,1,38,5,44995
1872,2025-06-09,1,39,8,27992
1873,2025-06-09,1,40,5,2995
1874,2025-06-09,1,41,5,12495
1875,2025-06-09,1,42,1,1799
1876,2025-06-09,1,43,2,3998
1877,2025-06-09,1,44,2,2598
1878,2025-06-09,1,45,1,4999
1879,2025-06-09,1,46,4,3196
1880,2025-06-09,1,47,1,3499
1881,2025-06-09,1,48,2,7998
1882,2025-06-09,1,49,4,9996
1883,2025-06-09,1,50,3,3897
1884,2025-06-09,1,51,4,1996
1885,2025-06-09,1,52,3,5997
1886,2025-06-09,1,53,2,1798
1887,2025-06-09,1,54,5,2995
1888,2025-06-09,1,55,4,3596
1889,2025-06-09,1,56,3,2097
1890,2025-06-09,2,1,3,8997
1891,2025-06-09,2,3,2,9998
1892,2025-06-09,2,4,1,1499
1893,2025-06-09,2,5,7,9093
1894,2025-06-09,2,6,1,899
1895,2025-06-09,2,7,7,55993
1896,2025-06-09,2,8,1,15999
1897,2025-06-09,2,9,4,2396
1898,2025-06-09,2,11,1,2499
1899,2025-06-09,2,12,3,1197
1900,2025-06-09,2,14,2,598
1901,2025-06-09,2,15,5,24995
1902,2025-06-09,2,16,5,3995
1903,2025-06-09,2,17,2,7998
1904,2025-06-09,2,18,3,5397
1905,2025-06-09,2,19,6,113994
1906,2025-06-09,2,21,5,12495
1907,2025-06-09,2,22,6,32994
1908,2025-06-09,2,23,1,4999
1909,2025-06-09,2,24,2,6998
1910,2025-06-09,2,25,8,39992
1911,2025-06-09,2,26,2,39998
1912,2025-06-09,2,27,1,1299
1913,2025-06-09,2,29,6,14994
1914,2025-06-09,2,30,7,27993
1915,2025-06-09,2,31,5,9995
1916,2025-06-09,2,32,5,44995
1917,2025-06-09,2,33,5,64995
1918,2025-06-09,2,34,7,132993
1919,2025-06-09,2,35,4,11996
1920,2025-06-09,2,36,7,10493
1921,2025-06-09,2,37,5,11495
1922,2025-06-09,2,38,5,44995
1923,2025-06-09,2,39,4,13996
1924,2025-06-09,2,40,5,2995
1925,2025-06-09,2,41,7,17493
1926,2025-06-09,2,43,2,3998
1927,2025-06-09,2,44,2,2598
1928,2025-06-09,2,45,1,4999
1929,2025-06-09,2,46,1,799
1930,2025-06-09,2,47,1,3499
1931,2025-06-09,2,48,1,3999
1932,2025-06-09,2,49,2,4998
1933,2025-06-09,2,50,2,2598
1934,2025-06-09,2,51,4,1996
1935,2025-06-09,2,52,2,3998
1936,2025-06-09,2,53,2,1798
1937,2025-06-09,2,54,9,5391
1938,2025-06-09,2,55,6,5394
1939,2025-06-09,2,56,6,4194
1940,2025-06-09,3,1,2,5998
1941,2025-06-09,3,3,2,9998
1942,2025-06-09,3,4,1,1499
1943,2025-06-09,3,5,13,16887
1944,2025-06-09,3,6,1,899
1945,2025-06-09,3,7,7,55993
1946,2025-06-09,3,9,4,2396
1947,2025-06-09,3,11,2,4998
1948,2025-06-09,3,12,2,798
1949,2025-06-09,3,14,1,299
1950,2025-06-09,3,15,5,24995
1951,2025-06-09,3,16,6,4794
1952,2025-06-09,3,17,2,7998
1953,2025-06-09,3,18,3,5397
1954,2025-06-09,3,19,7,132993
1955,2025-06-09,3,21,5,12495
1956,2025-06-09,3,22,5,27495
1957,2025-06-09,3,23,1,4999
1958,2025-06-09,3,25,5,24995
1959,2025-06-09,3,26,4,79996
1960,2025-06-09,3,28,1,1799
1961,2025-06-09,3,29,7,17493
1962,2025-06-09,3,30,4,15996
1963,2025-06-09,3,31,5,9995
1964,2025-06-09,3,32,7,62993
1965,2025-06-09,3,33,2,25998
1966,2025-06-09,3,34,4,75996
1967,2025-06-09,3,35,3,8997
1968,2025-06-09,3,36,5,7495
1969,2025-06-09,3,37,5,11495
1970,2025-06-09,3,38,5,44995
1971,2025-06-09,3,39,5,17495
1972,2025-06-09,3,40,4,2396
1973,2025-06-09,3,41,4,9996
1974,2025-06-09,3,43,2,3998
1975,2025-06-09,3,44,2,2598
1976,2025-06-09,3,45,1,4999
1977,2025-06-09,3,47,1,3499
1978,2025-06-09,3,48,2,7998
1979,2025-06-09,3,49,4,9996
1980,2025-06-09,3,50,1,1299
1981,2025-06-09,3,51,2,998
1982,2025-06-09,3,52,1,1999
1983,2025-06-09,3,53,1,899
1984,2025-06-09,3,54,3,1797
1985,2025-06-09,3,55,7,6293
1986,2025-06-09,3,56,5,3495
1987,2025-06-09,4,1,8,23992
1988,2025-06-09,4,3,4,19996
1989,2025-06-09,4,4,1,1499
1990,2025-06-09,4,5,12,15588
1991,2025-06-09,4,6,1,899
1992,2025-06-09,4,7,11,87989
1993,2025-06-09,4,8,1,15999
1994,2025-06-09,4,9,1,599
1995,2025-06-09,4,11,3,7497
1996,2025-06-09,4,12,6,2394
1997,2025-06-09,4,14,2,598
1998,2025-06-09,4,15,6,29994
1999,2025-06-09,4,16,6,4794
2000,2025-06-09,4,17,3,11997
2001,2025-06-09,4,18,8,14392
2002,2025-06-09,4,19,11,208989
2003,2025-06-09,4,21,7,17493
2004,2025-06-09,4,22,8,43992
2005,2025-06-09,4,23,4,19996
2006,2025-06-09,4,24,1,3499
2007,2025-06-09,4,25,6,29994
2008,2025-06-09,4,26,3,59997
2009,2025-06-09,4,27,2,2598
2010,2025-06-09,4,28,1,1799
2011,2025-06-09,4,29,8,19992
2012,2025-06-09,4,30,8,31992
2013,2025-06-09,4,31,3,5997
2014,2025-06-09,4,32,7,62993
2015,2025-06-09,4,33,6,77994
2016,2025-06-09,4,34,10,189990
2017,2025-06-09,4,35,3,8997
2018,2025-06-09,4,36,7,10493
2019,2025-06-09,4,37,7,16093
2020,2025-06-09,4,38,9,80991
2021,2025-06-09,4,39,3,10497
2022,2025-06-09,4,40,4,2396
2023,2025-06-09,4,41,7,17493
2024,2025-06-09,4,42,1,1799
2025,2025-06-09,4,43,1,1999
2026,2025-06-09,4,44,3,3897
2027,2025-06-09,4,45,1,4999
2028,2025-06-09,4,46,3,2397
2029,2025-06-09,4,47,1,3499
2030,2025-06-09,4,48,4,15996
2031,2025-06-09,4,49,8,19992
2032,2025-06-09,4,50,6,7794
2033,2025-06-09,4,51,5,2495
2034,2025-06-09,4,52,2,3998
2035,2025-06-09,4,53,3,2697
2036,2025-06-09,4,54,8,4792
2037,2025-06-09,4,55,2,1798
2038,2025-06-09,4,56,5,3495
2039,2025-06-09,5,1,2,5998
2040,2025-06-09,5,3,1,4999
2041,2025-06-09,5,4,2,2998
2042,2025-06-09,5,5,10,12990
2043,2025-06-09,5,6,1,899
2044,2025-06-09,5,7,1,7999
2045,2025-06-09,5,9,2,1198
2046,2025-06-09,5,11,2,4998
2047,2025-06-09,5,12,5,1995
2048,2025-06-09,5,14,1,299
2049,2025-06-09,5,15,4,19996
2050,2025-06-09,5,16,4,3196
2051,2025-06-09,5,17,1,3999
2052,2025-06-09,5,18,5,8995
2053,2025-06-09,5,19,5,94995
2054,2025-06-09,5,21,5,12495
2055,2025-06-09,5,22,4,21996
2056,2025-06-09,5,23,2,9998
2057,2025-06-09,5,24,1,3499
2058,2025-06-09,5,25,5,24995
2059,2025-06-09,5,26,4,79996
2060,2025-06-09,5,27,1,1299
2061,2025-06-09,5,28,1,1799
2062,2025-06-09,5,29,8,19992
2063,2025-06-09,5,30,5,19995
2064,2025-06-09,5,31,2,3998
2065,2025-06-09,5,32,4,35996
2066,2025-06-09,5,33,4,51996
2067,2025-06-09,5,34,9,170991
2068,2025-06-09,5,35,2,5998
2069,2025-06-09,5,36,5,7495
2070,2025-06-09,5,37,3,6897
2071,2025-06-09,5,38,5,44995
2072,2025-06-09,5,39,4,13996
2073,2025-06-09,5,40,6,3594
2074,2025-06-09,5,41,4,9996
2075,2025-06-09,5,43,1,1999
2076,2025-06-09,5,44,2,2598
2077,2025-06-09,5,45,1,4999
2078,2025-06-09,5,46,3,2397
2079,2025-06-09,5,47,1,3499
2080,2025-06-09,5,48,2,7998
2081,2025-06-09,5,49,4,9996
2082,2025-06-09,5,50,1,1299
2083,2025-06-09,5,51,2,998
2084,2025-06-09,5,52,2,3998
2085,2025-06-09,5,53,2,1798
2086,2025-06-09,5,54,5,2995
2087,2025-06-09,5,55,3,2697
2088,2025-06-09,5,56,2,1398
2089,2025-06-09,6,1,5,14995
2090,2025-06-09,6,3,2,9998
2091,2025-06-09,6,4,3,4497
2092,2025-06-09,6,5,13,16887
2093,2025-06-09,6,6,1,899
2094,2025-06-09,6,7,6,47994
2095,2025-06-09,6,8,2,31998
2096,2025-06-09,6,9,3,1797
2097,2025-06-09,6,11,1,2499
2098,2025-06-09,6,12,6,2394
2099,2025-06-09,6,13,1,499
2100,2025-06-09,6,14,2,598
2101,2025-06-09,6,15,5,24995
2102,2025-06-09,6,16,6,4794
2103,2025-06-09,6,17,1,3999
2104,2025-06-09,6,18,5,8995
2105,2025-06-09,6,19,6,113994
2106,2025-06-09,6,21,7,17493
2107,2025-06-09,6,22,7,38493
2108,2025-06-09,6,23,2,9998
2109,2025-06-09,6,24,1,3499
2110,2025-06-09,6,25,11,54989
2111,2025-06-09,6,26,3,59997
2112,2025-06-09,6,27,1,1299
2113,2025-06-09,6,28,2,3598
2114,2025-06-09,6,29,4,9996
2115,2025-06-09,6,30,4,15996
2116,2025-06-09,6,31,7,13993
2117,2025-06-09,6,32,8,71992
2118,2025-06-09,6,33,3,38997
2119,2025-06-09,6,34,9,170991
2120,2025-06-09,6,35,5,14995
2121,2025-06-09,6,36,5,7495
2122,2025-06-09,6,37,12,27588
2123,2025-06-09,6,38,6,53994
2124,2025-06-09,6,39,14,48986
2125,2025-06-09,6,40,6,3594
2126,2025-06-09,6,41,7,17493
2127,2025-06-09,6,43,2,3998
2128,2025-06-09,6,44,2,2598
2129,2025-06-09,6,45,1,4999
2130,2025-06-09,6,46,3,2397
2131,2025-06-09,6,47,1,3499
2132,2025-06-09,6,48,3,11997
2133,2025-06-09,6,49,3,7497
2134,2025-06-09,6,50,2,2598
2135,2025-06-09,6,51,2,998
2136,2025-06-09,6,53,3,2697
2137,2025-06-09,6,54,7,4193
2138,2025-06-09,6,55,5,4495
2139,2025-06-09,6,56,4,2796
2140,2025-06-10,1,1,22,65978
2141,2025-06-10,1,3,1,4999
2142,2025-06-10,1,4,2,2998
2143,2025-06-10,1,5,14,18186
2144,2025-06-10,1,6,1,899
2145,2025-06-10,1,7,8,63992
2146,2025-06-10,1,9,4,2396
2147,2025-06-10,1,10,1,299
2148,2025-06-10,1,11,2,4998
2149,2025-06-10,1,12,3,1197
2150,2025-06-10,1,14,2,598
2151,2025-06-10,1,15,5,24995
2152,2025-06-10,1,16,5,3995
2153,2025-06-10,1,17,2,7998
2154,2025-06-10,1,18,4,7196
2155,2025-06-10,1,19,5,94995
2156,2025-06-10,1,21,8,19992
2157,2025-06-10,1,22,5,27495
2158,2025-06-10,1,23,4,19996
2159,2025-06-10,1,24,2,6998
2160,2025-06-10,1,25,7,34993
2161,2025-06-10,1,26,3,59997
2162,2025-06-10,1,27,1,1299
2163,2025-06-10,1,28,1,1799
2164,2025-06-10,1,29,10,24990
2165,2025-06-10,1,30,5,19995
2166,2025-06-10,1,31,10,19990
2167,2025-06-10,1,32,9,80991
2168,2025-06-10,1,33,4,51996
2169,2025-06-10,1,34,10,189990
2170,2025-06-10,1,35,3,8997
2171,2025-06-10,1,36,5,7495
2172,2025-06-10,1,37,6,13794
2173,2025-06-10,1,38,5,44995
2174,2025-06-10,1,39,8,27992
2175,2025-06-10,1,40,6,3594
2176,2025-06-10,1,41,8,19992
2177,2025-06-10,1,42,1,1799
2178,2025-06-10,1,43,2,3998
2179,2025-06-10,1,44,3,3897
2180,2025-06-10,1,45,1,4999
2181,2025-06-10,1,46,4,3196
2182,2025-06-10,1,47,1,3499
2183,2025-06-10,1,48,3,11997
2184,2025-06-10,1,49,5,12495
2185,2025-06-10,1,50,5,6495
2186,2025-06-10,1,51,3,1497
2187,2025-06-10,1,52,3,5997
2188,2025-06-10,1,53,2,1798
2189,2025-06-10,1,54,8,4792
2190,2025-06-10,1,55,5,4495
2191,2025-06-10,1,56,9,6291
2192,2025-06-10,2,1,3,8997
2193,2025-06-10,2,2,1,1999
2194,2025-06-10,2,3,4,19996
2195,2025-06-10,2,4,2,2998
2196,2025-06-10,2,5,15,19485
2197,2025-06-10,2,6,1,899
2198,2025-06-10,2,7,7,55993
2199,2025-06-10,2,8,1,15999
2200,2025-06-10,2,9,4,2396
2201,2025-06-10,2,11,2,4998
2202,2025-06-10,2,12,3,1197
2203,2025-06-10,2,14,1,299
2204,2025-06-10,2,15,6,29994
2205,2025-06-10,2,16,5,3995
2206,2025-06-10,2,17,2,7998
2207,2025-06-10,2,18,4,7196
2208,2025-06-10,2,19,8,151992
2209,2025-06-10,2,21,5,12495
2210,2025-06-10,2,22,5,27495
2211,2025-06-10,2,23,1,4999
2212,2025-06-10,2,24,1,3499
2213,2025-06-10,2,25,11,54989
2214,2025-06-10,2,26,2,39998
2215,2025-06-10,2,28,1,1799
2216,2025-06-10,2,29,4,9996
2217,2025-06-10,2,30,6,23994
2218,2025-06-10,2,31,7,13993
2219,2025-06-10,2,32,8,71992
2220,2025-06-10,2,33,1,12999
2221,2025-06-10,2,34,6,113994
2222,2025-06-10,2,35,2,5998
2223,2025-06-10,2,36,5,7495
2224,2025-06-10,2,37,8,18392
2225,2025-06-10,2,38,8,71992
2226,2025-06-10,2,39,8,27992
2227,2025-06-10,2,40,4,2396
2228,2025-06-10,2,41,4,9996
2229,2025-06-10,2,43,2,3998
2230,2025-06-10,2,44,3,3897
2231,2025-06-10,2,46,3,2397
2232,2025-06-10,2,47,1,3499
2233,2025-06-10,2,48,2,7998
2234,2025-06-10,2,49,3,7497
2235,2025-06-10,2,50,4,5196
2236,2025-06-10,2,51,2,998
2237,2025-06-10,2,52,2,3998
2238,2025-06-10,2,53,2,1798
2239,2025-06-10,2,54,7,4193
2240,2025-06-10,2,55,8,7192
2241,2025-06-10,2,56,3,2097
2242,2025-06-10,3,1,5,14995
2243,2025-06-10,3,3,2,9998
2244,2025-06-10,3,4,3,4497
2245,2025-06-10,3,5,10,12990
2246,2025-06-10,3,6,1,899
2247,2025-06-10,3,7,9,71991
2248,2025-06-10,3,8,1,15999
2249,2025-06-10,3,9,3,1797
2250,2025-06-10,3,11,2,4998
2251,2025-06-10,3,12,3,1197
2252,2025-06-10,3,14,1,299
2253,2025-06-10,3,15,4,19996
2254,2025-06-10,3,16,4,3196
2255,2025-06-10,3,17,1,3999
2256,2025-06-10,3,18,3,5397
2257,2025-06-10,3,19,7,132993
2258,2025-06-10,3,21,2,4998
2259,2025-06-10,3,22,6,32994
2260,2025-06-10,3,23,1,4999
2261,2025-06-10,3,24,1,3499
2262,2025-06-10,3,25,4,19996
2263,2025-06-10,3,26,2,39998
2264,2025-06-10,3,27,1,1299
2265,2025-06-10,3,28,1,1799
2266,2025-06-10,3,29,6,14994
2267,2025-06-10,3,30,1,3999
2268,2025-06-10,3,31,5,9995
2269,2025-06-10,3,32,7,62993
2270,2025-06-10,3,33,4,51996
2271,2025-06-10,3,34,8,151992
2272,2025-06-10,3,35,3,8997
2273,2025-06-10,3,36,3,4497
2274,2025-06-10,3,37,4,9196
2275,2025-06-10,3,38,2,17998
2276,2025-06-10,3,39,6,20994
2277,2025-06-10,3,40,3,1797
2278,2025-06-10,3,41,7,17493
2279,2025-06-10,3,42,1,1799
2280,2025-06-10,3,43,2,3998
2281,2025-06-10,3,44,3,3897
2282,2025-06-10,3,45,1,4999
2283,2025-06-10,3,46,2,1598
2284,2025-06-10,3,47,1,3499
2285,2025-06-10,3,48,1,3999
2286,2025-06-10,3,49,3,7497
2287,2025-06-10,3,50,1,1299
2288,2025-06-10,3,51,4,1996
2289,2025-06-10,3,52,2,3998
2290,2025-06-10,3,53,2,1798
2291,2025-06-10,3,54,6,3594
2292,2025-06-10,3,55,6,5394
2293,2025-06-10,3,56,3,2097
2294,2025-06-10,4,1,5,14995
2295,2025-06-10,4,3,2,9998
2296,2025-06-10,4,4,2,2998
2297,2025-06-10,4,5,15,19485
2298,2025-06-10,4,6,1,899
2299,2025-06-10,4,7,8,63992
2300,2025-06-10,4,9,3,1797
2301,2025-06-10,4,10,1,299
2302,2025-06-10,4,11,2,4998
2303,2025-06-10,4,12,5,1995
2304,2025-06-10,4,14,2,598
2305,2025-06-10,4,15,6,29994
2306,2025-06-10,4,16,7,5593
2307,2025-06-10,4,17,1,3999
2308,2025-06-10,4,18,7,12593
2309,2025-06-10,4,19,8,151992
2310,2025-06-10,4,21,11,27489
2311,2025-06-10,4,22,7,38493
2312,2025-06-10,4,23,5,24995
2313,2025-06-10,4,24,2,6998
2314,2025-06-10,4,25,15,74985
2315,2025-06-10,4,26,5,99995
2316,2025-06-10,4,27,1,1299
2317,2025-06-10,4,28,2,3598
2318,2025-06-10,4,29,9,22491
2319,2025-06-10,4,30,9,35991
2320,2025-06-10,4,31,7,13993
2321,2025-06-10,4,32,6,53994
2322,2025-06-10,4,33,5,64995
2323,2025-06-10,4,34,8,151992
2324,2025-06-10,4,35,5,14995
2325,2025-06-10,4,36,6,8994
2326,2025-06-10,4,37,4,9196
2327,2025-06-10,4,38,6,53994
2328,2025-06-10,4,39,11,38489
2329,2025-06-10,4,40,5,2995
2330,2025-06-10,4,41,6,14994
2331,2025-06-10,4,42,1,1799
2332,2025-06-10,4,43,3,5997
2333,2025-06-10,4,44,4,5196
2334,2025-06-10,4,45,2,9998
2335,2025-06-10,4,46,3,2397
2336,2025-06-10,4,47,1,3499
2337,2025-06-10,4,48,4,15996
2338,2025-06-10,4,49,3,7497
2339,2025-06-10,4,50,5,6495
2340,2025-06-10,4,51,3,1497
2341,2025-06-10,4,52,2,3998
2342,2025-06-10,4,53,3,2697
2343,2025-06-10,4,54,9,5391
2344,2025-06-10,4,55,7,6293
2345,2025-06-10,4,56,3,2097
2346,2025-06-10,5,1,4,11996
2347,2025-06-10,5,3,2,9998
2348,2025-06-10,5,4,1,1499
2349,2025-06-10,5,5,6,7794
2350,2025-06-10,5,6,1,899
2351,2025-06-10,5,7,7,55993
2352,2025-06-10,5,8,1,15999
2353,2025-06-10,5,9,2,1198
2354,2025-06-10,5,11,1,2499
2355,2025-06-10,5,12,3,1197
2356,2025-06-10,5,14,1,299
2357,2025-06-10,5,15,2,9998
2358,2025-06-10,5,16,5,3995
2359,2025-06-10,5,17,1,3999
2360,2025-06-10,5,18,3,5397
2361,2025-06-10,5,19,5,94995
2362,2025-06-10,5,21,6,14994
2363,2025-06-10,5,22,4,21996
2364,2025-06-10,5,23,1,4999
2365,2025-06-10,5,24,1,3499
2366,2025-06-10,5,25,4,19996
2367,2025-06-10,5,26,3,59997
2368,2025-06-10,5,27,1,1299
2369,2025-06-10,5,29,6,14994
2370,2025-06-10,5,30,5,19995
2371,2025-06-10,5,31,7,13993
2372,2025-06-10,5,32,4,35996
2373,2025-06-10,5,33,2,25998
2374,2025-06-10,5,34,4,75996
2375,2025-06-10,5,35,4,11996
2376,2025-06-10,5,36,4,5996
2377,2025-06-10,5,37,4,9196
2378,2025-06-10,5,38,2,17998
2379,2025-06-10,5,39,3,10497
2380,2025-06-10,5,40,4,2396
2381,2025-06-10,5,41,4,9996
2382,2025-06-10,5,43,1,1999
2383,2025-06-10,5,45,1,4999
2384,2025-06-10,5,46,1,799
2385,2025-06-10,5,47,1,3499
2386,2025-06-10,5,48,1,3999
2387,2025-06-10,5,49,4,9996
2388,2025-06-10,5,50,3,3897
2389,2025-06-10,5,51,3,1497
2390,2025-06-10,5,52,1,1999
2391,2025-06-10,5,53,2,1798
2392,2025-06-10,5,54,5,2995
2393,2025-06-10,5,55,2,1798
2394,2025-06-10,5,56,2,1398
2395,2025-06-10,6,1,7,20993
2396,2025-06-10,6,3,2,9998
2397,2025-06-10,6,4,2,2998
2398,2025-06-10,6,5,14,18186
2399,2025-06-10,6,6,1,899
2400,2025-06-10,6,7,6,47994
2401,2025-06-10,6,9,3,1797
2402,2025-06-10,6,10,1,299
2403,2025-06-10,6,11,2,4998
2404,2025-06-10,6,12,4,1596
2405,2025-06-10,6,14,2,598
2406,2025-06-10,6,15,5,24995
2407,2025-06-10,6,16,6,4794
2408,2025-06-10,6,17,1,3999
2409,2025-06-10,6,18,5,8995
2410,2025-06-10,6,19,7,132993
2411,2025-06-10,6,21,7,17493
2412,2025-06-10,6,22,5,27495
2413,2025-06-10,6,23,4,19996
2414,2025-06-10,6,24,1,3499
2415,2025-06-10,6,25,3,14997
2416,2025-06-10,6,26,3,59997
2417,2025-06-10,6,27,1,1299
2418,2025-06-10,6,28,1,1799
2419,2025-06-10,6,29,13,32487
2420,2025-06-10,6,30,5,19995
2421,2025-06-10,6,31,7,13993
2422,2025-06-10,6,32,7,62993
2423,2025-06-10,6,33,5,64995
2424,2025-06-10,6,34,7,132993
2425,2025-06-10,6,35,4,11996
2426,2025-06-10,6,36,4,5996
2427,2025-06-10,6,37,4,9196
2428,2025-06-10,6,38,4,35996
2429,2025-06-10,6,39,9,31491
2430,2025-06-10,6,40,6,3594
2431,2025-06-10,6,41,5,12495
2432,2025-06-10,6,43,3,5997
2433,2025-06-10,6,44,1,1299
2434,2025-06-10,6,45,1,4999
2435,2025-06-10,6,46,1,799
2436,2025-06-10,6,47,1,3499
2437,2025-06-10,6,48,2,7998
2438,2025-06-10,6,49,6,14994
2439,2025-06-10,6,50,3,3897
2440,2025-06-10,6,51,2,998
2441,2025-06-10,6,52,1,1999
2442,2025-06-10,6,53,2,1798
2443,2025-06-10,6,54,13,7787
2444,2025-06-10,6,55,7,6293
2445,2025-06-10,6,56,6,4194
2446,2025-06-11,1,1,4,11996
2447,2025-06-11,1,3,2,9998
2448,2025-06-11,1,4,2,2998
2449,2025-06-11,1,5,16,20784
2450,2025-06-11,1,6,1,899
2451,2025-06-11,1,7,6,47994
2452,2025-06-11,1,8,1,15999
2453,2025-06-11,1,9,5,2995
2454,2025-06-11,1,10,1,299
2455,2025-06-11,1,11,3,7497
2456,2025-06-11,1,12,4,1596
2457,2025-06-11,1,14,2,598
2458,2025-06-11,1,15,3,14997
2459,2025-06-11,1,16,5,3995
2460,2025-06-11,1,17,2,7998
2461,2025-06-11,1,18,6,10794
2462,2025-06-11,1,19,4,75996
2463,2025-06-11,1,21,4,9996
2464,2025-06-11,1,22,6,32994
2465,2025-06-11,1,23,2,9998
2466,2025-06-11,1,24,1,3499
2467,2025-06-11,1,25,9,44991
2468,2025-06-11,1,26,6,119994
2469,2025-06-11,1,27,1,1299
2470,2025-06-11,1,28,1,1799
2471,2025-06-11,1,29,10,24990
2472,2025-06-11,1,30,9,35991
2473,2025-06-11,1,31,9,17991
2474,2025-06-11,1,32,7,62993
2475,2025-06-11,1,33,5,64995
2476,2025-06-11,1,34,11,208989
2477,2025-06-11,1,35,2,5998
2478,2025-06-11,1,36,4,5996
2479,2025-06-11,1,37,4,9196
2480,2025-06-11,1,39,5,17495
2481,2025-06-11,1,40,7,4193
2482,2025-06-11,1,41,4,9996
2483,2025-06-11,1,43,1,1999
2484,2025-06-11,1,44,3,3897
2485,2025-06-11,1,45,1,4999
2486,2025-06-11,1,46,2,1598
2487,2025-06-11,1,47,1,3499
2488,2025-06-11,1,48,4,15996
2489,2025-06-11,1,49,7,17493
2490,2025-06-11,1,50,1,1299
2491,2025-06-11,1,51,4,1996
2492,2025-06-11,1,52,1,1999
2493,2025-06-11,1,53,2,1798
2494,2025-06-11,1,54,12,7188
2495,2025-06-11,1,55,4,3596
2496,2025-06-11,1,56,6,4194
2497,2025-06-11,2,1,8,23992
2498,2025-06-11,2,3,2,9998
2499,2025-06-11,2,4,3,4497
2500,2025-06-11,2,5,14,18186
2501,2025-06-11,2,6,1,899
2502,2025-06-11,2,7,6,47994
2503,2025-06-11,2,8,1,15999
2504,2025-06-11,2,9,4,2396
2505,2025-06-11,2,11,1,2499
2506,2025-06-11,2,12,4,1596
2507,2025-06-11,2,14,1,299
2508,2025-06-11,2,15,3,14997
2509,2025-06-11,2,16,3,2397
2510,2025-06-11,2,17,2,7998
2511,2025-06-11,2,18,7,12593
2512,2025-06-11,2,19,6,113994
2513,2025-06-11,2,21,3,7497
2514,2025-06-11,2,22,7,38493
2515,2025-06-11,2,23,2,9998
2516,2025-06-11,2,24,2,6998
2517,2025-06-11,2,25,11,54989
2518,2025-06-11,2,26,2,39998
2519,2025-06-11,2,27,1,1299
2520,2025-06-11,2,28,1,1799
2521,2025-06-11,2,29,4,9996
2522,2025-06-11,2,30,7,27993
2523,2025-06-11,2,31,10,19990
2524,2025-06-11,2,32,7,62993
2525,2025-06-11,2,33,3,38997
2526,2025-06-11,2,34,5,94995
2527,2025-06-11,2,35,6,17994
2528,2025-06-11,2,36,5,7495
2529,2025-06-11,2,37,4,9196
2530,2025-06-11,2,38,6,53994
2531,2025-06-11,2,39,8,27992
2532,2025-06-11,2,40,3,1797
2533,2025-06-11,2,41,9,22491
2534,2025-06-11,2,43,2,3998
2535,2025-06-11,2,44,2,2598
2536,2025-06-11,2,45,1,4999
2537,2025-06-11,2,46,1,799
2538,2025-06-11,2,48,1,3999
2539,2025-06-11,2,49,4,9996
2540,2025-06-11,2,50,3,3897
2541,2025-06-11,2,51,3,1497
2542,2025-06-11,2,52,1,1999
2543,2025-06-11,2,53,2,1798
2544,2025-06-11,2,54,8,4792
2545,2025-06-11,2,55,6,5394
2546,2025-06-11,2,56,7,4893
2547,2025-06-11,3,1,3,8997
2548,2025-06-11,3,3,4,19996
2549,2025-06-11,3,4,1,1499
2550,2025-06-11,3,5,10,12990
2551,2025-06-11,3,6,1,899
2552,2025-06-11,3,7,6,47994
2553,2025-06-11,3,9,3,1797
2554,2025-06-11,3,11,1,2499
2555,2025-06-11,3,12,3,1197
2556,2025-06-11,3,14,1,299
2557,2025-06-11,3,15,6,29994
2558,2025-06-11,3,16,4,3196
2559,2025-06-11,3,17,1,3999
2560,2025-06-11,3,18,4,7196
2561,2025-06-11,3,19,7,132993
2562,2025-06-11,3,21,7,17493
2563,2025-06-11,3,22,6,32994
2564,2025-06-11,3,23,2,9998
2565,2025-06-11,3,24,1,3499
2566,2025-06-11,3,25,10,49990
2567,2025-06-11,3,26,4,79996
2568,2025-06-11,3,27,1,1299
2569,2025-06-11,3,28,1,1799
2570,2025-06-11,3,29,5,12495
2571,2025-06-11,3,30,4,15996
2572,2025-06-11,3,31,5,9995
2573,2025-06-11,3,32,3,26997
2574,2025-06-11,3,33,4,51996
2575,2025-06-11,3,34,8,151992
2576,2025-06-11,3,35,2,5998
2577,2025-06-11,3,36,3,4497
2578,2025-06-11,3,37,6,13794
2579,2025-06-11,3,38,5,44995
2580,2025-06-11,3,39,4,13996
2581,2025-06-11,3,40,4,2396
2582,2025-06-11,3,41,4,9996
2583,2025-06-11,3,43,1,1999
2584,2025-06-11,3,44,3,3897
2585,2025-06-11,3,46,1,799
2586,2025-06-11,3,48,2,7998
2587,2025-06-11,3,49,2,4998
2588,2025-06-11,3,50,4,5196
2589,2025-06-11,3,51,2,998
2590,2025-06-11,3,53,2,1798
2591,2025-06-11,3,54,6,3594
2592,2025-06-11,3,55,2,1798
2593,2025-06-11,3,56,6,4194
2594,2025-06-11,4,1,8,23992
2595,2025-06-11,4,2,1,1999
2596,2025-06-11,4,3,2,9998
2597,2025-06-11,4,4,3,4497
2598,2025-06-11,4,5,16,20784
2599,2025-06-11,4,6,2,1798
2600,2025-06-11,4,7,5,39995
2601,2025-06-11,4,8,1,15999
2602,2025-06-11,4,9,5,2995
2603,2025-06-11,4,11,1,2499
2604,2025-06-11,4,12,6,2394
2605,2025-06-11,4,14,2,598
2606,2025-06-11,4,15,9,44991
2607,2025-06-11,4,16,4,3196
2608,2025-06-11,4,17,3,11997
2609,2025-06-11,4,18,4,7196
2610,2025-06-11,4,19,3,56997
2611,2025-06-11,4,21,11,27489
2612,2025-06-11,4,22,4,21996
2613,2025-06-11,4,23,4,19996
2614,2025-06-11,4,24,2,6998
2615,2025-06-11,4,25,8,39992
2616,2025-06-11,4,26,2,39998
2617,2025-06-11,4,27,1,1299
2618,2025-06-11,4,28,3,5397
2619,2025-06-11,4,29,11,27489
2620,2025-06-11,4,30,5,19995
2621,2025-06-11,4,31,11,21989
2622,2025-06-11,4,32,9,80991
2623,2025-06-11,4,33,4,51996
2624,2025-06-11,4,34,11,208989
2625,2025-06-11,4,35,2,5998
2626,2025-06-11,4,36,8,11992
2627,2025-06-11,4,37,9,20691
2628,2025-06-11,4,38,8,71992
2629,2025-06-11,4,39,6,20994
2630,2025-06-11,4,40,7,4193
2631,2025-06-11,4,41,8,19992
2632,2025-06-11,4,43,2,3998
2633,2025-06-11,4,44,3,3897
2634,2025-06-11,4,45,1,4999
2635,2025-06-11,4,46,4,3196
2636,2025-06-11,4,47,2,6998
2637,2025-06-11,4,48,4,15996
2638,2025-06-11,4,49,9,22491
2639,2025-06-11,4,50,4,5196
2640,2025-06-11,4,51,5,2495
2641,2025-06-11,4,52,3,5997
2642,2025-06-11,4,53,5,4495
2643,2025-06-11,4,54,10,5990
2644,2025-06-11,4,55,8,7192
2645,2025-06-11,4,56,6,4194
2646,2025-06-11,5,1,4,11996
2647,2025-06-11,5,3,2,9998
2648,2025-06-11,5,4,2,2998
2649,2025-06-11,5,5,12,15588
2650,2025-06-11,5,6,1,899
2651,2025-06-11,5,7,9,71991
2652,2025-06-11,5,9,1,599
2653,2025-06-11,5,12,4,1596
2654,2025-06-11,5,14,2,598
2655,2025-06-11,5,15,4,19996
2656,2025-06-11,5,16,2,1598
2657,2025-06-11,5,17,2,7998
2658,2025-06-11,5,18,6,10794
2659,2025-06-11,5,19,7,132993
2660,2025-06-11,5,21,3,7497
2661,2025-06-11,5,22,4,21996
2662,2025-06-11,5,23,1,4999
2663,2025-06-11,5,24,1,3499
2664,2025-06-11,5,25,7,34993
2665,2025-06-11,5,26,4,79996
2666,2025-06-11,5,28,1,1799
2667,2025-06-11,5,29,6,14994
2668,2025-06-11,5,30,5,19995
2669,2025-06-11,5,31,6,11994
2670,2025-06-11,5,32,7,62993
2671,2025-06-11,5,33,3,38997
2672,2025-06-11,5,34,9,170991
2673,2025-06-11,5,35,1,2999
2674,2025-06-11,5,36,2,2998
2675,2025-06-11,5,37,6,13794
2676,2025-06-11,5,38,3,26997
2677,2025-06-11,5,39,3,10497
2678,2025-06-11,5,40,5,2995
2679,2025-06-11,5,41,4,9996
2680,2025-06-11,5,43,2,3998
2681,2025-06-11,5,44,3,3897
2682,2025-06-11,5,46,2,1598
2683,2025-06-11,5,47,1,3499
2684,2025-06-11,5,48,2,7998
2685,2025-06-11,5,49,3,7497
2686,2025-06-11,5,50,1,1299
2687,2025-06-11,5,51,2,998
2688,2025-06-11,5,53,1,899
2689,2025-06-11,5,54,2,1198
2690,2025-06-11,5,55,4,3596
2691,2025-06-11,5,56,3,2097
2692,2025-06-11,6,1,7,20993
2693,2025-06-11,6,3,4,19996
2694,2025-06-11,6,4,2,2998
2695,2025-06-11,6,5,11,14289
2696,2025-06-11,6,6,1,899
2697,2025-06-11,6,7,8,63992
2698,2025-06-11,6,8,1,15999
2699,2025-06-11,6,9,3,1797
2700,2025-06-11,6,11,1,2499
2701,2025-06-11,6,12,6,2394
2702,2025-06-11,6,15,5,24995
2703,2025-06-11,6,16,8,6392
2704,2025-06-11,6,17,2,7998
2705,2025-06-11,6,18,6,10794
2706,2025-06-11,6,19,9,170991
2707,2025-06-11,6,21,10,24990
2708,2025-06-11,6,22,8,43992
2709,2025-06-11,6,23,3,14997
2710,2025-06-11,6,24,1,3499
2711,2025-06-11,6,25,7,34993
2712,2025-06-11,6,26,2,39998
2713,2025-06-11,6,27,1,1299
2714,2025-06-11,6,28,1,1799
2715,2025-06-11,6,29,3,7497
2716,2025-06-11,6,30,1,3999
2717,2025-06-11,6,31,11,21989
2718,2025-06-11,6,32,6,53994
2719,2025-06-11,6,33,4,51996
2720,2025-06-11,6,34,7,132993
2721,2025-06-11,6,35,4,11996
2722,2025-06-11,6,36,4,5996
2723,2025-06-11,6,37,9,20691
2724,2025-06-11,6,38,6,53994
2725,2025-06-11,6,39,7,24493
2726,2025-06-11,6,40,8,4792
2727,2025-06-11,6,41,6,14994
2728,2025-06-11,6,42,1,1799
2729,2025-06-11,6,43,2,3998
2730,2025-06-11,6,44,2,2598
2731,2025-06-11,6,45,1,4999
2732,2025-06-11,6,46,2,1598
2733,2025-06-11,6,48,2,7998
2734,2025-06-11,6,49,7,17493
2735,2025-06-11,6,50,2,2598
2736,2025-06-11,6,51,3,1497
2737,2025-06-11,6,52,2,3998
2738,2025-06-11,6,53,2,1798
2739,2025-06-11,6,54,10,5990
2740,2025-06-11,6,55,5,4495
2741,2025-06-11,6,56,5,3495
2742,2025-06-12,1,1,16,47984
2743,2025-06-12,1,3,1,4999
2744,2025-06-12,1,4,2,2998
2745,2025-06-12,1,5,10,12990
2746,2025-06-12,1,6,1,899
2747,2025-06-12,1,7,10,79990
2748,2025-06-12,1,8,1,15999
2749,2025-06-12,1,9,1,599
2750,2025-06-12,1,11,1,2499
2751,2025-06-12,1,12,4,1596
2752,2025-06-12,1,14,1,299
2753,2025-06-12,1,15,7,34993
2754,2025-06-12,1,16,6,4794
2755,2025-06-12,1,17,2,7998
2756,2025-06-12,1,18,7,12593
2757,2025-06-12,1,19,7,132993
2758,2025-06-12,1,21,9,22491
2759,2025-06-12,1,22,5,27495
2760,2025-06-12,1,23,4,19996
2761,2025-06-12,1,24,1,3499
2762,2025-06-12,1,25,4,19996
2763,2025-06-12,1,26,1,19999
2764,2025-06-12,1,28,2,3598
2765,2025-06-12,1,29,9,22491
2766,2025-06-12,1,30,7,27993
2767,2025-06-12,1,31,7,13993
2768,2025-06-12,1,32,7,62993
2769,2025-06-12,1,33,5,64995
2770,2025-06-12,1,34,7,132993
2771,2025-06-12,1,35,3,8997
2772,2025-06-12,1,36,4,5996
2773,2025-06-12,1,37,6,13794
2774,2025-06-12,1,38,5,44995
2775,2025-06-12,1,39,5,17495
2776,2025-06-12,1,40,4,2396
2777,2025-06-12,1,41,8,19992
2778,2025-06-12,1,43,1,1999
2779,2025-06-12,1,44,3,3897
2780,2025-06-12,1,45,1,4999
2781,2025-06-12,1,46,1,799
2782,2025-06-12,1,48,5,19995
2783,2025-06-12,1,49,2,4998
2784,2025-06-12,1,50,4,5196
2785,2025-06-12,1,51,1,499
2786,2025-06-12,1,52,2,3998
2787,2025-06-12,1,53,4,3596
2788,2025-06-12,1,54,5,2995
2789,2025-06-12,1,55,9,8091
2790,2025-06-12,1,56,6,4194
2791,2025-06-12,2,1,2,5998
2792,2025-06-12,2,2,1,1999
2793,2025-06-12,2,3,3,14997
2794,2025-06-12,2,4,3,4497
2795,2025-06-12,2,5,13,16887
2796,2025-06-12,2,6,2,1798
2797,2025-06-12,2,7,6,47994
2798,2025-06-12,2,9,6,3594
2799,2025-06-12,2,11,2,4998
2800,2025-06-12,2,12,3,1197
2801,2025-06-12,2,14,2,598
2802,2025-06-12,2,15,7,34993
2803,2025-06-12,2,16,1,799
2804,2025-06-12,2,17,2,7998
2805,2025-06-12,2,18,3,5397
2806,2025-06-12,2,19,6,113994
2807,2025-06-12,2,21,7,17493
2808,2025-06-12,2,22,6,32994
2809,2025-06-12,2,23,3,14997
2810,2025-06-12,2,24,2,6998
2811,2025-06-12,2,25,9,44991
2812,2025-06-12,2,26,4,79996
2813,2025-06-12,2,27,2,2598
2814,2025-06-12,2,28,1,1799
2815,2025-06-12,2,29,9,22491
2816,2025-06-12,2,30,3,11997
2817,2025-06-12,2,31,11,21989
2818,2025-06-12,2,32,5,44995
2819,2025-06-12,2,33,5,64995
2820,2025-06-12,2,34,5,94995
2821,2025-06-12,2,35,3,8997
2822,2025-06-12,2,36,4,5996
2823,2025-06-12,2,37,6,13794
2824,2025-06-12,2,38,3,26997
2825,2025-06-12,2,39,5,17495
2826,2025-06-12,2,40,4,2396
2827,2025-06-12,2,41,8,19992
2828,2025-06-12,2,43,3,5997
2829,2025-06-12,2,44,2,2598
2830,2025-06-12,2,46,1,799
2831,2025-06-12,2,47,1,3499
2832,2025-06-12,2,48,2,7998
2833,2025-06-12,2,49,5,12495
2834,2025-06-12,2,50,3,3897
2835,2025-06-12,2,51,2,998
2836,2025-06-12,2,52,2,3998
2837,2025-06-12,2,53,2,1798
2838,2025-06-12,2,54,5,2995
2839,2025-06-12,2,55,6,5394
2840,2025-06-12,2,56,4,2796
2841,2025-06-12,3,1,5,14995
2842,2025-06-12,3,3,1,4999
2843,2025-06-12,3,4,2,2998
2844,2025-06-12,3,5,10,12990
2845,2025-06-12,3,6,2,1798
2846,2025-06-12,3,7,4,31996
2847,2025-06-12,3,8,1,15999
2848,2025-06-12,3,9,1,599
2849,2025-06-12,3,11,1,2499
2850,2025-06-12,3,12,4,1596
2851,2025-06-12,3,14,1,299
2852,2025-06-12,3,15,7,34993
2853,2025-06-12,3,16,4,3196
2854,2025-06-12,3,17,3,11997
2855,2025-06-12,3,18,3,5397
2856,2025-06-12,3,19,5,94995
2857,2025-06-12,3,21,4,9996
2858,2025-06-12,3,22,2,10998
2859,2025-06-12,3,23,3,14997
2860,2025-06-12,3,24,1,3499
2861,2025-06-12,3,25,7,34993
2862,2025-06-12,3,26,3,59997
2863,2025-06-12,3,27,1,1299
2864,2025-06-12,3,28,1,1799
2865,2025-06-12,3,29,9,22491
2866,2025-06-12,3,30,8,31992
2867,2025-06-12,3,31,3,5997
2868,2025-06-12,3,32,5,44995
2869,2025-06-12,3,33,4,51996
2870,2025-06-12,3,34,7,132993
2871,2025-06-12,3,35,2,5998
2872,2025-06-12,3,36,4,5996
2873,2025-06-12,3,37,3,6897
2874,2025-06-12,3,38,5,44995
2875,2025-06-12,3,39,4,13996
2876,2025-06-12,3,40,6,3594
2877,2025-06-12,3,41,5,12495
2878,2025-06-12,3,43,2,3998
2879,2025-06-12,3,44,2,2598
2880,2025-06-12,3,45,1,4999
2881,2025-06-12,3,46,3,2397
2882,2025-06-12,3,47,1,3499
2883,2025-06-12,3,48,3,11997
2884,2025-06-12,3,49,5,12495
2885,2025-06-12,3,50,4,5196
2886,2025-06-12,3,51,2,998
2887,2025-06-12,3,52,2,3998
2888,2025-06-12,3,54,8,4792
2889,2025-06-12,3,55,6,5394
2890,2025-06-12,3,56,3,2097
2891,2025-06-12,4,1,8,23992
2892,2025-06-12,4,2,1,1999
2893,2025-06-12,4,3,2,9998
2894,2025-06-12,4,4,1,1499
2895,2025-06-12,4,5,10,12990
2896,2025-06-12,4,7,11,87989
2897,2025-06-12,4,8,1,15999
2898,2025-06-12,4,9,3,1797
2899,2025-06-12,4,10,1,299
2900,2025-06-12,4,11,1,2499
2901,2025-06-12,4,12,5,1995
2902,2025-06-12,4,14,3,897
2903,2025-06-12,4,15,4,19996
2904,2025-06-12,4,16,6,4794
2905,2025-06-12,4,17,3,11997
2906,2025-06-12,4,18,6,10794
2907,2025-06-12,4,19,11,208989
2908,2025-06-12,4,21,7,17493
2909,2025-06-12,4,22,10,54990
2910,2025-06-12,4,23,4,19996
2911,2025-06-12,4,24,1,3499
2912,2025-06-12,4,25,9,44991
2913,2025-06-12,4,26,5,99995
2914,2025-06-12,4,27,1,1299
2915,2025-06-12,4,28,1,1799
2916,2025-06-12,4,29,5,12495
2917,2025-06-12,4,30,7,27993
2918,2025-06-12,4,31,16,31984
2919,2025-06-12,4,32,9,80991
2920,2025-06-12,4,33,3,38997
2921,2025-06-12,4,34,7,132993
2922,2025-06-12,4,35,3,8997
2923,2025-06-12,4,36,6,8994
2924,2025-06-12,4,37,8,18392
2925,2025-06-12,4,38,9,80991
2926,2025-06-12,4,39,6,20994
2927,2025-06-12,4,40,6,3594
2928,2025-06-12,4,41,9,22491
2929,2025-06-12,4,43,2,3998
2930,2025-06-12,4,44,3,3897
2931,2025-06-12,4,45,2,9998
2932,2025-06-12,4,46,3,2397
2933,2025-06-12,4,47,1,3499
2934,2025-06-12,4,48,4,15996
2935,2025-06-12,4,49,4,9996
2936,2025-06-12,4,50,2,2598
2937,2025-06-12,4,51,4,1996
2938,2025-06-12,4,52,2,3998
2939,2025-06-12,4,53,4,3596
2940,2025-06-12,4,54,11,6589
2941,2025-06-12,4,55,6,5394
2942,2025-06-12,4,56,7,4893
2943,2025-06-12,5,1,2,5998
2944,2025-06-12,5,4,1,1499
2945,2025-06-12,5,5,9,11691
2946,2025-06-12,5,6,1,899
2947,2025-06-12,5,7,6,47994
2948,2025-06-12,5,9,1,599
2949,2025-06-12,5,11,2,4998
2950,2025-06-12,5,12,4,1596
2951,2025-06-12,5,14,1,299
2952,2025-06-12,5,15,4,19996
2953,2025-06-12,5,16,1,799
2954,2025-06-12,5,17,1,3999
2955,2025-06-12,5,18,3,5397
2956,2025-06-12,5,19,7,132993
2957,2025-06-12,5,21,8,19992
2958,2025-06-12,5,22,4,21996
2959,2025-06-12,5,23,2,9998
2960,2025-06-12,5,24,1,3499
2961,2025-06-12,5,25,7,34993
2962,2025-06-12,5,26,2,39998
2963,2025-06-12,5,28,1,1799
2964,2025-06-12,5,29,4,9996
2965,2025-06-12,5,30,4,15996
2966,2025-06-12,5,31,7,13993
2967,2025-06-12,5,32,5,44995
2968,2025-06-12,5,33,3,38997
2969,2025-06-12,5,34,6,113994
2970,2025-06-12,5,35,2,5998
2971,2025-06-12,5,36,3,4497
2972,2025-06-12,5,37,6,13794
2973,2025-06-12,5,38,2,17998
2974,2025-06-12,5,39,6,20994
2975,2025-06-12,5,40,2,1198
2976,2025-06-12,5,41,2,4998
2977,2025-06-12,5,43,1,1999
2978,2025-06-12,5,44,2,2598
2979,2025-06-12,5,46,1,799
2980,2025-06-12,5,47,1,3499
2981,2025-06-12,5,48,1,3999
2982,2025-06-12,5,49,6,14994
2983,2025-06-12,5,50,4,5196
2984,2025-06-12,5,51,2,998
2985,2025-06-12,5,53,2,1798
2986,2025-06-12,5,54,6,3594
2987,2025-06-12,5,55,3,2697
2988,2025-06-12,5,56,4,2796
2989,2025-06-12,6,1,3,8997
2990,2025-06-12,6,3,2,9998
2991,2025-06-12,6,4,2,2998
2992,2025-06-12,6,5,12,15588
2993,2025-06-12,6,6,2,1798
2994,2025-06-12,6,7,6,47994
2995,2025-06-12,6,8,1,15999
2996,2025-06-12,6,9,4,2396
2997,2025-06-12,6,11,2,4998
2998,2025-06-12,6,12,4,1596
2999,2025-06-12,6,14,2,598
3000,2025-06-12,6,15,6,29994
3001,2025-06-12,6,16,8,6392
3002,2025-06-12,6,17,3,11997
3003,2025-06-12,6,18,6,10794
3004,2025-06-12,6,19,7,132993
3005,2025-06-12,6,21,5,12495
3006,2025-06-12,6,22,6,32994
3007,2025-06-12,6,23,4,19996
3008,2025-06-12,6,24,1,3499
3009,2025-06-12,6,25,8,39992
3010,2025-06-12,6,26,2,39998
3011,2025-06-12,6,27,1,1299
3012,2025-06-12,6,28,1,1799
3013,2025-06-12,6,29,8,19992
3014,2025-06-12,6,30,3,11997
3015,2025-06-12,6,31,5,9995
3016,2025-06-12,6,32,6,53994
3017,2025-06-12,6,33,3,38997
3018,2025-06-12,6,34,11,208989
3019,2025-06-12,6,35,3,8997
3020,2025-06-12,6,36,6,8994
3021,2025-06-12,6,37,7,16093
3022,2025-06-12,6,38,4,35996
3023,2025-06-12,6,39,13,45487
3024,2025-06-12,6,40,4,2396
3025,2025-06-12,6,41,7,17493
3026,2025-06-12,6,43,3,5997
3027,2025-06-12,6,44,3,3897
3028,2025-06-12,6,45,2,9998
3029,2025-06-12,6,46,2,1598
3030,2025-06-12,6,47,1,3499
3031,2025-06-12,6,48,2,7998
3032,2025-06-12,6,49,2,4998
3033,2025-06-12,6,50,3,3897
3034,2025-06-12,6,51,5,2495
3035,2025-06-12,6,52,3,5997
3036,2025-06-12,6,53,1,899
3037,2025-06-12,6,54,7,4193
3038,2025-06-12,6,55,6,5394
3039,2025-06-12,6,56,6,4194
3040,2025-06-13,1,1,13,38987
3041,2025-06-13,1,3,3,14997
3042,2025-06-13,1,4,1,1499
3043,2025-06-13,1,5,19,24681
3044,2025-06-13,1,6,2,1798
3045,2025-06-13,1,7,10,79990
3046,2025-06-13,1,8,1,15999
3047,2025-06-13,1,9,5,2995
3048,2025-06-13,1,10,1,299
3049,2025-06-13,1,11,1,2499
3050,2025-06-13,1,12,4,1596
3051,2025-06-13,1,14,3,897
3052,2025-06-13,1,15,1,4999
3053,2025-06-13,1,16,2,1598
3054,2025-06-13,1,17,2,7998
3055,2025-06-13,1,18,6,10794
3056,2025-06-13,1,19,9,170991
3057,2025-06-13,1,21,8,19992
3058,2025-06-13,1,22,8,43992
3059,2025-06-13,1,23,2,9998
3060,2025-06-13,1,24,2,6998
3061,2025-06-13,1,25,7,34993
3062,2025-06-13,1,26,4,79996
3063,2025-06-13,1,27,1,1299
3064,2025-06-13,1,28,2,3598
3065,2025-06-13,1,29,3,7497
3066,2025-06-13,1,30,4,15996
3067,2025-06-13,1,31,11,21989
3068,2025-06-13,1,32,6,53994
3069,2025-06-13,1,33,3,38997
3070,2025-06-13,1,34,12,227988
3071,2025-06-13,1,35,3,8997
3072,2025-06-13,1,36,5,7495
3073,2025-06-13,1,37,5,11495
3074,2025-06-13,1,38,4,35996
3075,2025-06-13,1,39,7,24493
3076,2025-06-13,1,40,6,3594
3077,2025-06-13,1,41,9,22491
3078,2025-06-13,1,43,3,5997
3079,2025-06-13,1,44,2,2598
3080,2025-06-13,1,45,1,4999
3081,2025-06-13,1,46,2,1598
3082,2025-06-13,1,48,3,11997
3083,2025-06-13,1,49,8,19992
3084,2025-06-13,1,50,4,5196
3085,2025-06-13,1,51,3,1497
3086,2025-06-13,1,53,3,2697
3087,2025-06-13,1,54,10,5990
3088,2025-06-13,1,55,4,3596
3089,2025-06-13,1,56,3,2097
3090,2025-06-13,2,1,5,14995
3091,2025-06-13,2,3,3,14997
3092,2025-06-13,2,4,2,2998
3093,2025-06-13,2,5,9,11691
3094,2025-06-13,2,6,1,899
3095,2025-06-13,2,7,6,47994
3096,2025-06-13,2,9,2,1198
3097,2025-06-13,2,11,2,4998
3098,2025-06-13,2,12,1,399
3099,2025-06-13,2,14,2,598
3100,2025-06-13,2,15,3,14997
3101,2025-06-13,2,16,5,3995
3102,2025-06-13,2,17,1,3999
3103,2025-06-13,2,18,3,5397
3104,2025-06-13,2,19,3,56997
3105,2025-06-13,2,21,5,12495
3106,2025-06-13,2,22,9,49491
3107,2025-06-13,2,23,3,14997
3108,2025-06-13,2,24,1,3499
3109,2025-06-13,2,25,11,54989
3110,2025-06-13,2,26,3,59997
3111,2025-06-13,2,28,1,1799
3112,2025-06-13,2,29,7,17493
3113,2025-06-13,2,30,3,11997
3114,2025-06-13,2,31,10,19990
3115,2025-06-13,2,32,2,17998
3116,2025-06-13,2,33,4,51996
3117,2025-06-13,2,34,7,132993
3118,2025-06-13,2,35,2,5998
3119,2025-06-13,2,36,7,10493
3120,2025-06-13,2,37,8,18392
3121,2025-06-13,2,38,7,62993
3122,2025-06-13,2,39,4,13996
3123,2025-06-13,2,40,6,3594
3124,2025-06-13,2,41,5,12495
3125,2025-06-13,2,43,2,3998
3126,2025-06-13,2,45,1,4999
3127,2025-06-13,2,46,3,2397
3128,2025-06-13,2,47,1,3499
3129,2025-06-13,2,48,3,11997
3130,2025-06-13,2,49,4,9996
3131,2025-06-13,2,50,2,2598
3132,2025-06-13,2,51,3,1497
3133,2025-06-13,2,52,1,1999
3134,2025-06-13,2,53,2,1798
3135,2025-06-13,2,54,1,599
3136,2025-06-13,2,55,7,6293
3137,2025-06-13,2,56,3,2097
3138,2025-06-13,3,1,3,8997
3139,2025-06-13,3,3,3,14997
3140,2025-06-13,3,4,1,1499
3141,2025-06-13,3,5,8,10392
3142,2025-06-13,3,6,1,899
3143,2025-06-13,3,7,5,39995
3144,2025-06-13,3,8,1,15999
3145,2025-06-13,3,9,1,599
3146,2025-06-13,3,11,2,4998
3147,2025-06-13,3,12,4,1596
3148,2025-06-13,3,14,1,299
3149,2025-06-13,3,15,5,24995
3150,2025-06-13,3,16,3,2397
3151,2025-06-13,3,17,1,3999
3152,2025-06-13,3,18,7,12593
3153,2025-06-13,3,19,4,75996
3154,2025-06-13,3,21,4,9996
3155,2025-06-13,3,22,2,10998
3156,2025-06-13,3,23,2,9998
3157,2025-06-13,3,24,1,3499
3158,2025-06-13,3,25,7,34993
3159,2025-06-13,3,26,3,59997
3160,2025-06-13,3,28,1,1799
3161,2025-06-13,3,29,9,22491
3162,2025-06-13,3,30,4,15996
3163,2025-06-13,3,31,10,19990
3164,2025-06-13,3,32,5,44995
3165,2025-06-13,3,33,3,38997
3166,2025-06-13,3,34,7,132993
3167,2025-06-13,3,35,2,5998
3168,2025-06-13,3,36,3,4497
3169,2025-06-13,3,37,5,11495
3170,2025-06-13,3,38,2,17998
3171,2025-06-13,3,39,8,27992
3172,2025-06-13,3,40,6,3594
3173,2025-06-13,3,41,7,17493
3174,2025-06-13,3,43,2,3998
3175,2025-06-13,3,44,3,3897
3176,2025-06-13,3,46,1,799
3177,2025-06-13,3,48,1,3999
3178,2025-06-13,3,49,4,9996
3179,2025-06-13,3,50,2,2598
3180,2025-06-13,3,51,5,2495
3181,2025-06-13,3,52,1,1999
3182,2025-06-13,3,53,2,1798
3183,2025-06-13,3,54,3,1797
3184,2025-06-13,3,55,4,3596
3185,2025-06-13,3,56,5,3495
3186,2025-06-13,4,1,5,14995
3187,2025-06-13,4,3,4,19996
3188,2025-06-13,4,4,3,4497
3189,2025-06-13,4,5,4,5196
3190,2025-06-13,4,6,2,1798
3191,2025-06-13,4,7,8,63992
3192,2025-06-13,4,8,2,31998
3193,2025-06-13,4,9,6,3594
3194,2025-06-13,4,11,3,7497
3195,2025-06-13,4,12,6,2394
3196,2025-06-13,4,14,2,598
3197,2025-06-13,4,15,8,39992
3198,2025-06-13,4,16,5,3995
3199,2025-06-13,4,17,2,7998
3200,2025-06-13,4,18,8,14392
3201,2025-06-13,4,19,5,94995
3202,2025-06-13,4,21,6,14994
3203,2025-06-13,4,22,6,32994
3204,2025-06-13,4,23,4,19996
3205,2025-06-13,4,24,2,6998
3206,2025-06-13,4,25,12,59988
3207,2025-06-13,4,26,3,59997
3208,2025-06-13,4,27,1,1299
3209,2025-06-13,4,29,15,37485
3210,2025-06-13,4,30,7,27993
3211,2025-06-13,4,31,10,19990
3212,2025-06-13,4,32,6,53994
3213,2025-06-13,4,33,5,64995
3214,2025-06-13,4,34,5,94995
3215,2025-06-13,4,35,3,8997
3216,2025-06-13,4,36,5,7495
3217,2025-06-13,4,37,5,11495
3218,2025-06-13,4,38,5,44995
3219,2025-06-13,4,39,4,13996
3220,2025-06-13,4,40,7,4193
3221,2025-06-13,4,41,10,24990
3222,2025-06-13,4,42,1,1799
3223,2025-06-13,4,43,3,5997
3224,2025-06-13,4,44,2,2598
3225,2025-06-13,4,45,1,4999
3226,2025-06-13,4,46,1,799
3227,2025-06-13,4,48,5,19995
3228,2025-06-13,4,49,5,12495
3229,2025-06-13,4,50,6,7794
3230,2025-06-13,4,51,4,1996
3231,2025-06-13,4,52,4,7996
3232,2025-06-13,4,53,2,1798
3233,2025-06-13,4,54,5,2995
3234,2025-06-13,4,55,7,6293
3235,2025-06-13,4,56,2,1398
3236,2025-06-13,5,1,6,17994
3237,2025-06-13,5,3,2,9998
3238,2025-06-13,5,4,2,2998
3239,2025-06-13,5,5,8,10392
3240,2025-06-13,5,7,8,63992
3241,2025-06-13,5,9,2,1198
3242,2025-06-13,5,11,2,4998
3243,2025-06-13,5,12,5,1995
3244,2025-06-13,5,14,1,299
3245,2025-06-13,5,15,5,24995
3246,2025-06-13,5,16,2,1598
3247,2025-06-13,5,17,1,3999
3248,2025-06-13,5,19,2,37998
3249,2025-06-13,5,21,5,12495
3250,2025-06-13,5,22,5,27495
3251,2025-06-13,5,23,3,14997
3252,2025-06-13,5,24,1,3499
3253,2025-06-13,5,25,3,14997
3254,2025-06-13,5,26,2,39998
3255,2025-06-13,5,27,1,1299
3256,2025-06-13,5,28,1,1799
3257,2025-06-13,5,29,3,7497
3258,2025-06-13,5,30,3,11997
3259,2025-06-13,5,31,4,7996
3260,2025-06-13,5,32,3,26997
3261,2025-06-13,5,33,4,51996
3262,2025-06-13,5,34,8,151992
3263,2025-06-13,5,35,1,2999
3264,2025-06-13,5,36,2,2998
3265,2025-06-13,5,37,5,11495
3266,2025-06-13,5,38,4,35996
3267,2025-06-13,5,39,2,6998
3268,2025-06-13,5,40,3,1797
3269,2025-06-13,5,41,7,17493
3270,2025-06-13,5,43,3,5997
3271,2025-06-13,5,44,3,3897
3272,2025-06-13,5,45,1,4999
3273,2025-06-13,5,46,1,799
3274,2025-06-13,5,48,1,3999
3275,2025-06-13,5,49,3,7497
3276,2025-06-13,5,50,3,3897
3277,2025-06-13,5,51,3,1497
3278,2025-06-13,5,52,2,3998
3279,2025-06-13,5,53,1,899
3280,2025-06-13,5,54,5,2995
3281,2025-06-13,5,55,3,2697
3282,2025-06-13,5,56,4,2796
3283,2025-06-13,6,1,8,23992
3284,2025-06-13,6,3,1,4999
3285,2025-06-13,6,4,2,2998
3286,2025-06-13,6,5,3,3897
3287,2025-06-13,6,7,4,31996
3288,2025-06-13,6,8,1,15999
3289,2025-06-13,6,9,3,1797
3290,2025-06-13,6,10,1,299
3291,2025-06-13,6,11,1,2499
3292,2025-06-13,6,12,5,1995
3293,2025-06-13,6,14,2,598
3294,2025-06-13,6,15,5,24995
3295,2025-06-13,6,16,6,4794
3296,2025-06-13,6,17,3,11997
3297,2025-06-13,6,18,3,5397
3298,2025-06-13,6,19,8,151992
3299,2025-06-13,6,21,3,7497
3300,2025-06-13,6,22,6,32994
3301,2025-06-13,6,23,4,19996
3302,2025-06-13,6,24,1,3499
3303,2025-06-13,6,25,9,44991
3304,2025-06-13,6,26,3,59997
3305,2025-06-13,6,27,1,1299
3306,2025-06-13,6,28,1,1799
3307,2025-06-13,6,29,8,19992
3308,2025-06-13,6,30,5,19995
3309,2025-06-13,6,31,10,19990
3310,2025-06-13,6,32,4,35996
3311,2025-06-13,6,33,4,51996
3312,2025-06-13,6,34,2,37998
3313,2025-06-13,6,35,2,5998
3314,2025-06-13,6,36,2,2998
3315,2025-06-13,6,37,6,13794
3316,2025-06-13,6,38,6,53994
3317,2025-06-13,6,39,3,10497
3318,2025-06-13,6,40,6,3594
3319,2025-06-13,6,41,5,12495
3320,2025-06-13,6,42,1,1799
3321,2025-06-13,6,43,2,3998
3322,2025-06-13,6,44,2,2598
3323,2025-06-13,6,45,1,4999
3324,2025-06-13,6,46,2,1598
3325,2025-06-13,6,47,1,3499
3326,2025-06-13,6,48,2,7998
3327,2025-06-13,6,49,4,9996
3328,2025-06-13,6,50,2,2598
3329,2025-06-13,6,51,4,1996
3330,2025-06-13,6,52,1,1999
3331,2025-06-13,6,53,2,1798
3332,2025-06-13,6,54,10,5990
3333,2025-06-13,6,55,5,4495
3334,2025-06-13,6,56,6,4194
3335,2025-06-14,1,1,23,68977
3336,2025-06-14,1,2,1,1999
3337,2025-06-14,1,3,3,14997
3338,2025-06-14,1,4,2,2998
3339,2025-06-14,1,5,13,16887
3340,2025-06-14,1,6,2,1798
3341,2025-06-14,1,7,16,127984
3342,2025-06-14,1,8,1,15999
3343,2025-06-14,1,9,5,2995
3344,2025-06-14,1,10,1,299
3345,2025-06-14,1,11,2,4998
3346,2025-06-14,1,12,8,3192
3347,2025-06-14,1,13,1,499
3348,2025-06-14,1,14,2,598
3349,2025-06-14,1,15,7,34993
3350,2025-06-14,1,16,4,3196
3351,2025-06-14,1,17,3,11997
3352,2025-06-14,1,18,5,8995
3353,2025-06-14,1,19,7,132993
3354,2025-06-14,1,21,7,17493
3355,2025-06-14,1,22,15,82485
3356,2025-06-14,1,23,7,34993
3357,2025-06-14,1,24,2,6998
3358,2025-06-14,1,25,14,69986
3359,2025-06-14,1,26,4,79996
3360,2025-06-14,1,27,3,3897
3361,2025-06-14,1,28,1,1799
3362,2025-06-14,1,29,8,19992
3363,2025-06-14,1,30,10,39990
3364,2025-06-14,1,31,11,21989
3365,2025-06-14,1,32,11,98989
3366,2025-06-14,1,33,9,116991
3367,2025-06-14,1,34,5,94995
3368,2025-06-14,1,35,6,17994
3369,2025-06-14,1,36,10,14990
3370,2025-06-14,1,37,6,13794
3371,2025-06-14,1,38,6,53994
3372,2025-06-14,1,39,16,55984
3373,2025-06-14,1,40,6,3594
3374,2025-06-14,1,41,9,22491
3375,2025-06-14,1,43,2,3998
3376,2025-06-14,1,44,4,5196
3377,2025-06-14,1,45,1,4999
3378,2025-06-14,1,46,2,1598
3379,2025-06-14,1,47,1,3499
3380,2025-06-14,1,48,3,11997
3381,2025-06-14,1,49,7,17493
3382,2025-06-14,1,50,4,5196
3383,2025-06-14,1,51,6,2994
3384,2025-06-14,1,52,4,7996
3385,2025-06-14,1,53,4,3596
3386,2025-06-14,1,54,11,6589
3387,2025-06-14,1,55,12,10788
3388,2025-06-14,1,56,7,4893
3389,2025-06-14,2,1,6,17994
3390,2025-06-14,2,3,3,14997
3391,2025-06-14,2,4,3,4497
3392,2025-06-14,2,5,11,14289
3393,2025-06-14,2,6,2,1798
3394,2025-06-14,2,7,12,95988
3395,2025-06-14,2,8,1,15999
3396,2025-06-14,2,9,5,2995
3397,2025-06-14,2,11,2,4998
3398,2025-06-14,2,12,6,2394
3399,2025-06-14,2,14,4,1196
3400,2025-06-14,2,15,7,34993
3401,2025-06-14,2,16,6,4794
3402,2025-06-14,2,17,2,7998
3403,2025-06-14,2,18,7,12593
3404,2025-06-14,2,19,2,37998
3405,2025-06-14,2,21,3,7497
3406,2025-06-14,2,22,4,21996
3407,2025-06-14,2,23,3,14997
3408,2025-06-14,2,24,1,3499
3409,2025-06-14,2,25,13,64987
3410,2025-06-14,2,26,3,59997
3411,2025-06-14,2,27,2,2598
3412,2025-06-14,2,28,1,1799
3413,2025-06-14,2,29,12,29988
3414,2025-06-14,2,30,7,27993
3415,2025-06-14,2,31,14,27986
3416,2025-06-14,2,32,5,44995
3417,2025-06-14,2,33,4,51996
3418,2025-06-14,2,34,9,170991
3419,2025-06-14,2,35,3,8997
3420,2025-06-14,2,36,3,4497
3421,2025-06-14,2,37,8,18392
3422,2025-06-14,2,38,6,53994
3423,2025-06-14,2,39,12,41988
3424,2025-06-14,2,40,5,2995
3425,2025-06-14,2,41,6,14994
3426,2025-06-14,2,43,4,7996
3427,2025-06-14,2,44,2,2598
3428,2025-06-14,2,45,1,4999
3429,2025-06-14,2,46,1,799
3430,2025-06-14,2,47,1,3499
3431,2025-06-14,2,48,1,3999
3432,2025-06-14,2,49,6,14994
3433,2025-06-14,2,50,4,5196
3434,2025-06-14,2,51,5,2495
3435,2025-06-14,2,52,2,3998
3436,2025-06-14,2,53,2,1798
3437,2025-06-14,2,54,10,5990
3438,2025-06-14,2,55,11,9889
3439,2025-06-14,2,56,6,4194
3440,2025-06-14,3,1,6,17994
3441,2025-06-14,3,3,3,14997
3442,2025-06-14,3,4,2,2998
3443,2025-06-14,3,5,14,18186
3444,2025-06-14,3,6,1,899
3445,2025-06-14,3,7,8,63992
3446,2025-06-14,3,8,1,15999
3447,2025-06-14,3,9,3,1797
3448,2025-06-14,3,10,1,299
3449,2025-06-14,3,11,2,4998
3450,2025-06-14,3,12,5,1995
3451,2025-06-14,3,14,2,598
3452,2025-06-14,3,15,6,29994
3453,2025-06-14,3,16,3,2397
3454,2025-06-14,3,17,3,11997
3455,2025-06-14,3,18,6,10794
3456,2025-06-14,3,19,4,75996
3457,2025-06-14,3,21,3,7497
3458,2025-06-14,3,22,6,32994
3459,2025-06-14,3,23,2,9998
3460,2025-06-14,3,24,1,3499
3461,2025-06-14,3,25,10,49990
3462,2025-06-14,3,26,7,139993
3463,2025-06-14,3,28,2,3598
3464,2025-06-14,3,29,6,14994
3465,2025-06-14,3,30,6,23994
3466,2025-06-14,3,31,8,15992
3467,2025-06-14,3,32,8,71992
3468,2025-06-14,3,33,4,51996
3469,2025-06-14,3,34,11,208989
3470,2025-06-14,3,35,4,11996
3471,2025-06-14,3,36,6,8994
3472,2025-06-14,3,37,3,6897
3473,2025-06-14,3,38,9,80991
3474,2025-06-14,3,39,7,24493
3475,2025-06-14,3,40,4,2396
3476,2025-06-14,3,41,8,19992
3477,2025-06-14,3,43,2,3998
3478,2025-06-14,3,44,3,3897
3479,2025-06-14,3,45,1,4999
3480,2025-06-14,3,46,2,1598
3481,2025-06-14,3,47,1,3499
3482,2025-06-14,3,48,3,11997
3483,2025-06-14,3,49,10,24990
3484,2025-06-14,3,50,4,5196
3485,2025-06-14,3,51,5,2495
3486,2025-06-14,3,52,2,3998
3487,2025-06-14,3,53,2,1798
3488,2025-06-14,3,54,7,4193
3489,2025-06-14,3,55,8,7192
3490,2025-06-14,3,56,3,2097
3491,2025-06-14,4,1,8,23992
3492,2025-06-14,4,2,1,1999
3493,2025-06-14,4,3,2,9998
3494,2025-06-14,4,4,3,4497
3495,2025-06-14,4,5,14,18186
3496,2025-06-14,4,6,1,899
3497,2025-06-14,4,7,12,95988
3498,2025-06-14,4,9,7,4193
3499,2025-06-14,4,11,2,4998
3500,2025-06-14,4,12,9,3591
3501,2025-06-14,4,13,2,998
3502,2025-06-14,4,14,3,897
3503,2025-06-14,4,15,6,29994
3504,2025-06-14,4,16,8,6392
3505,2025-06-14,4,17,4,15996
3506,2025-06-14,4,18,9,16191
3507,2025-06-14,4,19,10,189990
3508,2025-06-14,4,21,3,7497
3509,2025-06-14,4,22,7,38493
3510,2025-06-14,4,23,4,19996
3511,2025-06-14,4,24,3,10497
3512,2025-06-14,4,25,13,64987
3513,2025-06-14,4,26,3,59997
3514,2025-06-14,4,27,2,2598
3515,2025-06-14,4,28,2,3598
3516,2025-06-14,4,29,14,34986
3517,2025-06-14,4,30,13,51987
3518,2025-06-14,4,31,15,29985
3519,2025-06-14,4,32,12,107988
3520,2025-06-14,4,33,5,64995
3521,2025-06-14,4,34,10,189990
3522,2025-06-14,4,35,4,11996
3523,2025-06-14,4,36,8,11992
3524,2025-06-14,4,37,10,22990
3525,2025-06-14,4,38,6,53994
3526,2025-06-14,4,39,10,34990
3527,2025-06-14,4,40,9,5391
3528,2025-06-14,4,41,10,24990
3529,2025-06-14,4,42,1,1799
3530,2025-06-14,4,43,1,1999
3531,2025-06-14,4,44,4,5196
3532,2025-06-14,4,45,2,9998
3533,2025-06-14,4,46,4,3196
3534,2025-06-14,4,47,2,6998
3535,2025-06-14,4,48,1,3999
3536,2025-06-14,4,49,7,17493
3537,2025-06-14,4,50,5,6495
3538,2025-06-14,4,51,4,1996
3539,2025-06-14,4,52,5,9995
3540,2025-06-14,4,53,2,1798
3541,2025-06-14,4,54,9,5391
3542,2025-06-14,4,55,7,6293
3543,2025-06-14,4,56,11,7689
3544,2025-06-14,5,1,6,17994
3545,2025-06-14,5,3,2,9998
3546,2025-06-14,5,4,1,1499
3547,2025-06-14,5,5,16,20784
3548,2025-06-14,5,6,1,899
3549,2025-06-14,5,7,11,87989
3550,2025-06-14,5,9,4,2396
3551,2025-06-14,5,10,1,299
3552,2025-06-14,5,11,3,7497
3553,2025-06-14,5,12,4,1596
3554,2025-06-14,5,14,1,299
3555,2025-06-14,5,15,4,19996
3556,2025-06-14,5,16,2,1598
3557,2025-06-14,5,17,3,11997
3558,2025-06-14,5,18,5,8995
3559,2025-06-14,5,19,6,113994
3560,2025-06-14,5,21,10,24990
3561,2025-06-14,5,22,7,38493
3562,2025-06-14,5,23,5,24995
3563,2025-06-14,5,24,1,3499
3564,2025-06-14,5,25,5,24995
3565,2025-06-14,5,26,4,79996
3566,2025-06-14,5,28,1,1799
3567,2025-06-14,5,29,4,9996
3568,2025-06-14,5,30,7,27993
3569,2025-06-14,5,31,12,23988
3570,2025-06-14,5,32,5,44995
3571,2025-06-14,5,33,3,38997
3572,2025-06-14,5,34,6,113994
3573,2025-06-14,5,35,3,8997
3574,2025-06-14,5,36,3,4497
3575,2025-06-14,5,37,6,13794
3576,2025-06-14,5,38,8,71992
3577,2025-06-14,5,39,7,24493
3578,2025-06-14,5,40,5,2995
3579,2025-06-14,5,41,4,9996
3580,2025-06-14,5,43,2,3998
3581,2025-06-14,5,44,4,5196
3582,2025-06-14,5,45,1,4999
3583,2025-06-14,5,46,1,799
3584,2025-06-14,5,47,1,3499
3585,2025-06-14,5,48,2,7998
3586,2025-06-14,5,49,5,12495
3587,2025-06-14,5,50,3,3897
3588,2025-06-14,5,51,3,1497
3589,2025-06-14,5,52,2,3998
3590,2025-06-14,5,53,2,1798
3591,2025-06-14,5,54,13,7787
3592,2025-06-14,5,55,5,4495
3593,2025-06-14,5,56,4,2796
3594,2025-06-14,6,1,7,20993
3595,2025-06-14,6,2,1,1999
3596,2025-06-14,6,3,2,9998
3597,2025-06-14,6,4,1,1499
3598,2025-06-14,6,5,15,19485
3599,2025-06-14,6,6,2,1798
3600,2025-06-14,6,7,7,55993
3601,2025-06-14,6,8,1,15999
3602,2025-06-14,6,9,4,2396
3603,2025-06-14,6,10,1,299
3604,2025-06-14,6,11,3,7497
3605,2025-06-14,6,12,7,2793
3606,2025-06-14,6,14,2,598
3607,2025-06-14,6,15,10,49990
3608,2025-06-14,6,16,6,4794
3609,2025-06-14,6,17,4,15996
3610,2025-06-14,6,18,11,19789
3611,2025-06-14,6,19,12,227988
3612,2025-06-14,6,21,7,17493
3613,2025-06-14,6,22,8,43992
3614,2025-06-14,6,23,1,4999
3615,2025-06-14,6,24,2,6998
3616,2025-06-14,6,25,14,69986
3617,2025-06-14,6,26,7,139993
3618,2025-06-14,6,27,1,1299
3619,2025-06-14,6,28,3,5397
3620,2025-06-14,6,29,12,29988
3621,2025-06-14,6,30,7,27993
3622,2025-06-14,6,31,9,17991
3623,2025-06-14,6,32,6,53994
3624,2025-06-14,6,33,8,103992
3625,2025-06-14,6,34,9,170991
3626,2025-06-14,6,35,2,5998
3627,2025-06-14,6,36,8,11992
3628,2025-06-14,6,37,10,22990
3629,2025-06-14,6,38,1,8999
3630,2025-06-14,6,39,5,17495
3631,2025-06-14,6,40,5,2995
3632,2025-06-14,6,41,7,17493
3633,2025-06-14,6,43,3,5997
3634,2025-06-14,6,44,4,5196
3635,2025-06-14,6,45,1,4999
3636,2025-06-14,6,46,2,1598
3637,2025-06-14,6,47,1,3499
3638,2025-06-14,6,48,3,11997
3639,2025-06-14,6,49,3,7497
3640,2025-06-14,6,50,4,5196
3641,2025-06-14,6,51,5,2495
3642,2025-06-14,6,52,2,3998
3643,2025-06-14,6,53,3,2697
3644,2025-06-14,6,54,9,5391
3645,2025-06-14,6,55,6,5394
3646,2025-06-14,6,56,4,2796
3647,2025-06-15,1,1,20,59980
3648,2025-06-15,1,2,1,1999
3649,2025-06-15,1,3,5,24995
3650,2025-06-15,1,4,2,2998
3651,2025-06-15,1,5,14,18186
3652,2025-06-15,1,6,2,1798
3653,2025-06-15,1,7,15,119985
3654,2025-06-15,1,8,2,31998
3655,2025-06-15,1,9,2,1198
3656,2025-06-15,1,11,3,7497
3657,2025-06-15,1,12,4,1596
3658,2025-06-15,1,13,1,499
3659,2025-06-15,1,14,2,598
3660,2025-06-15,1,15,10,49990
3661,2025-06-15,1,16,6,4794
3662,2025-06-15,1,17,4,15996
3663,2025-06-15,1,18,7,12593
3664,2025-06-15,1,19,10,189990
3665,2025-06-15,1,21,4,9996
3666,2025-06-15,1,22,15,82485
3667,2025-06-15,1,23,2,9998
3668,2025-06-15,1,24,1,3499
3669,2025-06-15,1,25,15,74985
3670,2025-06-15,1,26,2,39998
3671,2025-06-15,1,27,2,2598
3672,2025-06-15,1,28,1,1799
3673,2025-06-15,1,29,14,34986
3674,2025-06-15,1,30,10,39990
3675,2025-06-15,1,31,12,23988
3676,2025-06-15,1,32,7,62993
3677,2025-06-15,1,33,2,25998
3678,2025-06-15,1,34,13,246987
3679,2025-06-15,1,35,3,8997
3680,2025-06-15,1,36,8,11992
3681,2025-06-15,1,37,4,9196
3682,2025-06-15,1,38,7,62993
3683,2025-06-15,1,39,8,27992
3684,2025-06-15,1,40,6,3594
3685,2025-06-15,1,41,11,27489
3686,2025-06-15,1,42,1,1799
3687,2025-06-15,1,43,2,3998
3688,2025-06-15,1,44,3,3897
3689,2025-06-15,1,45,1,4999
3690,2025-06-15,1,46,3,2397
3691,2025-06-15,1,47,1,3499
3692,2025-06-15,1,48,5,19995
3693,2025-06-15,1,49,6,14994
3694,2025-06-15,1,50,4,5196
3695,2025-06-15,1,51,3,1497
3696,2025-06-15,1,52,1,1999
3697,2025-06-15,1,53,3,2697
3698,2025-06-15,1,54,8,4792
3699,2025-06-15,1,55,7,6293
3700,2025-06-15,1,56,10,6990
3701,2025-06-15,2,1,4,11996
3702,2025-06-15,2,3,2,9998
3703,2025-06-15,2,4,4,5996
3704,2025-06-15,2,5,15,19485
3705,2025-06-15,2,6,1,899
3706,2025-06-15,2,7,9,71991
3707,2025-06-15,2,9,4,2396
3708,2025-06-15,2,11,2,4998
3709,2025-06-15,2,12,5,1995
3710,2025-06-15,2,14,3,897
3711,2025-06-15,2,15,4,19996
3712,2025-06-15,2,16,5,3995
3713,2025-06-15,2,17,3,11997
3714,2025-06-15,2,18,4,7196
3715,2025-06-15,2,19,12,227988
3716,2025-06-15,2,21,9,22491
3717,2025-06-15,2,22,7,38493
3718,2025-06-15,2,23,4,19996
3719,2025-06-15,2,24,2,6998
3720,2025-06-15,2,25,7,34993
3721,2025-06-15,2,26,3,59997
3722,2025-06-15,2,27,1,1299
3723,2025-06-15,2,28,1,1799
3724,2025-06-15,2,29,10,24990
3725,2025-06-15,2,30,4,15996
3726,2025-06-15,2,31,10,19990
3727,2025-06-15,2,32,1,8999
3728,2025-06-15,2,33,4,51996
3729,2025-06-15,2,34,10,189990
3730,2025-06-15,2,35,5,14995
3731,2025-06-15,2,36,5,7495
3732,2025-06-15,2,37,5,11495
3733,2025-06-15,2,38,5,44995
3734,2025-06-15,2,39,8,27992
3735,2025-06-15,2,40,9,5391
3736,2025-06-15,2,41,5,12495
3737,2025-06-15,2,43,2,3998
3738,2025-06-15,2,44,3,3897
3739,2025-06-15,2,45,1,4999
3740,2025-06-15,2,46,4,3196
3741,2025-06-15,2,47,2,6998
3742,2025-06-15,2,48,5,19995
3743,2025-06-15,2,49,6,14994
3744,2025-06-15,2,50,3,3897
3745,2025-06-15,2,51,3,1497
3746,2025-06-15,2,52,3,5997
3747,2025-06-15,2,53,3,2697
3748,2025-06-15,2,54,8,4792
3749,2025-06-15,2,55,4,3596
3750,2025-06-15,2,56,3,2097
3751,2025-06-15,3,1,5,14995
3752,2025-06-15,3,3,2,9998
3753,2025-06-15,3,4,2,2998
3754,2025-06-15,3,5,12,15588
3755,2025-06-15,3,6,1,899
3756,2025-06-15,3,7,6,47994
3757,2025-06-15,3,8,1,15999
3758,2025-06-15,3,9,5,2995
3759,2025-06-15,3,10,1,299
3760,2025-06-15,3,11,1,2499
3761,2025-06-15,3,12,4,1596
3762,2025-06-15,3,15,7,34993
3763,2025-06-15,3,16,6,4794
3764,2025-06-15,3,17,1,3999
3765,2025-06-15,3,18,5,8995
3766,2025-06-15,3,19,5,94995
3767,2025-06-15,3,21,5,12495
3768,2025-06-15,3,22,7,38493
3769,2025-06-15,3,23,5,24995
3770,2025-06-15,3,25,13,64987
3771,2025-06-15,3,26,4,79996
3772,2025-06-15,3,27,1,1299
3773,2025-06-15,3,28,1,1799
3774,2025-06-15,3,29,10,24990
3775,2025-06-15,3,30,4,15996
3776,2025-06-15,3,31,7,13993
3777,2025-06-15,3,32,3,26997
3778,2025-06-15,3,33,7,90993
3779,2025-06-15,3,34,4,75996
3780,2025-06-15,3,35,1,2999
3781,2025-06-15,3,36,8,11992
3782,2025-06-15,3,37,7,16093
3783,2025-06-15,3,38,7,62993
3784,2025-06-15,3,39,10,34990
3785,2025-06-15,3,40,8,4792
3786,2025-06-15,3,41,6,14994
3787,2025-06-15,3,43,3,5997
3788,2025-06-15,3,44,2,2598
3789,2025-06-15,3,45,1,4999
3790,2025-06-15,3,46,2,1598
3791,2025-06-15,3,47,1,3499
3792,2025-06-15,3,48,2,7998
3793,2025-06-15,3,49,5,12495
3794,2025-06-15,3,50,4,5196
3795,2025-06-15,3,51,3,1497
3796,2025-06-15,3,52,3,5997
3797,2025-06-15,3,53,1,899
3798,2025-06-15,3,54,10,5990
3799,2025-06-15,3,55,7,6293
3800,2025-06-15,3,56,7,4893
3801,2025-06-15,4,1,11,32989
3802,2025-06-15,4,2,1,1999
3803,2025-06-15,4,3,3,14997
3804,2025-06-15,4,4,2,2998
3805,2025-06-15,4,5,17,22083
3806,2025-06-15,4,6,3,2697
3807,2025-06-15,4,7,11,87989
3808,2025-06-15,4,8,2,31998
3809,2025-06-15,4,9,7,4193
3810,2025-06-15,4,10,1,299
3811,2025-06-15,4,11,4,9996
3812,2025-06-15,4,12,6,2394
3813,2025-06-15,4,14,3,897
3814,2025-06-15,4,15,10,49990
3815,2025-06-15,4,16,8,6392
3816,2025-06-15,4,17,3,11997
3817,2025-06-15,4,18,9,16191
3818,2025-06-15,4,19,13,246987
3819,2025-06-15,4,21,10,24990
3820,2025-06-15,4,22,12,65988
3821,2025-06-15,4,23,6,29994
3822,2025-06-15,4,24,2,6998
3823,2025-06-15,4,25,5,24995
3824,2025-06-15,4,26,5,99995
3825,2025-06-15,4,27,2,2598
3826,2025-06-15,4,28,2,3598
3827,2025-06-15,4,29,9,22491
3828,2025-06-15,4,30,9,35991
3829,2025-06-15,4,31,5,9995
3830,2025-06-15,4,32,12,107988
3831,2025-06-15,4,33,8,103992
3832,2025-06-15,4,34,11,208989
3833,2025-06-15,4,35,6,17994
3834,2025-06-15,4,36,4,5996
3835,2025-06-15,4,37,7,16093
3836,2025-06-15,4,38,10,89990
3837,2025-06-15,4,39,6,20994
3838,2025-06-15,4,40,1,599
3839,2025-06-15,4,41,8,19992
3840,2025-06-15,4,42,1,1799
3841,2025-06-15,4,43,2,3998
3842,2025-06-15,4,44,4,5196
3843,2025-06-15,4,45,2,9998
3844,2025-06-15,4,46,3,2397
3845,2025-06-15,4,47,2,6998
3846,2025-06-15,4,48,5,19995
3847,2025-06-15,4,49,8,19992
3848,2025-06-15,4,50,6,7794
3849,2025-06-15,4,51,4,1996
3850,2025-06-15,4,52,4,7996
3851,2025-06-15,4,53,2,1798
3852,2025-06-15,4,54,9,5391
3853,2025-06-15,4,55,4,3596
3854,2025-06-15,4,56,10,6990
3855,2025-06-15,5,1,7,20993
3856,2025-06-15,5,3,2,9998
3857,2025-06-15,5,4,3,4497
3858,2025-06-15,5,5,11,14289
3859,2025-06-15,5,6,1,899
3860,2025-06-15,5,7,9,71991
3861,2025-06-15,5,8,1,15999
3862,2025-06-15,5,9,3,1797
3863,2025-06-15,5,10,1,299
3864,2025-06-15,5,11,2,4998
3865,2025-06-15,5,12,2,798
3866,2025-06-15,5,14,1,299
3867,2025-06-15,5,15,7,34993
3868,2025-06-15,5,16,6,4794
3869,2025-06-15,5,17,3,11997
3870,2025-06-15,5,18,5,8995
3871,2025-06-15,5,19,8,151992
3872,2025-06-15,5,21,5,12495
3873,2025-06-15,5,22,4,21996
3874,2025-06-15,5,23,1,4999
3875,2025-06-15,5,25,7,34993
3876,2025-06-15,5,26,5,99995
3877,2025-06-15,5,28,1,1799
3878,2025-06-15,5,29,6,14994
3879,2025-06-15,5,30,6,23994
3880,2025-06-15,5,31,7,13993
3881,2025-06-15,5,32,10,89990
3882,2025-06-15,5,33,4,51996
3883,2025-06-15,5,34,4,75996
3884,2025-06-15,5,35,4,11996
3885,2025-06-15,5,36,5,7495
3886,2025-06-15,5,37,8,18392
3887,2025-06-15,5,38,5,44995
3888,2025-06-15,5,39,5,17495
3889,2025-06-15,5,40,3,1797
3890,2025-06-15,5,41,10,24990
3891,2025-06-15,5,42,1,1799
3892,2025-06-15,5,43,3,5997
3893,2025-06-15,5,44,2,2598
3894,2025-06-15,5,45,1,4999
3895,2025-06-15,5,46,1,799
3896,2025-06-15,5,47,1,3499
3897,2025-06-15,5,48,2,7998
3898,2025-06-15,5,49,6,14994
3899,2025-06-15,5,50,3,3897
3900,2025-06-15,5,51,3,1497
3901,2025-06-15,5,52,2,3998
3902,2025-06-15,5,53,3,2697
3903,2025-06-15,5,54,7,4193
3904,2025-06-15,5,55,9,8091
3905,2025-06-15,5,56,9,6291
3906,2025-06-15,6,1,6,17994
3907,2025-06-15,6,2,1,1999
3908,2025-06-15,6,3,5,24995
3909,2025-06-15,6,4,2,2998
3910,2025-06-15,6,5,19,24681
3911,2025-06-15,6,6,2,1798
3912,2025-06-15,6,7,7,55993
3913,2025-06-15,6,8,1,15999
3914,2025-06-15,6,9,3,1797
3915,2025-06-15,6,10,1,299
3916,2025-06-15,6,11,3,7497
3917,2025-06-15,6,12,7,2793
3918,2025-06-15,6,13,1,499
3919,2025-06-15,6,14,2,598
3920,2025-06-15,6,15,9,44991
3921,2025-06-15,6,16,10,7990
3922,2025-06-15,6,17,2,7998
3923,2025-06-15,6,18,9,16191
3924,2025-06-15,6,19,7,132993
3925,2025-06-15,6,21,13,32487
3926,2025-06-15,6,22,9,49491
3927,2025-06-15,6,23,6,29994
3928,2025-06-15,6,24,3,10497
3929,2025-06-15,6,25,19,94981
3930,2025-06-15,6,26,5,99995
3931,2025-06-15,6,27,2,2598
3932,2025-06-15,6,28,1,1799
3933,2025-06-15,6,29,4,9996
3934,2025-06-15,6,30,2,7998
3935,2025-06-15,6,31,10,19990
3936,2025-06-15,6,32,8,71992
3937,2025-06-15,6,33,7,90993
3938,2025-06-15,6,34,13,246987
3939,2025-06-15,6,35,5,14995
3940,2025-06-15,6,36,7,10493
3941,2025-06-15,6,37,12,27588
3942,2025-06-15,6,38,5,44995
3943,2025-06-15,6,39,6,20994
3944,2025-06-15,6,40,3,1797
3945,2025-06-15,6,41,4,9996
3946,2025-06-15,6,42,1,1799
3947,2025-06-15,6,43,1,1999
3948,2025-06-15,6,44,4,5196
3949,2025-06-15,6,45,1,4999
3950,2025-06-15,6,46,3,2397
3951,2025-06-15,6,48,4,15996
3952,2025-06-15,6,49,4,9996
3953,2025-06-15,6,50,4,5196
3954,2025-06-15,6,51,6,2994
3955,2025-06-15,6,52,3,5997
3956,2025-06-15,6,53,1,899
3957,2025-06-15,6,54,12,7188
3958,2025-06-15,6,55,7,6293
3959,2025-06-15,6,56,4,2796
3960,2025-06-16,1,1,21,62979
3961,2025-06-16,1,3,3,14997
3962,2025-06-16,1,4,3,4497
3963,2025-06-16,1,5,20,25980
3964,2025-06-16,1,6,2,1798
3965,2025-06-16,1,7,2,15998
3966,2025-06-16,1,8,1,15999
3967,2025-06-16,1,9,4,2396
3968,2025-06-16,1,11,1,2499
3969,2025-06-16,1,12,6,2394
3970,2025-06-16,1,13,1,499
3971,2025-06-16,1,14,2,598
3972,2025-06-16,1,15,6,29994
3973,2025-06-16,1,16,5,3995
3974,2025-06-16,1,17,1,3999
3975,2025-06-16,1,18,7,12593
3976,2025-06-16,1,19,8,151992
3977,2025-06-16,1,21,9,22491
3978,2025-06-16,1,22,6,32994
3979,2025-06-16,1,23,4,19996
3980,2025-06-16,1,24,2,6998
3981,2025-06-16,1,25,10,49990
3982,2025-06-16,1,26,4,79996
3983,2025-06-16,1,27,1,1299
3984,2025-06-16,1,28,1,1799
3985,2025-06-16,1,29,10,24990
3986,2025-06-16,1,30,8,31992
3987,2025-06-16,1,31,6,11994
3988,2025-06-16,1,32,9,80991
3989,2025-06-16,1,33,7,90993
3990,2025-06-16,1,34,12,227988
3991,2025-06-16,1,35,3,8997
3992,2025-06-16,1,36,3,4497
3993,2025-06-16,1,37,5,11495
3994,2025-06-16,1,38,5,44995
3995,2025-06-16,1,39,7,24493
3996,2025-06-16,1,40,3,1797
3997,2025-06-16,1,41,7,17493
3998,2025-06-16,1,43,2,3998
3999,2025-06-16,1,44,3,3897
4000,2025-06-16,1,45,1,4999
4001,2025-06-16,1,46,1,799
4002,2025-06-16,1,47,1,3499
4003,2025-06-16,1,48,1,3999
4004,2025-06-16,1,49,9,22491
4005,2025-06-16,1,50,5,6495
4006,2025-06-16,1,51,3,1497
4007,2025-06-16,1,52,1,1999
4008,2025-06-16,1,53,3,2697
4009,2025-06-16,1,54,7,4193
4010,2025-06-16,1,55,4,3596
4011,2025-06-16,1,56,8,5592
4012,2025-06-16,2,1,7,20993
4013,2025-06-16,2,3,1,4999
4014,2025-06-16,2,4,1,1499
4015,2025-06-16,2,5,2,2598
4016,2025-06-16,2,6,1,899
4017,2025-06-16,2,8,1,15999
4018,2025-06-16,2,9,2,1198
4019,2025-06-16,2,11,1,2499
4020,2025-06-16,2,12,3,1197
4021,2025-06-16,2,14,2,598
4022,2025-06-16,2,15,5,24995
4023,2025-06-16,2,16,4,3196
4024,2025-06-16,2,17,3,11997
4025,2025-06-16,2,18,5,8995
4026,2025-06-16,2,19,4,75996
4027,2025-06-16,2,21,8,19992
4028,2025-06-16,2,22,5,27495
4029,2025-06-16,2,23,2,9998
4030,2025-06-16,2,24,2,6998
4031,2025-06-16,2,25,6,29994
4032,2025-06-16,2,26,2,39998
4033,2025-06-16,2,29,2,4998
4034,2025-06-16,2,30,3,11997
4035,2025-06-16,2,31,4,7996
4036,2025-06-16,2,32,8,71992
4037,2025-06-16,2,33,5,64995
4038,2025-06-16,2,34,8,151992
4039,2025-06-16,2,35,1,2999
4040,2025-06-16,2,36,4,5996
4041,2025-06-16,2,37,8,18392
4042,2025-06-16,2,38,5,44995
4043,2025-06-16,2,39,5,17495
4044,2025-06-16,2,40,4,2396
4045,2025-06-16,2,41,3,7497
4046,2025-06-16,2,43,1,1999
4047,2025-06-16,2,44,3,3897
4048,2025-06-16,2,45,1,4999
4049,2025-06-16,2,46,2,1598
4050,2025-06-16,2,47,1,3499
4051,2025-06-16,2,48,2,7998
4052,2025-06-16,2,49,1,2499
4053,2025-06-16,2,50,3,3897
4054,2025-06-16,2,51,3,1497
4055,2025-06-16,2,52,1,1999
4056,2025-06-16,2,53,2,1798
4057,2025-06-16,2,54,5,2995
4058,2025-06-16,2,55,9,8091
4059,2025-06-16,2,56,6,4194
4060,2025-06-16,3,1,2,5998
4061,2025-06-16,3,3,2,9998
4062,2025-06-16,3,4,1,1499
4063,2025-06-16,3,5,11,14289
4064,2025-06-16,3,6,1,899
4065,2025-06-16,3,7,6,47994
4066,2025-06-16,3,8,1,15999
4067,2025-06-16,3,9,3,1797
4068,2025-06-16,3,11,1,2499
4069,2025-06-16,3,12,3,1197
4070,2025-06-16,3,13,1,499
4071,2025-06-16,3,14,1,299
4072,2025-06-16,3,15,5,24995
4073,2025-06-16,3,16,4,3196
4074,2025-06-16,3,17,2,7998
4075,2025-06-16,3,18,6,10794
4076,2025-06-16,3,19,6,113994
4077,2025-06-16,3,21,6,14994
4078,2025-06-16,3,22,2,10998
4079,2025-06-16,3,23,2,9998
4080,2025-06-16,3,24,1,3499
4081,2025-06-16,3,25,7,34993
4082,2025-06-16,3,26,3,59997
4083,2025-06-16,3,28,1,1799
4084,2025-06-16,3,29,8,19992
4085,2025-06-16,3,30,4,15996
4086,2025-06-16,3,31,5,9995
4087,2025-06-16,3,32,6,53994
4088,2025-06-16,3,33,3,38997
4089,2025-06-16,3,34,8,151992
4090,2025-06-16,3,35,4,11996
4091,2025-06-16,3,36,4,5996
4092,2025-06-16,3,37,6,13794
4093,2025-06-16,3,38,4,35996
4094,2025-06-16,3,39,6,20994
4095,2025-06-16,3,40,2,1198
4096,2025-06-16,3,41,3,7497
4097,2025-06-16,3,43,1,1999
4098,2025-06-16,3,44,1,1299
4099,2025-06-16,3,46,2,1598
4100,2025-06-16,3,48,1,3999
4101,2025-06-16,3,49,4,9996
4102,2025-06-16,3,50,3,3897
4103,2025-06-16,3,51,4,1996
4104,2025-06-16,3,52,2,3998
4105,2025-06-16,3,53,1,899
4106,2025-06-16,3,54,1,599
4107,2025-06-16,3,55,6,5394
4108,2025-06-16,3,56,4,2796
4109,2025-06-16,4,1,6,17994
4110,2025-06-16,4,2,1,1999
4111,2025-06-16,4,3,2,9998
4112,2025-06-16,4,4,2,2998
4113,2025-06-16,4,5,8,10392
4114,2025-06-16,4,7,6,47994
4115,2025-06-16,4,8,1,15999
4116,2025-06-16,4,9,4,2396
4117,2025-06-16,4,10,1,299
4118,2025-06-16,4,11,4,9996
4119,2025-06-16,4,12,7,2793
4120,2025-06-16,4,14,3,897
4121,2025-06-16,4,15,9,44991
4122,2025-06-16,4,16,2,1598
4123,2025-06-16,4,17,3,11997
4124,2025-06-16,4,18,4,7196
4125,2025-06-16,4,19,9,170991
4126,2025-06-16,4,21,5,12495
4127,2025-06-16,4,22,6,32994
4128,2025-06-16,4,23,3,14997
4129,2025-06-16,4,24,3,10497
4130,2025-06-16,4,25,10,49990
4131,2025-06-16,4,26,4,79996
4132,2025-06-16,4,28,1,1799
4133,2025-06-16,4,29,12,29988
4134,2025-06-16,4,30,4,15996
4135,2025-06-16,4,31,8,15992
4136,2025-06-16,4,32,8,71992
4137,2025-06-16,4,33,6,77994
4138,2025-06-16,4,34,9,170991
4139,2025-06-16,4,35,3,8997
4140,2025-06-16,4,36,9,13491
4141,2025-06-16,4,37,12,27588
4142,2025-06-16,4,38,3,26997
4143,2025-06-16,4,39,11,38489
4144,2025-06-16,4,40,6,3594
4145,2025-06-16,4,41,8,19992
4146,2025-06-16,4,43,2,3998
4147,2025-06-16,4,44,3,3897
4148,2025-06-16,4,46,2,1598
4149,2025-06-16,4,48,3,11997
4150,2025-06-16,4,49,5,12495
4151,2025-06-16,4,50,4,5196
4152,2025-06-16,4,51,4,1996
4153,2025-06-16,4,52,2,3998
4154,2025-06-16,4,53,5,4495
4155,2025-06-16,4,54,10,5990
4156,2025-06-16,4,55,9,8091
4157,2025-06-16,4,56,7,4893
4158,2025-06-16,5,1,2,5998
4159,2025-06-16,5,3,3,14997
4160,2025-06-16,5,5,12,15588
4161,2025-06-16,5,6,1,899
4162,2025-06-16,5,7,4,31996
4163,2025-06-16,5,8,1,15999
4164,2025-06-16,5,9,3,1797
4165,2025-06-16,5,11,1,2499
4166,2025-06-16,5,12,2,798
4167,2025-06-16,5,14,2,598
4168,2025-06-16,5,15,6,29994
4169,2025-06-16,5,16,3,2397
4170,2025-06-16,5,17,1,3999
4171,2025-06-16,5,18,3,5397
4172,2025-06-16,5,19,8,151992
4173,2025-06-16,5,21,4,9996
4174,2025-06-16,5,22,4,21996
4175,2025-06-16,5,23,2,9998
4176,2025-06-16,5,24,1,3499
4177,2025-06-16,5,25,10,49990
4178,2025-06-16,5,26,2,39998
4179,2025-06-16,5,27,1,1299
4180,2025-06-16,5,29,5,12495
4181,2025-06-16,5,30,4,15996
4182,2025-06-16,5,31,5,9995
4183,2025-06-16,5,32,6,53994
4184,2025-06-16,5,33,3,38997
4185,2025-06-16,5,34,4,75996
4186,2025-06-16,5,35,4,11996
4187,2025-06-16,5,36,4,5996
4188,2025-06-16,5,37,5,11495
4189,2025-06-16,5,38,3,26997
4190,2025-06-16,5,39,5,17495
4191,2025-06-16,5,40,3,1797
4192,2025-06-16,5,41,3,7497
4193,2025-06-16,5,44,2,2598
4194,2025-06-16,5,46,2,1598
4195,2025-06-16,5,47,1,3499
4196,2025-06-16,5,48,1,3999
4197,2025-06-16,5,49,7,17493
4198,2025-06-16,5,50,2,2598
4199,2025-06-16,5,51,1,499
4200,2025-06-16,5,53,2,1798
4201,2025-06-16,5,54,5,2995
4202,2025-06-16,5,55,5,4495
4203,2025-06-16,5,56,4,2796
4204,2025-06-16,6,1,8,23992
4205,2025-06-16,6,3,2,9998
4206,2025-06-16,6,4,3,4497
4207,2025-06-16,6,5,7,9093
4208,2025-06-16,6,6,2,1798
4209,2025-06-16,6,7,9,71991
4210,2025-06-16,6,9,2,1198
4211,2025-06-16,6,11,2,4998
4212,2025-06-16,6,12,3,1197
4213,2025-06-16,6,14,2,598
4214,2025-06-16,6,15,2,9998
4215,2025-06-16,6,16,3,2397
4216,2025-06-16,6,17,2,7998
4217,2025-06-16,6,18,6,10794
4218,2025-06-16,6,19,4,75996
4219,2025-06-16,6,21,6,14994
4220,2025-06-16,6,22,7,38493
4221,2025-06-16,6,23,3,14997
4222,2025-06-16,6,24,2,6998
4223,2025-06-16,6,25,12,59988
4224,2025-06-16,6,26,3,59997
4225,2025-06-16,6,27,1,1299
4226,2025-06-16,6,28,1,1799
4227,2025-06-16,6,29,8,19992
4228,2025-06-16,6,30,8,31992
4229,2025-06-16,6,31,7,13993
4230,2025-06-16,6,32,8,71992
4231,2025-06-16,6,33,3,38997
4232,2025-06-16,6,34,8,151992
4233,2025-06-16,6,35,4,11996
4234,2025-06-16,6,36,3,4497
4235,2025-06-16,6,37,5,11495
4236,2025-06-16,6,38,5,44995
4237,2025-06-16,6,39,4,13996
4238,2025-06-16,6,40,4,2396
4239,2025-06-16,6,41,5,12495
4240,2025-06-16,6,42,1,1799
4241,2025-06-16,6,43,2,3998
4242,2025-06-16,6,44,4,5196
4243,2025-06-16,6,45,1,4999
4244,2025-06-16,6,46,2,1598
4245,2025-06-16,6,47,2,6998
4246,2025-06-16,6,48,2,7998
4247,2025-06-16,6,49,6,14994
4248,2025-06-16,6,50,4,5196
4249,2025-06-16,6,51,3,1497
4250,2025-06-16,6,52,1,1999
4251,2025-06-16,6,53,2,1798
4252,2025-06-16,6,54,11,6589
4253,2025-06-16,6,55,5,4495
4254,2025-06-16,6,56,5,3495
4255,2025-06-17,1,1,23,68977
4256,2025-06-17,1,3,3,14997
4257,2025-06-17,1,4,1,1499
4258,2025-06-17,1,5,11,14289
4259,2025-06-17,1,6,1,899
4260,2025-06-17,1,7,5,39995
4261,2025-06-17,1,9,3,1797
4262,2025-06-17,1,10,1,299
4263,2025-06-17,1,11,4,9996
4264,2025-06-17,1,12,5,1995
4265,2025-06-17,1,14,2,598
4266,2025-06-17,1,15,3,14997
4267,2025-06-17,1,16,5,3995
4268,2025-06-17,1,17,2,7998
4269,2025-06-17,1,18,3,5397
4270,2025-06-17,1,19,11,208989
4271,2025-06-17,1,21,8,19992
4272,2025-06-17,1,22,10,54990
4273,2025-06-17,1,23,4,19996
4274,2025-06-17,1,24,1,3499
4275,2025-06-17,1,25,13,64987
4276,2025-06-17,1,26,1,19999
4277,2025-06-17,1,27,1,1299
4278,2025-06-17,1,28,1,1799
4279,2025-06-17,1,29,8,19992
4280,2025-06-17,1,30,7,27993
4281,2025-06-17,1,31,15,29985
4282,2025-06-17,1,32,9,80991
4283,2025-06-17,1,33,4,51996
4284,2025-06-17,1,34,8,151992
4285,2025-06-17,1,35,7,20993
4286,2025-06-17,1,36,4,5996
4287,2025-06-17,1,37,5,11495
4288,2025-06-17,1,38,6,53994
4289,2025-06-17,1,39,8,27992
4290,2025-06-17,1,40,7,4193
4291,2025-06-17,1,41,9,22491
4292,2025-06-17,1,42,1,1799
4293,2025-06-17,1,43,1,1999
4294,2025-06-17,1,44,3,3897
4295,2025-06-17,1,45,1,4999
4296,2025-06-17,1,46,2,1598
4297,2025-06-17,1,48,2,7998
4298,2025-06-17,1,49,7,17493
4299,2025-06-17,1,50,3,3897
4300,2025-06-17,1,51,5,2495
4301,2025-06-17,1,52,1,1999
4302,2025-06-17,1,53,3,2697
4303,2025-06-17,1,54,2,1198
4304,2025-06-17,1,55,4,3596
4305,2025-06-17,1,56,8,5592
4306,2025-06-17,2,1,4,11996
4307,2025-06-17,2,3,2,9998
4308,2025-06-17,2,4,1,1499
4309,2025-06-17,2,5,10,12990
4310,2025-06-17,2,7,4,31996
4311,2025-06-17,2,8,1,15999
4312,2025-06-17,2,9,3,1797
4313,2025-06-17,2,11,2,4998
4314,2025-06-17,2,12,2,798
4315,2025-06-17,2,14,2,598
4316,2025-06-17,2,15,7,34993
4317,2025-06-17,2,16,6,4794
4318,2025-06-17,2,17,2,7998
4319,2025-06-17,2,18,2,3598
4320,2025-06-17,2,19,8,151992
4321,2025-06-17,2,21,6,14994
4322,2025-06-17,2,22,5,27495
4323,2025-06-17,2,24,1,3499
4324,2025-06-17,2,25,9,44991
4325,2025-06-17,2,26,3,59997
4326,2025-06-17,2,27,1,1299
4327,2025-06-17,2,28,1,1799
4328,2025-06-17,2,29,5,12495
4329,2025-06-17,2,30,6,23994
4330,2025-06-17,2,31,7,13993
4331,2025-06-17,2,32,11,98989
4332,2025-06-17,2,33,3,38997
4333,2025-06-17,2,34,9,170991
4334,2025-06-17,2,35,2,5998
4335,2025-06-17,2,36,6,8994
4336,2025-06-17,2,37,6,13794
4337,2025-06-17,2,38,5,44995
4338,2025-06-17,2,39,7,24493
4339,2025-06-17,2,40,4,2396
4340,2025-06-17,2,41,6,14994
4341,2025-06-17,2,43,3,5997
4342,2025-06-17,2,46,2,1598
4343,2025-06-17,2,47,1,3499
4344,2025-06-17,2,48,1,3999
4345,2025-06-17,2,49,5,12495
4346,2025-06-17,2,50,2,2598
4347,2025-06-17,2,51,1,499
4348,2025-06-17,2,52,2,3998
4349,2025-06-17,2,53,3,2697
4350,2025-06-17,2,54,8,4792
4351,2025-06-17,2,55,5,4495
4352,2025-06-17,2,56,3,2097
4353,2025-06-17,3,1,5,14995
4354,2025-06-17,3,3,1,4999
4355,2025-06-17,3,4,3,4497
4356,2025-06-17,3,5,10,12990
4357,2025-06-17,3,6,1,899
4358,2025-06-17,3,7,5,39995
4359,2025-06-17,3,9,2,1198
4360,2025-06-17,3,11,2,4998
4361,2025-06-17,3,12,2,798
4362,2025-06-17,3,14,1,299
4363,2025-06-17,3,15,5,24995
4364,2025-06-17,3,16,4,3196
4365,2025-06-17,3,17,1,3999
4366,2025-06-17,3,18,3,5397
4367,2025-06-17,3,19,5,94995
4368,2025-06-17,3,21,3,7497
4369,2025-06-17,3,22,6,32994
4370,2025-06-17,3,23,4,19996
4371,2025-06-17,3,24,1,3499
4372,2025-06-17,3,25,7,34993
4373,2025-06-17,3,26,2,39998
4374,2025-06-17,3,27,1,1299
4375,2025-06-17,3,28,1,1799
4376,2025-06-17,3,29,5,12495
4377,2025-06-17,3,30,5,19995
4378,2025-06-17,3,31,6,11994
4379,2025-06-17,3,32,2,17998
4380,2025-06-17,3,33,3,38997
4381,2025-06-17,3,34,5,94995
4382,2025-06-17,3,35,3,8997
4383,2025-06-17,3,36,4,5996
4384,2025-06-17,3,37,6,13794
4385,2025-06-17,3,38,4,35996
4386,2025-06-17,3,39,8,27992
4387,2025-06-17,3,40,1,599
4388,2025-06-17,3,41,7,17493
4389,2025-06-17,3,43,2,3998
4390,2025-06-17,3,44,2,2598
4391,2025-06-17,3,46,1,799
4392,2025-06-17,3,47,1,3499
4393,2025-06-17,3,48,2,7998
4394,2025-06-17,3,49,6,14994
4395,2025-06-17,3,50,2,2598
4396,2025-06-17,3,51,3,1497
4397,2025-06-17,3,52,1,1999
4398,2025-06-17,3,53,1,899
4399,2025-06-17,3,54,8,4792
4400,2025-06-17,3,55,4,3596
4401,2025-06-17,3,56,5,3495
4402,2025-06-17,4,1,10,29990
4403,2025-06-17,4,3,3,14997
4404,2025-06-17,4,4,2,2998
4405,2025-06-17,4,5,16,20784
4406,2025-06-17,4,6,1,899
4407,2025-06-17,4,7,11,87989
4408,2025-06-17,4,8,1,15999
4409,2025-06-17,4,9,1,599
4410,2025-06-17,4,10,1,299
4411,2025-06-17,4,11,2,4998
4412,2025-06-17,4,12,6,2394
4413,2025-06-17,4,14,2,598
4414,2025-06-17,4,15,5,24995
4415,2025-06-17,4,16,4,3196
4416,2025-06-17,4,17,3,11997
4417,2025-06-17,4,18,5,8995
4418,2025-06-17,4,19,7,132993
4419,2025-06-17,4,21,7,17493
4420,2025-06-17,4,22,7,38493
4421,2025-06-17,4,23,4,19996
4422,2025-06-17,4,24,2,6998
4423,2025-06-17,4,25,15,74985
4424,2025-06-17,4,26,3,59997
4425,2025-06-17,4,27,2,2598
4426,2025-06-17,4,28,1,1799
4427,2025-06-17,4,29,7,17493
4428,2025-06-17,4,30,6,23994
4429,2025-06-17,4,31,8,15992
4430,2025-06-17,4,32,9,80991
4431,2025-06-17,4,33,3,38997
4432,2025-06-17,4,34,8,151992
4433,2025-06-17,4,35,3,8997
4434,2025-06-17,4,36,5,7495
4435,2025-06-17,4,37,5,11495
4436,2025-06-17,4,38,4,35996
4437,2025-06-17,4,39,10,34990
4438,2025-06-17,4,40,8,4792
4439,2025-06-17,4,41,8,19992
4440,2025-06-17,4,42,1,1799
4441,2025-06-17,4,43,2,3998
4442,2025-06-17,4,44,4,5196
4443,2025-06-17,4,45,1,4999
4444,2025-06-17,4,46,2,1598
4445,2025-06-17,4,47,1,3499
4446,2025-06-17,4,48,4,15996
4447,2025-06-17,4,49,8,19992
4448,2025-06-17,4,50,5,6495
4449,2025-06-17,4,51,4,1996
4450,2025-06-17,4,52,2,3998
4451,2025-06-17,4,53,2,1798
4452,2025-06-17,4,54,11,6589
4453,2025-06-17,4,55,9,8091
4454,2025-06-17,4,56,8,5592
4455,2025-06-17,5,1,2,5998
4456,2025-06-17,5,3,1,4999
4457,2025-06-17,5,4,1,1499
4458,2025-06-17,5,5,5,6495
4459,2025-06-17,5,6,1,899
4460,2025-06-17,5,7,5,39995
4461,2025-06-17,5,8,1,15999
4462,2025-06-17,5,9,3,1797
4463,2025-06-17,5,11,2,4998
4464,2025-06-17,5,12,4,1596
4465,2025-06-17,5,14,1,299
4466,2025-06-17,5,15,4,19996
4467,2025-06-17,5,16,4,3196
4468,2025-06-17,5,17,1,3999
4469,2025-06-17,5,18,3,5397
4470,2025-06-17,5,19,5,94995
4471,2025-06-17,5,21,5,12495
4472,2025-06-17,5,22,7,38493
4473,2025-06-17,5,23,2,9998
4474,2025-06-17,5,24,1,3499
4475,2025-06-17,5,25,7,34993
4476,2025-06-17,5,26,2,39998
4477,2025-06-17,5,27,1,1299
4478,2025-06-17,5,28,1,1799
4479,2025-06-17,5,29,6,14994
4480,2025-06-17,5,30,5,19995
4481,2025-06-17,5,31,6,11994
4482,2025-06-17,5,32,5,44995
4483,2025-06-17,5,33,3,38997
4484,2025-06-17,5,34,2,37998
4485,2025-06-17,5,35,1,2999
4486,2025-06-17,5,36,2,2998
4487,2025-06-17,5,37,6,13794
4488,2025-06-17,5,38,4,35996
4489,2025-06-17,5,39,2,6998
4490,2025-06-17,5,40,2,1198
4491,2025-06-17,5,41,4,9996
4492,2025-06-17,5,43,2,3998
4493,2025-06-17,5,44,2,2598
4494,2025-06-17,5,45,1,4999
4495,2025-06-17,5,46,1,799
4496,2025-06-17,5,47,1,3499
4497,2025-06-17,5,48,1,3999
4498,2025-06-17,5,49,3,7497
4499,2025-06-17,5,50,1,1299
4500,2025-06-17,5,51,3,1497
4501,2025-06-17,5,52,1,1999
4502,2025-06-17,5,54,9,5391
4503,2025-06-17,5,55,2,1798
4504,2025-06-17,5,56,6,4194
4505,2025-06-17,6,1,7,20993
4506,2025-06-17,6,3,3,14997
4507,2025-06-17,6,4,2,2998
4508,2025-06-17,6,5,18,23382
4509,2025-06-17,6,6,2,1798
4510,2025-06-17,6,7,13,103987
4511,2025-06-17,6,9,3,1797
4512,2025-06-17,6,10,1,299
4513,2025-06-17,6,11,1,2499
4514,2025-06-17,6,12,5,1995
4515,2025-06-17,6,13,1,499
4516,2025-06-17,6,14,2,598
4517,2025-06-17,6,15,8,39992
4518,2025-06-17,6,16,5,3995
4519,2025-06-17,6,17,2,7998
4520,2025-06-17,6,18,4,7196
4521,2025-06-17,6,19,4,75996
4522,2025-06-17,6,21,5,12495
4523,2025-06-17,6,22,4,21996
4524,2025-06-17,6,23,2,9998
4525,2025-06-17,6,24,2,6998
4526,2025-06-17,6,25,6,29994
4527,2025-06-17,6,26,2,39998
4528,2025-06-17,6,27,1,1299
4529,2025-06-17,6,28,1,1799
4530,2025-06-17,6,29,8,19992
4531,2025-06-17,6,30,8,31992
4532,2025-06-17,6,31,6,11994
4533,2025-06-17,6,32,10,89990
4534,2025-06-17,6,33,7,90993
4535,2025-06-17,6,34,6,113994
4536,2025-06-17,6,35,3,8997
4537,2025-06-17,6,36,6,8994
4538,2025-06-17,6,37,5,11495
4539,2025-06-17,6,38,2,17998
4540,2025-06-17,6,39,8,27992
4541,2025-06-17,6,40,6,3594
4542,2025-06-17,6,41,2,4998
4543,2025-06-17,6,43,2,3998
4544,2025-06-17,6,44,3,3897
4545,2025-06-17,6,45,1,4999
4546,2025-06-17,6,46,3,2397
4547,2025-06-17,6,47,1,3499
4548,2025-06-17,6,48,3,11997
4549,2025-06-17,6,49,6,14994
4550,2025-06-17,6,50,4,5196
4551,2025-06-17,6,51,3,1497
4552,2025-06-17,6,52,1,1999
4553,2025-06-17,6,53,1,899
4554,2025-06-17,6,54,8,4792
4555,2025-06-17,6,55,7,6293
4556,2025-06-17,6,56,6,4194
4557,2025-06-18,1,1,7,20993
4558,2025-06-18,1,2,1,1999
4559,2025-06-18,1,3,5,24995
4560,2025-06-18,1,4,1,1499
4561,2025-06-18,1,5,10,12990
4562,2025-06-18,1,6,1,899
4563,2025-06-18,1,7,7,55993
4564,2025-06-18,1,8,1,15999
4565,2025-06-18,1,9,4,2396
4566,2025-06-18,1,10,1,299
4567,2025-06-18,1,11,2,4998
4568,2025-06-18,1,12,6,2394
4569,2025-06-18,1,14,2,598
4570,2025-06-18,1,15,8,39992
4571,2025-06-18,1,16,7,5593
4572,2025-06-18,1,17,2,7998
4573,2025-06-18,1,18,7,12593
4574,2025-06-18,1,19,7,132993
4575,2025-06-18,1,21,2,4998
4576,2025-06-18,1,22,8,43992
4577,2025-06-18,1,23,4,19996
4578,2025-06-18,1,24,2,6998
4579,2025-06-18,1,25,6,29994
4580,2025-06-18,1,26,3,59997
4581,2025-06-18,1,27,2,2598
4582,2025-06-18,1,28,2,3598
4583,2025-06-18,1,29,7,17493
4584,2025-06-18,1,30,7,27993
4585,2025-06-18,1,31,6,11994
4586,2025-06-18,1,32,10,89990
4587,2025-06-18,1,33,3,38997
4588,2025-06-18,1,34,8,151992
4589,2025-06-18,1,36,6,8994
4590,2025-06-18,1,37,10,22990
4591,2025-06-18,1,38,5,44995
4592,2025-06-18,1,39,8,27992
4593,2025-06-18,1,40,5,2995
4594,2025-06-18,1,41,7,17493
4595,2025-06-18,1,43,2,3998
4596,2025-06-18,1,44,1,1299
4597,2025-06-18,1,46,3,2397
4598,2025-06-18,1,47,1,3499
4599,2025-06-18,1,48,2,7998
4600,2025-06-18,1,49,8,19992
4601,2025-06-18,1,50,4,5196
4602,2025-06-18,1,51,6,2994
4603,2025-06-18,1,52,1,1999
4604,2025-06-18,1,53,3,2697
4605,2025-06-18,1,54,3,1797
4606,2025-06-18,1,55,5,4495
4607,2025-06-18,1,56,7,4893
4608,2025-06-18,2,1,4,11996
4609,2025-06-18,2,2,1,1999
4610,2025-06-18,2,3,2,9998
4611,2025-06-18,2,4,2,2998
4612,2025-06-18,2,5,9,11691
4613,2025-06-18,2,6,1,899
4614,2025-06-18,2,7,4,31996
4615,2025-06-18,2,8,1,15999
4616,2025-06-18,2,9,2,1198
4617,2025-06-18,2,10,1,299
4618,2025-06-18,2,11,1,2499
4619,2025-06-18,2,12,6,2394
4620,2025-06-18,2,14,2,598
4621,2025-06-18,2,15,3,14997
4622,2025-06-18,2,16,2,1598
4623,2025-06-18,2,17,2,7998
4624,2025-06-18,2,18,7,12593
4625,2025-06-18,2,19,6,113994
4626,2025-06-18,2,21,5,12495
4627,2025-06-18,2,22,4,21996
4628,2025-06-18,2,23,3,14997
4629,2025-06-18,2,24,1,3499
4630,2025-06-18,2,25,7,34993
4631,2025-06-18,2,26,2,39998
4632,2025-06-18,2,29,10,24990
4633,2025-06-18,2,30,10,39990
4634,2025-06-18,2,31,11,21989
4635,2025-06-18,2,32,8,71992
4636,2025-06-18,2,33,3,38997
4637,2025-06-18,2,34,1,18999
4638,2025-06-18,2,35,2,5998
4639,2025-06-18,2,36,5,7495
4640,2025-06-18,2,37,1,2299
4641,2025-06-18,2,38,5,44995
4642,2025-06-18,2,39,7,24493
4643,2025-06-18,2,40,5,2995
4644,2025-06-18,2,41,6,14994
4645,2025-06-18,2,43,1,1999
4646,2025-06-18,2,44,2,2598
4647,2025-06-18,2,45,1,4999
4648,2025-06-18,2,46,1,799
4649,2025-06-18,2,48,2,7998
4650,2025-06-18,2,49,6,14994
4651,2025-06-18,2,50,4,5196
4652,2025-06-18,2,51,3,1497
4653,2025-06-18,2,52,3,5997
4654,2025-06-18,2,53,1,899
4655,2025-06-18,2,54,8,4792
4656,2025-06-18,2,55,5,4495
4657,2025-06-18,2,56,2,1398
4658,2025-06-18,3,1,3,8997
4659,2025-06-18,3,3,3,14997
4660,2025-06-18,3,4,1,1499
4661,2025-06-18,3,5,11,14289
4662,2025-06-18,3,6,1,899
4663,2025-06-18,3,7,6,47994
4664,2025-06-18,3,9,2,1198
4665,2025-06-18,3,12,5,1995
4666,2025-06-18,3,14,2,598
4667,2025-06-18,3,15,3,14997
4668,2025-06-18,3,16,1,799
4669,2025-06-18,3,17,1,3999
4670,2025-06-18,3,18,5,8995
4671,2025-06-18,3,19,5,94995
4672,2025-06-18,3,21,2,4998
4673,2025-06-18,3,22,7,38493
4674,2025-06-18,3,23,2,9998
4675,2025-06-18,3,24,1,3499
4676,2025-06-18,3,25,7,34993
4677,2025-06-18,3,26,3,59997
4678,2025-06-18,3,28,1,1799
4679,2025-06-18,3,29,1,2499
4680,2025-06-18,3,30,4,15996
4681,2025-06-18,3,31,3,5997
4682,2025-06-18,3,32,5,44995
4683,2025-06-18,3,33,2,25998
4684,2025-06-18,3,34,6,113994
4685,2025-06-18,3,35,4,11996
4686,2025-06-18,3,36,4,5996
4687,2025-06-18,3,37,4,9196
4688,2025-06-18,3,38,4,35996
4689,2025-06-18,3,39,6,20994
4690,2025-06-18,3,40,3,1797
4691,2025-06-18,3,41,6,14994
4692,2025-06-18,3,42,1,1799
4693,2025-06-18,3,43,3,5997
4694,2025-06-18,3,44,3,3897
4695,2025-06-18,3,45,1,4999
4696,2025-06-18,3,46,1,799
4697,2025-06-18,3,49,5,12495
4698,2025-06-18,3,50,3,3897
4699,2025-06-18,3,51,2,998
4700,2025-06-18,3,52,2,3998
4701,2025-06-18,3,53,2,1798
4702,2025-06-18,3,54,8,4792
4703,2025-06-18,3,55,4,3596
4704,2025-06-18,3,56,5,3495
4705,2025-06-18,4,1,5,14995
4706,2025-06-18,4,3,3,14997
4707,2025-06-18,4,4,2,2998
4708,2025-06-18,4,5,19,24681
4709,2025-06-18,4,6,2,1798
4710,2025-06-18,4,7,6,47994
4711,2025-06-18,4,8,1,15999
4712,2025-06-18,4,9,4,2396
4713,2025-06-18,4,10,1,299
4714,2025-06-18,4,11,3,7497
4715,2025-06-18,4,12,5,1995
4716,2025-06-18,4,13,1,499
4717,2025-06-18,4,15,7,34993
4718,2025-06-18,4,16,7,5593
4719,2025-06-18,4,17,3,11997
4720,2025-06-18,4,18,5,8995
4721,2025-06-18,4,19,7,132993
4722,2025-06-18,4,21,13,32487
4723,2025-06-18,4,22,9,49491
4724,2025-06-18,4,23,6,29994
4725,2025-06-18,4,24,1,3499
4726,2025-06-18,4,25,10,49990
4727,2025-06-18,4,26,3,59997
4728,2025-06-18,4,27,1,1299
4729,2025-06-18,4,28,2,3598
4730,2025-06-18,4,29,13,32487
4731,2025-06-18,4,30,10,39990
4732,2025-06-18,4,31,7,13993
4733,2025-06-18,4,32,12,107988
4734,2025-06-18,4,33,6,77994
4735,2025-06-18,4,34,9,170991
4736,2025-06-18,4,35,5,14995
4737,2025-06-18,4,36,4,5996
4738,2025-06-18,4,37,10,22990
4739,2025-06-18,4,38,3,26997
4740,2025-06-18,4,39,8,27992
4741,2025-06-18,4,40,7,4193
4742,2025-06-18,4,41,9,22491
4743,2025-06-18,4,42,1,1799
4744,2025-06-18,4,43,2,3998
4745,2025-06-18,4,44,5,6495
4746,2025-06-18,4,45,2,9998
4747,2025-06-18,4,46,1,799
4748,2025-06-18,4,48,2,7998
4749,2025-06-18,4,49,7,17493
4750,2025-06-18,4,50,2,2598
4751,2025-06-18,4,51,5,2495
4752,2025-06-18,4,52,4,7996
4753,2025-06-18,4,53,3,2697
4754,2025-06-18,4,54,10,5990
4755,2025-06-18,4,55,8,7192
4756,2025-06-18,4,56,6,4194
4757,2025-06-18,5,1,4,11996
4758,2025-06-18,5,3,3,14997
4759,2025-06-18,5,4,1,1499
4760,2025-06-18,5,5,12,15588
4761,2025-06-18,5,7,8,63992
4762,2025-06-18,5,9,4,2396
4763,2025-06-18,5,11,1,2499
4764,2025-06-18,5,12,1,399
4765,2025-06-18,5,14,1,299
4766,2025-06-18,5,15,3,14997
4767,2025-06-18,5,16,2,1598
4768,2025-06-18,5,17,1,3999
4769,2025-06-18,5,18,3,5397
4770,2025-06-18,5,19,4,75996
4771,2025-06-18,5,21,4,9996
4772,2025-06-18,5,22,4,21996
4773,2025-06-18,5,23,2,9998
4774,2025-06-18,5,24,1,3499
4775,2025-06-18,5,25,4,19996
4776,2025-06-18,5,26,3,59997
4777,2025-06-18,5,27,1,1299
4778,2025-06-18,5,29,9,22491
4779,2025-06-18,5,30,6,23994
4780,2025-06-18,5,31,7,13993
4781,2025-06-18,5,32,3,26997
4782,2025-06-18,5,33,2,25998
4783,2025-06-18,5,34,3,56997
4784,2025-06-18,5,35,2,5998
4785,2025-06-18,5,36,4,5996
4786,2025-06-18,5,37,6,13794
4787,2025-06-18,5,38,6,53994
4788,2025-06-18,5,39,8,27992
4789,2025-06-18,5,40,2,1198
4790,2025-06-18,5,41,4,9996
4791,2025-06-18,5,43,2,3998
4792,2025-06-18,5,44,1,1299
4793,2025-06-18,5,45,1,4999
4794,2025-06-18,5,46,1,799
4795,2025-06-18,5,48,2,7998
4796,2025-06-18,5,49,5,12495
4797,2025-06-18,5,50,2,2598
4798,2025-06-18,5,51,3,1497
4799,2025-06-18,5,52,1,1999
4800,2025-06-18,5,53,3,2697
4801,2025-06-18,5,54,5,2995
4802,2025-06-18,5,55,5,4495
4803,2025-06-18,5,56,4,2796
4804,2025-06-18,6,1,5,14995
4805,2025-06-18,6,3,3,14997
4806,2025-06-18,6,4,2,2998
4807,2025-06-18,6,5,18,23382
4808,2025-06-18,6,6,1,899
4809,2025-06-18,6,7,7,55993
4810,2025-06-18,6,8,1,15999
4811,2025-06-18,6,9,5,2995
4812,2025-06-18,6,11,2,4998
4813,2025-06-18,6,12,5,1995
4814,2025-06-18,6,14,2,598
4815,2025-06-18,6,15,7,34993
4816,2025-06-18,6,16,3,2397
4817,2025-06-18,6,17,2,7998
4818,2025-06-18,6,18,2,3598
4819,2025-06-18,6,19,7,132993
4820,2025-06-18,6,21,7,17493
4821,2025-06-18,6,22,7,38493
4822,2025-06-18,6,23,2,9998
4823,2025-06-18,6,24,1,3499
4824,2025-06-18,6,25,15,74985
4825,2025-06-18,6,26,4,79996
4826,2025-06-18,6,27,1,1299
4827,2025-06-18,6,28,1,1799
4828,2025-06-18,6,29,8,19992
4829,2025-06-18,6,30,7,27993
4830,2025-06-18,6,31,13,25987
4831,2025-06-18,6,32,5,44995
4832,2025-06-18,6,33,4,51996
4833,2025-06-18,6,34,6,113994
4834,2025-06-18,6,35,4,11996
4835,2025-06-18,6,36,3,4497
4836,2025-06-18,6,37,8,18392
4837,2025-06-18,6,38,3,26997
4838,2025-06-18,6,39,7,24493
4839,2025-06-18,6,40,3,1797
4840,2025-06-18,6,41,4,9996
4841,2025-06-18,6,43,2,3998
4842,2025-06-18,6,44,2,2598
4843,2025-06-18,6,45,1,4999
4844,2025-06-18,6,46,1,799
4845,2025-06-18,6,47,1,3499
4846,2025-06-18,6,48,4,15996
4847,2025-06-18,6,49,4,9996
4848,2025-06-18,6,50,2,2598
4849,2025-06-18,6,51,5,2495
4850,2025-06-18,6,52,2,3998
4851,2025-06-18,6,53,2,1798
4852,2025-06-18,6,54,6,3594
4853,2025-06-18,6,55,4,3596
4854,2025-06-18,6,56,3,2097
4855,2025-06-19,1,1,10,29990
4856,2025-06-19,1,3,1,4999
4857,2025-06-19,1,4,2,2998
4858,2025-06-19,1,5,13,16887
4859,2025-06-19,1,6,2,1798
4860,2025-06-19,1,7,11,87989
4861,2025-06-19,1,8,1,15999
4862,2025-06-19,1,9,3,1797
4863,2025-06-19,1,10,1,299
4864,2025-06-19,1,11,2,4998
4865,2025-06-19,1,12,2,798
4866,2025-06-19,1,14,1,299
4867,2025-06-19,1,15,8,39992
4868,2025-06-19,1,16,3,2397
4869,2025-06-19,1,17,4,15996
4870,2025-06-19,1,18,7,12593
4871,2025-06-19,1,19,2,37998
4872,2025-06-19,1,21,12,29988
4873,2025-06-19,1,22,6,32994
4874,2025-06-19,1,23,5,24995
4875,2025-06-19,1,24,2,6998
4876,2025-06-19,1,25,14,69986
4877,2025-06-19,1,26,2,39998
4878,2025-06-19,1,27,1,1299
4879,2025-06-19,1,28,1,1799
4880,2025-06-19,1,29,9,22491
4881,2025-06-19,1,30,7,27993
4882,2025-06-19,1,31,3,5997
4883,2025-06-19,1,32,9,80991
4884,2025-06-19,1,33,9,116991
4885,2025-06-19,1,34,4,75996
4886,2025-06-19,1,35,3,8997
4887,2025-06-19,1,36,8,11992
4888,2025-06-19,1,37,6,13794
4889,2025-06-19,1,38,3,26997
4890,2025-06-19,1,39,5,17495
4891,2025-06-19,1,40,8,4792
4892,2025-06-19,1,41,9,22491
4893,2025-06-19,1,42,1,1799
4894,2025-06-19,1,43,2,3998
4895,2025-06-19,1,44,4,5196
4896,2025-06-19,1,45,1,4999
4897,2025-06-19,1,46,4,3196
4898,2025-06-19,1,47,1,3499
4899,2025-06-19,1,48,3,11997
4900,2025-06-19,1,49,6,14994
4901,2025-06-19,1,50,4,5196
4902,2025-06-19,1,51,3,1497
4903,2025-06-19,1,52,3,5997
4904,2025-06-19,1,53,3,2697
4905,2025-06-19,1,54,11,6589
4906,2025-06-19,1,55,7,6293
4907,2025-06-19,1,56,3,2097
4908,2025-06-19,2,1,1,2999
4909,2025-06-19,2,3,3,14997
4910,2025-06-19,2,4,3,4497
4911,2025-06-19,2,5,9,11691
4912,2025-06-19,2,7,6,47994
4913,2025-06-19,2,8,1,15999
4914,2025-06-19,2,9,3,1797
4915,2025-06-19,2,11,2,4998
4916,2025-06-19,2,12,4,1596
4917,2025-06-19,2,14,1,299
4918,2025-06-19,2,15,6,29994
4919,2025-06-19,2,16,4,3196
4920,2025-06-19,2,17,1,3999
4921,2025-06-19,2,18,5,8995
4922,2025-06-19,2,19,4,75996
4923,2025-06-19,2,21,7,17493
4924,2025-06-19,2,22,5,27495
4925,2025-06-19,2,23,4,19996
4926,2025-06-19,2,24,1,3499
4927,2025-06-19,2,25,8,39992
4928,2025-06-19,2,26,3,59997
4929,2025-06-19,2,27,1,1299
4930,2025-06-19,2,28,1,1799
4931,2025-06-19,2,29,5,12495
4932,2025-06-19,2,30,7,27993
4933,2025-06-19,2,31,6,11994
4934,2025-06-19,2,32,9,80991
4935,2025-06-19,2,33,3,38997
4936,2025-06-19,2,34,10,189990
4937,2025-06-19,2,35,2,5998
4938,2025-06-19,2,36,5,7495
4939,2025-06-19,2,37,6,13794
4940,2025-06-19,2,38,6,53994
4941,2025-06-19,2,39,6,20994
4942,2025-06-19,2,40,2,1198
4943,2025-06-19,2,41,9,22491
4944,2025-06-19,2,43,2,3998
4945,2025-06-19,2,44,2,2598
4946,2025-06-19,2,45,1,4999
4947,2025-06-19,2,46,3,2397
4948,2025-06-19,2,47,1,3499
4949,2025-06-19,2,48,1,3999
4950,2025-06-19,2,49,5,12495
4951,2025-06-19,2,50,3,3897
4952,2025-06-19,2,51,3,1497
4953,2025-06-19,2,52,1,1999
4954,2025-06-19,2,53,3,2697
4955,2025-06-19,2,54,3,1797
4956,2025-06-19,2,55,4,3596
4957,2025-06-19,2,56,2,1398
4958,2025-06-19,3,1,6,17994
4959,2025-06-19,3,3,2,9998
4960,2025-06-19,3,5,7,9093
4961,2025-06-19,3,6,1,899
4962,2025-06-19,3,7,8,63992
4963,2025-06-19,3,9,2,1198
4964,2025-06-19,3,11,2,4998
4965,2025-06-19,3,12,3,1197
4966,2025-06-19,3,14,2,598
4967,2025-06-19,3,15,3,14997
4968,2025-06-19,3,16,4,3196
4969,2025-06-19,3,17,1,3999
4970,2025-06-19,3,18,2,3598
4971,2025-06-19,3,19,7,132993
4972,2025-06-19,3,21,6,14994
4973,2025-06-19,3,22,5,27495
4974,2025-06-19,3,23,1,4999
4975,2025-06-19,3,24,1,3499
4976,2025-06-19,3,25,8,39992
4977,2025-06-19,3,26,2,39998
4978,2025-06-19,3,27,1,1299
4979,2025-06-19,3,28,1,1799
4980,2025-06-19,3,29,6,14994
4981,2025-06-19,3,30,1,3999
4982,2025-06-19,3,31,7,13993
4983,2025-06-19,3,32,6,53994
4984,2025-06-19,3,33,5,64995
4985,2025-06-19,3,34,6,113994
4986,2025-06-19,3,35,1,2999
4987,2025-06-19,3,36,5,7495
4988,2025-06-19,3,37,6,13794
4989,2025-06-19,3,38,5,44995
4990,2025-06-19,3,39,6,20994
4991,2025-06-19,3,40,6,3594
4992,2025-06-19,3,41,5,12495
4993,2025-06-19,3,42,1,1799
4994,2025-06-19,3,43,1,1999
4995,2025-06-19,3,44,3,3897
4996,2025-06-19,3,46,1,799
4997,2025-06-19,3,48,2,7998
4998,2025-06-19,3,49,3,7497
4999,2025-06-19,3,50,2,2598
5000,2025-06-19,3,51,3,1497
5001,2025-06-19,3,52,2,3998
5002,2025-06-19,3,53,2,1798
5003,2025-06-19,3,54,10,5990
5004,2025-06-19,3,55,7,6293
5005,2025-06-19,3,56,2,1398
5006,2025-06-19,4,1,4,11996
5007,2025-06-19,4,2,1,1999
5008,2025-06-19,4,3,4,19996
5009,2025-06-19,4,4,3,4497
5010,2025-06-19,4,5,18,23382
5011,2025-06-19,4,6,2,1798
5012,2025-06-19,4,7,11,87989
5013,2025-06-19,4,8,1,15999
5014,2025-06-19,4,9,5,2995
5015,2025-06-19,4,10,1,299
5016,2025-06-19,4,11,1,2499
5017,2025-06-19,4,12,5,1995
5018,2025-06-19,4,13,1,499
5019,2025-06-19,4,14,1,299
5020,2025-06-19,4,15,2,9998
5021,2025-06-19,4,16,6,4794
5022,2025-06-19,4,17,2,7998
5023,2025-06-19,4,18,3,5397
5024,2025-06-19,4,19,10,189990
5025,2025-06-19,4,21,7,17493
5026,2025-06-19,4,22,7,38493
5027,2025-06-19,4,23,3,14997
5028,2025-06-19,4,24,2,6998
5029,2025-06-19,4,25,10,49990
5030,2025-06-19,4,26,4,79996
5031,2025-06-19,4,27,1,1299
5032,2025-06-19,4,29,12,29988
5033,2025-06-19,4,30,6,23994
5034,2025-06-19,4,31,4,7996
5035,2025-06-19,4,32,8,71992
5036,2025-06-19,4,33,6,77994
5037,2025-06-19,4,34,9,170991
5038,2025-06-19,4,35,4,11996
5039,2025-06-19,4,36,5,7495
5040,2025-06-19,4,37,5,11495
5041,2025-06-19,4,38,6,53994
5042,2025-06-19,4,39,5,17495
5043,2025-06-19,4,40,6,3594
5044,2025-06-19,4,41,7,17493
5045,2025-06-19,4,43,2,3998
5046,2025-06-19,4,44,2,2598
5047,2025-06-19,4,45,1,4999
5048,2025-06-19,4,46,2,1598
5049,2025-06-19,4,47,1,3499
5050,2025-06-19,4,48,3,11997
5051,2025-06-19,4,49,8,19992
5052,2025-06-19,4,50,3,3897
5053,2025-06-19,4,51,3,1497
5054,2025-06-19,4,52,2,3998
5055,2025-06-19,4,53,1,899
5056,2025-06-19,4,54,11,6589
5057,2025-06-19,4,55,5,4495
5058,2025-06-19,4,56,2,1398
5059,2025-06-19,5,1,4,11996
5060,2025-06-19,5,3,1,4999
5061,2025-06-19,5,4,2,2998
5062,2025-06-19,5,5,7,9093
5063,2025-06-19,5,6,1,899
5064,2025-06-19,5,7,5,39995
5065,2025-06-19,5,8,1,15999
5066,2025-06-19,5,9,3,1797
5067,2025-06-19,5,11,2,4998
5068,2025-06-19,5,12,2,798
5069,2025-06-19,5,14,1,299
5070,2025-06-19,5,15,1,4999
5071,2025-06-19,5,16,3,2397
5072,2025-06-19,5,17,1,3999
5073,2025-06-19,5,18,4,7196
5074,2025-06-19,5,19,4,75996
5075,2025-06-19,5,21,3,7497
5076,2025-06-19,5,22,3,16497
5077,2025-06-19,5,23,2,9998
5078,2025-06-19,5,24,1,3499
5079,2025-06-19,5,25,7,34993
5080,2025-06-19,5,26,3,59997
5081,2025-06-19,5,27,1,1299
5082,2025-06-19,5,28,1,1799
5083,2025-06-19,5,29,6,14994
5084,2025-06-19,5,30,4,15996
5085,2025-06-19,5,31,6,11994
5086,2025-06-19,5,32,6,53994
5087,2025-06-19,5,33,5,64995
5088,2025-06-19,5,34,8,151992
5089,2025-06-19,5,35,1,2999
5090,2025-06-19,5,36,4,5996
5091,2025-06-19,5,37,7,16093
5092,2025-06-19,5,38,4,35996
5093,2025-06-19,5,39,3,10497
5094,2025-06-19,5,40,3,1797
5095,2025-06-19,5,41,6,14994
5096,2025-06-19,5,43,2,3998
5097,2025-06-19,5,44,2,2598
5098,2025-06-19,5,46,2,1598
5099,2025-06-19,5,47,1,3499
5100,2025-06-19,5,48,2,7998
5101,2025-06-19,5,49,6,14994
5102,2025-06-19,5,50,2,2598
5103,2025-06-19,5,51,4,1996
5104,2025-06-19,5,52,2,3998
5105,2025-06-19,5,53,1,899
5106,2025-06-19,5,54,6,3594
5107,2025-06-19,5,55,3,2697
5108,2025-06-19,5,56,5,3495
5109,2025-06-19,6,1,5,14995
5110,2025-06-19,6,3,3,14997
5111,2025-06-19,6,4,2,2998
5112,2025-06-19,6,5,15,19485
5113,2025-06-19,6,6,2,1798
5114,2025-06-19,6,7,9,71991
5115,2025-06-19,6,8,1,15999
5116,2025-06-19,6,9,5,2995
5117,2025-06-19,6,11,2,4998
5118,2025-06-19,6,12,4,1596
5119,2025-06-19,6,14,2,598
5120,2025-06-19,6,15,5,24995
5121,2025-06-19,6,16,5,3995
5122,2025-06-19,6,17,2,7998
5123,2025-06-19,6,18,4,7196
5124,2025-06-19,6,19,7,132993
5125,2025-06-19,6,21,4,9996
5126,2025-06-19,6,22,9,49491
5127,2025-06-19,6,23,3,14997
5128,2025-06-19,6,24,1,3499
5129,2025-06-19,6,25,8,39992
5130,2025-06-19,6,26,4,79996
5131,2025-06-19,6,27,1,1299
5132,2025-06-19,6,29,8,19992
5133,2025-06-19,6,30,6,23994
5134,2025-06-19,6,31,6,11994
5135,2025-06-19,6,32,2,17998
5136,2025-06-19,6,33,5,64995
5137,2025-06-19,6,34,7,132993
5138,2025-06-19,6,35,3,8997
5139,2025-06-19,6,36,3,4497
5140,2025-06-19,6,37,5,11495
5141,2025-06-19,6,38,4,35996
5142,2025-06-19,6,39,4,13996
5143,2025-06-19,6,40,5,2995
5144,2025-06-19,6,41,5,12495
5145,2025-06-19,6,42,1,1799
5146,2025-06-19,6,43,2,3998
5147,2025-06-19,6,44,3,3897
5148,2025-06-19,6,46,3,2397
5149,2025-06-19,6,47,1,3499
5150,2025-06-19,6,48,2,7998
5151,2025-06-19,6,49,6,14994
5152,2025-06-19,6,50,6,7794
5153,2025-06-19,6,51,5,2495
5154,2025-06-19,6,52,1,1999
5155,2025-06-19,6,53,2,1798
5156,2025-06-19,6,54,9,5391
5157,2025-06-19,6,55,4,3596
5158,2025-06-19,6,56,4,2796
5159,2025-06-20,1,1,14,41986
5160,2025-06-20,1,2,1,1999
5161,2025-06-20,1,3,4,19996
5162,2025-06-20,1,4,2,2998
5163,2025-06-20,1,5,9,11691
5164,2025-06-20,1,7,12,95988
5165,2025-06-20,1,8,1,15999
5166,2025-06-20,1,9,2,1198
5167,2025-06-20,1,10,1,299
5168,2025-06-20,1,11,3,7497
5169,2025-06-20,1,12,5,1995
5170,2025-06-20,1,14,2,598
5171,2025-06-20,1,15,10,49990
5172,2025-06-20,1,16,4,3196
5173,2025-06-20,1,17,4,15996
5174,2025-06-20,1,18,2,3598
5175,2025-06-20,1,19,7,132993
5176,2025-06-20,1,21,11,27489
5177,2025-06-20,1,22,6,32994
5178,2025-06-20,1,23,2,9998
5179,2025-06-20,1,24,1,3499
5180,2025-06-20,1,25,5,24995
5181,2025-06-20,1,26,6,119994
5182,2025-06-20,1,27,1,1299
5183,2025-06-20,1,28,2,3598
5184,2025-06-20,1,29,5,12495
5185,2025-06-20,1,30,7,27993
5186,2025-06-20,1,31,5,9995
5187,2025-06-20,1,32,8,71992
5188,2025-06-20,1,33,7,90993
5189,2025-06-20,1,34,8,151992
5190,2025-06-20,1,35,3,8997
5191,2025-06-20,1,36,3,4497
5192,2025-06-20,1,37,5,11495
5193,2025-06-20,1,38,4,35996
5194,2025-06-20,1,39,6,20994
5195,2025-06-20,1,40,4,2396
5196,2025-06-20,1,41,8,19992
5197,2025-06-20,1,42,1,1799
5198,2025-06-20,1,43,2,3998
5199,2025-06-20,1,44,2,2598
5200,2025-06-20,1,45,1,4999
5201,2025-06-20,1,46,4,3196
5202,2025-06-20,1,47,1,3499
5203,2025-06-20,1,48,2,7998
5204,2025-06-20,1,49,5,12495
5205,2025-06-20,1,50,4,5196
5206,2025-06-20,1,51,6,2994
5207,2025-06-20,1,52,2,3998
5208,2025-06-20,1,53,4,3596
5209,2025-06-20,1,54,8,4792
5210,2025-06-20,1,55,5,4495
5211,2025-06-20,1,56,9,6291
5212,2025-06-20,2,1,2,5998
5213,2025-06-20,2,3,3,14997
5214,2025-06-20,2,4,3,4497
5215,2025-06-20,2,5,11,14289
5216,2025-06-20,2,6,1,899
5217,2025-06-20,2,7,8,63992
5218,2025-06-20,2,8,1,15999
5219,2025-06-20,2,9,4,2396
5220,2025-06-20,2,11,3,7497
5221,2025-06-20,2,12,3,1197
5222,2025-06-20,2,14,1,299
5223,2025-06-20,2,15,4,19996
5224,2025-06-20,2,16,2,1598
5225,2025-06-20,2,17,1,3999
5226,2025-06-20,2,18,3,5397
5227,2025-06-20,2,19,2,37998
5228,2025-06-20,2,21,6,14994
5229,2025-06-20,2,22,3,16497
5230,2025-06-20,2,23,1,4999
5231,2025-06-20,2,24,1,3499
5232,2025-06-20,2,25,8,39992
5233,2025-06-20,2,26,1,19999
5234,2025-06-20,2,27,1,1299
5235,2025-06-20,2,29,9,22491
5236,2025-06-20,2,30,7,27993
5237,2025-06-20,2,31,9,17991
5238,2025-06-20,2,32,5,44995
5239,2025-06-20,2,33,5,64995
5240,2025-06-20,2,34,10,189990
5241,2025-06-20,2,35,4,11996
5242,2025-06-20,2,36,3,4497
5243,2025-06-20,2,37,5,11495
5244,2025-06-20,2,38,7,62993
5245,2025-06-20,2,39,6,20994
5246,2025-06-20,2,40,4,2396
5247,2025-06-20,2,41,5,12495
5248,2025-06-20,2,43,2,3998
5249,2025-06-20,2,44,1,1299
5250,2025-06-20,2,46,3,2397
5251,2025-06-20,2,47,1,3499
5252,2025-06-20,2,48,2,7998
5253,2025-06-20,2,49,6,14994
5254,2025-06-20,2,50,4,5196
5255,2025-06-20,2,51,2,998
5256,2025-06-20,2,53,3,2697
5257,2025-06-20,2,54,6,3594
5258,2025-06-20,2,55,8,7192
5259,2025-06-20,2,56,3,2097
5260,2025-06-20,3,1,4,11996
5261,2025-06-20,3,3,3,14997
5262,2025-06-20,3,4,3,4497
5263,2025-06-20,3,5,10,12990
5264,2025-06-20,3,6,2,1798
5265,2025-06-20,3,7,4,31996
5266,2025-06-20,3,9,2,1198
5267,2025-06-20,3,11,1,2499
5268,2025-06-20,3,12,5,1995
5269,2025-06-20,3,13,1,499
5270,2025-06-20,3,14,1,299
5271,2025-06-20,3,15,2,9998
5272,2025-06-20,3,16,4,3196
5273,2025-06-20,3,17,1,3999
5274,2025-06-20,3,18,4,7196
5275,2025-06-20,3,19,8,151992
5276,2025-06-20,3,22,6,32994
5277,2025-06-20,3,23,2,9998
5278,2025-06-20,3,24,1,3499
5279,2025-06-20,3,25,6,29994
5280,2025-06-20,3,26,4,79996
5281,2025-06-20,3,27,1,1299
5282,2025-06-20,3,29,8,19992
5283,2025-06-20,3,30,5,19995
5284,2025-06-20,3,31,3,5997
5285,2025-06-20,3,32,7,62993
5286,2025-06-20,3,33,2,25998
5287,2025-06-20,3,34,4,75996
5288,2025-06-20,3,35,2,5998
5289,2025-06-20,3,36,3,4497
5290,2025-06-20,3,37,4,9196
5291,2025-06-20,3,38,4,35996
5292,2025-06-20,3,39,5,17495
5293,2025-06-20,3,40,6,3594
5294,2025-06-20,3,41,3,7497
5295,2025-06-20,3,43,2,3998
5296,2025-06-20,3,44,3,3897
5297,2025-06-20,3,45,1,4999
5298,2025-06-20,3,46,1,799
5299,2025-06-20,3,47,2,6998
5300,2025-06-20,3,48,2,7998
5301,2025-06-20,3,49,5,12495
5302,2025-06-20,3,50,2,2598
5303,2025-06-20,3,51,1,499
5304,2025-06-20,3,52,1,1999
5305,2025-06-20,3,53,2,1798
5306,2025-06-20,3,54,4,2396
5307,2025-06-20,3,55,2,1798
5308,2025-06-20,3,56,6,4194
5309,2025-06-20,4,1,6,17994
5310,2025-06-20,4,2,1,1999
5311,2025-06-20,4,3,3,14997
5312,2025-06-20,4,4,3,4497
5313,2025-06-20,4,5,19,24681
5314,2025-06-20,4,6,3,2697
5315,2025-06-20,4,7,7,55993
5316,2025-06-20,4,8,1,15999
5317,2025-06-20,4,9,2,1198
5318,2025-06-20,4,11,1,2499
5319,2025-06-20,4,12,6,2394
5320,2025-06-20,4,14,2,598
5321,2025-06-20,4,15,5,24995
5322,2025-06-20,4,16,3,2397
5323,2025-06-20,4,17,4,15996
5324,2025-06-20,4,18,6,10794
5325,2025-06-20,4,19,8,151992
5326,2025-06-20,4,21,7,17493
5327,2025-06-20,4,22,5,27495
5328,2025-06-20,4,24,2,6998
5329,2025-06-20,4,25,9,44991
5330,2025-06-20,4,26,1,19999
5331,2025-06-20,4,27,1,1299
5332,2025-06-20,4,28,2,3598
5333,2025-06-20,4,29,8,19992
5334,2025-06-20,4,30,4,15996
5335,2025-06-20,4,31,7,13993
5336,2025-06-20,4,32,11,98989
5337,2025-06-20,4,33,4,51996
5338,2025-06-20,4,34,7,132993
5339,2025-06-20,4,35,2,5998
5340,2025-06-20,4,36,6,8994
5341,2025-06-20,4,37,6,13794
5342,2025-06-20,4,38,6,53994
5343,2025-06-20,4,39,6,20994
5344,2025-06-20,4,40,6,3594
5345,2025-06-20,4,41,7,17493
5346,2025-06-20,4,42,1,1799
5347,2025-06-20,4,43,2,3998
5348,2025-06-20,4,44,1,1299
5349,2025-06-20,4,45,1,4999
5350,2025-06-20,4,46,1,799
5351,2025-06-20,4,47,2,6998
5352,2025-06-20,4,48,4,15996
5353,2025-06-20,4,49,9,22491
5354,2025-06-20,4,50,3,3897
5355,2025-06-20,4,51,2,998
5356,2025-06-20,4,52,1,1999
5357,2025-06-20,4,53,3,2697
5358,2025-06-20,4,54,7,4193
5359,2025-06-20,4,55,5,4495
5360,2025-06-20,4,56,3,2097
5361,2025-06-20,5,1,4,11996
5362,2025-06-20,5,3,1,4999
5363,2025-06-20,5,4,2,2998
5364,2025-06-20,5,5,12,15588
5365,2025-06-20,5,6,1,899
5366,2025-06-20,5,7,4,31996
5367,2025-06-20,5,9,1,599
5368,2025-06-20,5,11,2,4998
5369,2025-06-20,5,12,4,1596
5370,2025-06-20,5,14,2,598
5371,2025-06-20,5,15,3,14997
5372,2025-06-20,5,16,5,3995
5373,2025-06-20,5,17,1,3999
5374,2025-06-20,5,18,5,8995
5375,2025-06-20,5,19,5,94995
5376,2025-06-20,5,21,7,17493
5377,2025-06-20,5,22,5,27495
5378,2025-06-20,5,23,1,4999
5379,2025-06-20,5,24,1,3499
5380,2025-06-20,5,25,8,39992
5381,2025-06-20,5,26,1,19999
5382,2025-06-20,5,27,1,1299
5383,2025-06-20,5,28,1,1799
5384,2025-06-20,5,29,5,12495
5385,2025-06-20,5,30,5,19995
5386,2025-06-20,5,31,4,7996
5387,2025-06-20,5,32,4,35996
5388,2025-06-20,5,33,4,51996
5389,2025-06-20,5,34,6,113994
5390,2025-06-20,5,35,1,2999
5391,2025-06-20,5,36,1,1499
5392,2025-06-20,5,37,5,11495
5393,2025-06-20,5,38,5,44995
5394,2025-06-20,5,39,8,27992
5395,2025-06-20,5,40,2,1198
5396,2025-06-20,5,41,3,7497
5397,2025-06-20,5,43,2,3998
5398,2025-06-20,5,44,2,2598
5399,2025-06-20,5,46,3,2397
5400,2025-06-20,5,48,1,3999
5401,2025-06-20,5,49,3,7497
5402,2025-06-20,5,50,1,1299
5403,2025-06-20,5,51,3,1497
5404,2025-06-20,5,52,2,3998
5405,2025-06-20,5,53,1,899
5406,2025-06-20,5,54,7,4193
5407,2025-06-20,5,55,3,2697
5408,2025-06-20,5,56,4,2796
5409,2025-06-20,6,1,6,17994
5410,2025-06-20,6,3,4,19996
5411,2025-06-20,6,4,2,2998
5412,2025-06-20,6,5,18,23382
5413,2025-06-20,6,6,1,899
5414,2025-06-20,6,7,7,55993
5415,2025-06-20,6,8,1,15999
5416,2025-06-20,6,9,4,2396
5417,2025-06-20,6,10,1,299
5418,2025-06-20,6,11,2,4998
5419,2025-06-20,6,12,3,1197
5420,2025-06-20,6,14,1,299
5421,2025-06-20,6,15,6,29994
5422,2025-06-20,6,16,5,3995
5423,2025-06-20,6,17,2,7998
5424,2025-06-20,6,18,5,8995
5425,2025-06-20,6,19,1,18999
5426,2025-06-20,6,21,2,4998
5427,2025-06-20,6,22,5,27495
5428,2025-06-20,6,23,2,9998
5429,2025-06-20,6,24,1,3499
5430,2025-06-20,6,25,10,49990
5431,2025-06-20,6,26,3,59997
5432,2025-06-20,6,27,1,1299
5433,2025-06-20,6,28,1,1799
5434,2025-06-20,6,29,11,27489
5435,2025-06-20,6,30,2,7998
5436,2025-06-20,6,31,12,23988
5437,2025-06-20,6,32,9,80991
5438,2025-06-20,6,33,4,51996
5439,2025-06-20,6,34,12,227988
5440,2025-06-20,6,35,3,8997
5441,2025-06-20,6,36,4,5996
5442,2025-06-20,6,37,7,16093
5443,2025-06-20,6,38,5,44995
5444,2025-06-20,6,39,9,31491
5445,2025-06-20,6,40,5,2995
5446,2025-06-20,6,41,6,14994
5447,2025-06-20,6,42,1,1799
5448,2025-06-20,6,43,2,3998
5449,2025-06-20,6,44,3,3897
5450,2025-06-20,6,45,1,4999
5451,2025-06-20,6,46,1,799
5452,2025-06-20,6,47,1,3499
5453,2025-06-20,6,48,3,11997
5454,2025-06-20,6,49,8,19992
5455,2025-06-20,6,50,4,5196
5456,2025-06-20,6,51,4,1996
5457,2025-06-20,6,52,2,3998
5458,2025-06-20,6,53,2,1798
5459,2025-06-20,6,54,10,5990
5460,2025-06-20,6,55,4,3596
5461,2025-06-20,6,56,6,4194
5462,2025-06-21,1,1,28,83972
5463,2025-06-21,1,3,7,34993
5464,2025-06-21,1,4,3,4497
5465,2025-06-21,1,5,13,16887
5466,2025-06-21,1,6,2,1798
5467,2025-06-21,1,7,6,47994
5468,2025-06-21,1,8,1,15999
5469,2025-06-21,1,9,7,4193
5470,2025-06-21,1,11,4,9996
5471,2025-06-21,1,12,7,2793
5472,2025-06-21,1,13,1,499
5473,2025-06-21,1,14,3,897
5474,2025-06-21,1,15,13,64987
5475,2025-06-21,1,16,4,3196
5476,2025-06-21,1,18,7,12593
5477,2025-06-21,1,19,10,189990
5478,2025-06-21,1,21,6,14994
5479,2025-06-21,1,22,5,27495
5480,2025-06-21,1,23,2,9998
5481,2025-06-21,1,24,2,6998
5482,2025-06-21,1,25,8,39992
5483,2025-06-21,1,27,1,1299
5484,2025-06-21,1,28,1,1799
5485,2025-06-21,1,29,13,32487
5486,2025-06-21,1,30,11,43989
5487,2025-06-21,1,31,13,25987
5488,2025-06-21,1,32,2,17998
5489,2025-06-21,1,33,7,90993
5490,2025-06-21,1,34,10,189990
5491,2025-06-21,1,35,2,5998
5492,2025-06-21,1,36,6,8994
5493,2025-06-21,1,37,10,22990
5494,2025-06-21,1,38,3,26997
5495,2025-06-21,1,39,5,17495
5496,2025-06-21,1,40,6,3594
5497,2025-06-21,1,41,11,27489
5498,2025-06-21,1,42,1,1799
5499,2025-06-21,1,43,4,7996
5500,2025-06-21,1,44,5,6495
5501,2025-06-21,1,45,1,4999
5502,2025-06-21,1,46,3,2397
5503,2025-06-21,1,47,1,3499
5504,2025-06-21,1,48,4,15996
5505,2025-06-21,1,49,5,12495
5506,2025-06-21,1,50,7,9093
5507,2025-06-21,1,51,4,1996
5508,2025-06-21,1,52,4,7996
5509,2025-06-21,1,53,4,3596
5510,2025-06-21,1,54,12,7188
5511,2025-06-21,1,55,6,5394
5512,2025-06-21,1,56,4,2796
5513,2025-06-21,2,1,4,11996
5514,2025-06-21,2,3,4,19996
5515,2025-06-21,2,4,3,4497
5516,2025-06-21,2,5,18,23382
5517,2025-06-21,2,6,1,899
5518,2025-06-21,2,7,8,63992
5519,2025-06-21,2,9,5,2995
5520,2025-06-21,2,11,2,4998
5521,2025-06-21,2,12,7,2793
5522,2025-06-21,2,14,2,598
5523,2025-06-21,2,15,6,29994
5524,2025-06-21,2,16,8,6392
5525,2025-06-21,2,17,4,15996
5526,2025-06-21,2,18,5,8995
5527,2025-06-21,2,19,10,189990
5528,2025-06-21,2,21,6,14994
5529,2025-06-21,2,22,4,21996
5530,2025-06-21,2,23,2,9998
5531,2025-06-21,2,24,2,6998
5532,2025-06-21,2,25,8,39992
5533,2025-06-21,2,26,3,59997
5534,2025-06-21,2,27,1,1299
5535,2025-06-21,2,28,2,3598
5536,2025-06-21,2,29,6,14994
5537,2025-06-21,2,30,7,27993
5538,2025-06-21,2,31,9,17991
5539,2025-06-21,2,32,14,125986
5540,2025-06-21,2,33,5,64995
5541,2025-06-21,2,34,10,189990
5542,2025-06-21,2,35,4,11996
5543,2025-06-21,2,36,3,4497
5544,2025-06-21,2,37,11,25289
5545,2025-06-21,2,38,6,53994
5546,2025-06-21,2,39,9,31491
5547,2025-06-21,2,40,6,3594
5548,2025-06-21,2,41,10,24990
5549,2025-06-21,2,42,1,1799
5550,2025-06-21,2,43,3,5997
5551,2025-06-21,2,44,4,5196
5552,2025-06-21,2,45,1,4999
5553,2025-06-21,2,46,2,1598
5554,2025-06-21,2,47,1,3499
5555,2025-06-21,2,48,3,11997
5556,2025-06-21,2,49,3,7497
5557,2025-06-21,2,50,5,6495
5558,2025-06-21,2,51,3,1497
5559,2025-06-21,2,52,1,1999
5560,2025-06-21,2,53,3,2697
5561,2025-06-21,2,54,7,4193
5562,2025-06-21,2,55,9,8091
5563,2025-06-21,2,56,6,4194
5564,2025-06-21,3,1,7,20993
5565,2025-06-21,3,3,4,19996
5566,2025-06-21,3,4,1,1499
5567,2025-06-21,3,5,11,14289
5568,2025-06-21,3,6,2,1798
5569,2025-06-21,3,7,4,31996
5570,2025-06-21,3,8,1,15999
5571,2025-06-21,3,9,5,2995
5572,2025-06-21,3,11,3,7497
5573,2025-06-21,3,12,7,2793
5574,2025-06-21,3,14,2,598
5575,2025-06-21,3,15,4,19996
5576,2025-06-21,3,16,4,3196
5577,2025-06-21,3,17,3,11997
5578,2025-06-21,3,18,2,3598
5579,2025-06-21,3,19,8,151992
5580,2025-06-21,3,21,13,32487
5581,2025-06-21,3,22,4,21996
5582,2025-06-21,3,23,3,14997
5583,2025-06-21,3,24,1,3499
5584,2025-06-21,3,25,6,29994
5585,2025-06-21,3,26,1,19999
5586,2025-06-21,3,27,1,1299
5587,2025-06-21,3,29,10,24990
5588,2025-06-21,3,31,11,21989
5589,2025-06-21,3,32,9,80991
5590,2025-06-21,3,33,4,51996
5591,2025-06-21,3,34,8,151992
5592,2025-06-21,3,35,3,8997
5593,2025-06-21,3,36,2,2998
5594,2025-06-21,3,37,4,9196
5595,2025-06-21,3,38,6,53994
5596,2025-06-21,3,39,8,27992
5597,2025-06-21,3,40,5,2995
5598,2025-06-21,3,41,6,14994
5599,2025-06-21,3,42,1,1799
5600,2025-06-21,3,43,2,3998
5601,2025-06-21,3,44,3,3897
5602,2025-06-21,3,45,1,4999
5603,2025-06-21,3,46,3,2397
5604,2025-06-21,3,47,1,3499
5605,2025-06-21,3,48,4,15996
5606,2025-06-21,3,49,6,14994
5607,2025-06-21,3,50,4,5196
5608,2025-06-21,3,51,1,499
5609,2025-06-21,3,52,2,3998
5610,2025-06-21,3,53,4,3596
5611,2025-06-21,3,54,5,2995
5612,2025-06-21,3,55,4,3596
5613,2025-06-21,3,56,4,2796
5614,2025-06-21,4,1,7,20993
5615,2025-06-21,4,2,1,1999
5616,2025-06-21,4,4,3,4497
5617,2025-06-21,4,5,8,10392
5618,2025-06-21,4,6,2,1798
5619,2025-06-21,4,7,14,111986
5620,2025-06-21,4,8,2,31998
5621,2025-06-21,4,9,7,4193
5622,2025-06-21,4,10,1,299
5623,2025-06-21,4,11,4,9996
5624,2025-06-21,4,12,4,1596
5625,2025-06-21,4,14,1,299
5626,2025-06-21,4,15,11,54989
5627,2025-06-21,4,16,9,7191
5628,2025-06-21,4,17,4,15996
5629,2025-06-21,4,18,1,1799
5630,2025-06-21,4,19,6,113994
5631,2025-06-21,4,20,1,1299
5632,2025-06-21,4,21,18,44982
5633,2025-06-21,4,22,11,60489
5634,2025-06-21,4,23,4,19996
5635,2025-06-21,4,24,3,10497
5636,2025-06-21,4,25,18,89982
5637,2025-06-21,4,26,1,19999
5638,2025-06-21,4,27,3,3897
5639,2025-06-21,4,28,1,1799
5640,2025-06-21,4,29,7,17493
5641,2025-06-21,4,30,11,43989
5642,2025-06-21,4,31,7,13993
5643,2025-06-21,4,32,11,98989
5644,2025-06-21,4,33,7,90993
5645,2025-06-21,4,34,17,322983
5646,2025-06-21,4,35,4,11996
5647,2025-06-21,4,36,7,10493
5648,2025-06-21,4,37,9,20691
5649,2025-06-21,4,38,4,35996
5650,2025-06-21,4,39,7,24493
5651,2025-06-21,4,40,7,4193
5652,2025-06-21,4,41,10,24990
5653,2025-06-21,4,42,1,1799
5654,2025-06-21,4,43,3,5997
5655,2025-06-21,4,44,3,3897
5656,2025-06-21,4,45,1,4999
5657,2025-06-21,4,46,2,1598
5658,2025-06-21,4,47,2,6998
5659,2025-06-21,4,48,5,19995
5660,2025-06-21,4,49,11,27489
5661,2025-06-21,4,50,4,5196
5662,2025-06-21,4,51,8,3992
5663,2025-06-21,4,52,3,5997
5664,2025-06-21,4,53,5,4495
5665,2025-06-21,4,54,10,5990
5666,2025-06-21,4,55,10,8990
5667,2025-06-21,4,56,7,4893
5668,2025-06-21,5,1,5,14995
5669,2025-06-21,5,3,2,9998
5670,2025-06-21,5,4,2,2998
5671,2025-06-21,5,5,10,12990
5672,2025-06-21,5,6,1,899
5673,2025-06-21,5,7,6,47994
5674,2025-06-21,5,8,1,15999
5675,2025-06-21,5,9,4,2396
5676,2025-06-21,5,11,3,7497
5677,2025-06-21,5,12,5,1995
5678,2025-06-21,5,14,1,299
5679,2025-06-21,5,15,7,34993
5680,2025-06-21,5,16,7,5593
5681,2025-06-21,5,17,2,7998
5682,2025-06-21,5,18,3,5397
5683,2025-06-21,5,19,6,113994
5684,2025-06-21,5,21,8,19992
5685,2025-06-21,5,22,9,49491
5686,2025-06-21,5,23,3,14997
5687,2025-06-21,5,24,1,3499
5688,2025-06-21,5,25,10,49990
5689,2025-06-21,5,26,5,99995
5690,2025-06-21,5,28,1,1799
5691,2025-06-21,5,29,6,14994
5692,2025-06-21,5,31,8,15992
5693,2025-06-21,5,32,8,71992
5694,2025-06-21,5,33,4,51996
5695,2025-06-21,5,34,9,170991
5696,2025-06-21,5,35,3,8997
5697,2025-06-21,5,36,5,7495
5698,2025-06-21,5,37,7,16093
5699,2025-06-21,5,38,3,26997
5700,2025-06-21,5,39,7,24493
5701,2025-06-21,5,40,6,3594
5702,2025-06-21,5,41,4,9996
5703,2025-06-21,5,42,1,1799
5704,2025-06-21,5,43,3,5997
5705,2025-06-21,5,45,1,4999
5706,2025-06-21,5,46,1,799
5707,2025-06-21,5,47,1,3499
5708,2025-06-21,5,48,4,15996
5709,2025-06-21,5,49,2,4998
5710,2025-06-21,5,50,4,5196
5711,2025-06-21,5,51,3,1497
5712,2025-06-21,5,52,2,3998
5713,2025-06-21,5,53,2,1798
5714,2025-06-21,5,54,8,4792
5715,2025-06-21,5,55,9,8091
5716,2025-06-21,5,56,8,5592
5717,2025-06-21,6,1,6,17994
5718,2025-06-21,6,2,1,1999
5719,2025-06-21,6,3,4,19996
5720,2025-06-21,6,4,2,2998
5721,2025-06-21,6,5,11,14289
5722,2025-06-21,6,6,1,899
5723,2025-06-21,6,7,13,103987
5724,2025-06-21,6,8,1,15999
5725,2025-06-21,6,9,4,2396
5726,2025-06-21,6,10,1,299
5727,2025-06-21,6,11,1,2499
5728,2025-06-21,6,12,6,2394
5729,2025-06-21,6,13,1,499
5730,2025-06-21,6,14,3,897
5731,2025-06-21,6,15,2,9998
5732,2025-06-21,6,16,7,5593
5733,2025-06-21,6,17,2,7998
5734,2025-06-21,6,18,9,16191
5735,2025-06-21,6,19,8,151992
5736,2025-06-21,6,21,8,19992
5737,2025-06-21,6,22,6,32994
5738,2025-06-21,6,23,4,19996
5739,2025-06-21,6,24,3,10497
5740,2025-06-21,6,25,7,34993
5741,2025-06-21,6,26,5,99995
5742,2025-06-21,6,27,1,1299
5743,2025-06-21,6,28,2,3598
5744,2025-06-21,6,29,6,14994
5745,2025-06-21,6,30,8,31992
5746,2025-06-21,6,31,15,29985
5747,2025-06-21,6,32,8,71992
5748,2025-06-21,6,33,7,90993
5749,2025-06-21,6,34,6,113994
5750,2025-06-21,6,35,3,8997
5751,2025-06-21,6,36,7,10493
5752,2025-06-21,6,37,9,20691
5753,2025-06-21,6,38,8,71992
5754,2025-06-21,6,39,10,34990
5755,2025-06-21,6,40,8,4792
5756,2025-06-21,6,41,10,24990
5757,2025-06-21,6,42,1,1799
5758,2025-06-21,6,43,2,3998
5759,2025-06-21,6,44,2,2598
5760,2025-06-21,6,45,1,4999
5761,2025-06-21,6,46,3,2397
5762,2025-06-21,6,47,1,3499
5763,2025-06-21,6,48,4,15996
5764,2025-06-21,6,49,5,12495
5765,2025-06-21,6,50,4,5196
5766,2025-06-21,6,51,6,2994
5767,2025-06-21,6,52,3,5997
5768,2025-06-21,6,53,3,2697
5769,2025-06-21,6,54,11,6589
5770,2025-06-21,6,55,10,8990
5771,2025-06-21,6,56,6,4194
5772,2025-06-22,1,1,32,95968
5773,2025-06-22,1,3,4,19996
5774,2025-06-22,1,4,2,2998
5775,2025-06-22,1,5,18,23382
5776,2025-06-22,1,6,3,2697
5777,2025-06-22,1,7,9,71991
5778,2025-06-22,1,8,1,15999
5779,2025-06-22,1,9,4,2396
5780,2025-06-22,1,10,1,299
5781,2025-06-22,1,11,3,7497
5782,2025-06-22,1,12,5,1995
5783,2025-06-22,1,13,1,499
5784,2025-06-22,1,14,3,897
5785,2025-06-22,1,15,9,44991
5786,2025-06-22,1,16,8,6392
5787,2025-06-22,1,17,1,3999
5788,2025-06-22,1,18,6,10794
5789,2025-06-22,1,19,11,208989
5790,2025-06-22,1,21,8,19992
5791,2025-06-22,1,22,8,43992
5792,2025-06-22,1,23,2,9998
5793,2025-06-22,1,24,3,10497
5794,2025-06-22,1,25,16,79984
5795,2025-06-22,1,26,5,99995
5796,2025-06-22,1,27,2,2598
5797,2025-06-22,1,28,1,1799
5798,2025-06-22,1,29,10,24990
5799,2025-06-22,1,30,12,47988
5800,2025-06-22,1,31,9,17991
5801,2025-06-22,1,32,13,116987
5802,2025-06-22,1,33,7,90993
5803,2025-06-22,1,34,16,303984
5804,2025-06-22,1,35,4,11996
5805,2025-06-22,1,36,6,8994
5806,2025-06-22,1,37,11,25289
5807,2025-06-22,1,38,6,53994
5808,2025-06-22,1,39,16,55984
5809,2025-06-22,1,40,9,5391
5810,2025-06-22,1,41,6,14994
5811,2025-06-22,1,43,2,3998
5812,2025-06-22,1,44,4,5196
5813,2025-06-22,1,45,1,4999
5814,2025-06-22,1,46,4,3196
5815,2025-06-22,1,48,4,15996
5816,2025-06-22,1,49,9,22491
5817,2025-06-22,1,50,2,2598
5818,2025-06-22,1,51,5,2495
5819,2025-06-22,1,52,2,3998
5820,2025-06-22,1,53,3,2697
5821,2025-06-22,1,54,11,6589
5822,2025-06-22,1,55,12,10788
5823,2025-06-22,1,56,12,8388
5824,2025-06-22,2,1,7,20993
5825,2025-06-22,2,3,4,19996
5826,2025-06-22,2,4,2,2998
5827,2025-06-22,2,5,12,15588
5828,2025-06-22,2,6,2,1798
5829,2025-06-22,2,7,8,63992
5830,2025-06-22,2,8,2,31998
5831,2025-06-22,2,9,1,599
5832,2025-06-22,2,10,1,299
5833,2025-06-22,2,11,1,2499
5834,2025-06-22,2,12,6,2394
5835,2025-06-22,2,14,1,299
5836,2025-06-22,2,15,8,39992
5837,2025-06-22,2,16,6,4794
5838,2025-06-22,2,17,1,3999
5839,2025-06-22,2,18,5,8995
5840,2025-06-22,2,19,6,113994
5841,2025-06-22,2,21,9,22491
5842,2025-06-22,2,22,6,32994
5843,2025-06-22,2,23,5,24995
5844,2025-06-22,2,25,6,29994
5845,2025-06-22,2,26,2,39998
5846,2025-06-22,2,27,2,2598
5847,2025-06-22,2,28,1,1799
5848,2025-06-22,2,29,12,29988
5849,2025-06-22,2,30,6,23994
5850,2025-06-22,2,31,11,21989
5851,2025-06-22,2,32,6,53994
5852,2025-06-22,2,33,2,25998
5853,2025-06-22,2,34,11,208989
5854,2025-06-22,2,35,3,8997
5855,2025-06-22,2,36,4,5996
5856,2025-06-22,2,37,11,25289
5857,2025-06-22,2,38,6,53994
5858,2025-06-22,2,39,9,31491
5859,2025-06-22,2,40,6,3594
5860,2025-06-22,2,41,15,37485
5861,2025-06-22,2,43,2,3998
5862,2025-06-22,2,44,2,2598
5863,2025-06-22,2,45,1,4999
5864,2025-06-22,2,46,3,2397
5865,2025-06-22,2,47,2,6998
5866,2025-06-22,2,48,1,3999
5867,2025-06-22,2,49,4,9996
5868,2025-06-22,2,50,3,3897
5869,2025-06-22,2,51,4,1996
5870,2025-06-22,2,52,2,3998
5871,2025-06-22,2,53,3,2697
5872,2025-06-22,2,54,14,8386
5873,2025-06-22,2,55,4,3596
5874,2025-06-22,2,56,8,5592
5875,2025-06-22,3,1,9,26991
5876,2025-06-22,3,3,3,14997
5877,2025-06-22,3,4,2,2998
5878,2025-06-22,3,5,4,5196
5879,2025-06-22,3,6,1,899
5880,2025-06-22,3,7,11,87989
5881,2025-06-22,3,8,1,15999
5882,2025-06-22,3,9,1,599
5883,2025-06-22,3,10,1,299
5884,2025-06-22,3,11,2,4998
5885,2025-06-22,3,12,5,1995
5886,2025-06-22,3,14,1,299
5887,2025-06-22,3,15,4,19996
5888,2025-06-22,3,16,6,4794
5889,2025-06-22,3,17,1,3999
5890,2025-06-22,3,18,3,5397
5891,2025-06-22,3,19,9,170991
5892,2025-06-22,3,21,7,17493
5893,2025-06-22,3,22,4,21996
5894,2025-06-22,3,23,6,29994
5895,2025-06-22,3,24,2,6998
5896,2025-06-22,3,25,9,44991
5897,2025-06-22,3,26,3,59997
5898,2025-06-22,3,27,1,1299
5899,2025-06-22,3,28,1,1799
5900,2025-06-22,3,29,12,29988
5901,2025-06-22,3,30,5,19995
5902,2025-06-22,3,31,10,19990
5903,2025-06-22,3,32,3,26997
5904,2025-06-22,3,33,5,64995
5905,2025-06-22,3,34,4,75996
5906,2025-06-22,3,35,5,14995
5907,2025-06-22,3,36,5,7495
5908,2025-06-22,3,37,8,18392
5909,2025-06-22,3,38,4,35996
5910,2025-06-22,3,39,7,24493
5911,2025-06-22,3,40,4,2396
5912,2025-06-22,3,41,4,9996
5913,2025-06-22,3,43,2,3998
5914,2025-06-22,3,44,3,3897
5915,2025-06-22,3,45,1,4999
5916,2025-06-22,3,46,3,2397
5917,2025-06-22,3,47,2,6998
5918,2025-06-22,3,48,2,7998
5919,2025-06-22,3,49,6,14994
5920,2025-06-22,3,50,3,3897
5921,2025-06-22,3,51,2,998
5922,2025-06-22,3,52,2,3998
5923,2025-06-22,3,53,2,1798
5924,2025-06-22,3,54,11,6589
5925,2025-06-22,3,55,5,4495
5926,2025-06-22,3,56,5,3495
5927,2025-06-22,4,1,9,26991
5928,2025-06-22,4,2,1,1999
5929,2025-06-22,4,3,6,29994
5930,2025-06-22,4,4,3,4497
5931,2025-06-22,4,5,14,18186
5932,2025-06-22,4,6,3,2697
5933,2025-06-22,4,7,14,111986
5934,2025-06-22,4,8,3,47997
5935,2025-06-22,4,9,5,2995
5936,2025-06-22,4,10,1,299
5937,2025-06-22,4,11,3,7497
5938,2025-06-22,4,12,10,3990
5939,2025-06-22,4,13,1,499
5940,2025-06-22,4,14,3,897
5941,2025-06-22,4,15,5,24995
5942,2025-06-22,4,16,7,5593
5943,2025-06-22,4,17,4,15996
5944,2025-06-22,4,18,9,16191
5945,2025-06-22,4,19,9,170991
5946,2025-06-22,4,20,1,1299
5947,2025-06-22,4,21,8,19992
5948,2025-06-22,4,22,13,71487
5949,2025-06-22,4,23,4,19996
5950,2025-06-22,4,24,2,6998
5951,2025-06-22,4,25,9,44991
5952,2025-06-22,4,26,9,179991
5953,2025-06-22,4,27,1,1299
5954,2025-06-22,4,28,2,3598
5955,2025-06-22,4,29,13,32487
5956,2025-06-22,4,30,9,35991
5957,2025-06-22,4,31,10,19990
5958,2025-06-22,4,32,14,125986
5959,2025-06-22,4,33,4,51996
5960,2025-06-22,4,34,14,265986
5961,2025-06-22,4,35,6,17994
5962,2025-06-22,4,36,6,8994
5963,2025-06-22,4,37,18,41382
5964,2025-06-22,4,38,10,89990
5965,2025-06-22,4,39,15,52485
5966,2025-06-22,4,40,8,4792
5967,2025-06-22,4,41,7,17493
5968,2025-06-22,4,43,3,5997
5969,2025-06-22,4,44,5,6495
5970,2025-06-22,4,45,1,4999
5971,2025-06-22,4,46,3,2397
5972,2025-06-22,4,47,2,6998
5973,2025-06-22,4,48,6,23994
5974,2025-06-22,4,49,5,12495
5975,2025-06-22,4,50,3,3897
5976,2025-06-22,4,51,3,1497
5977,2025-06-22,4,52,4,7996
5978,2025-06-22,4,53,3,2697
5979,2025-06-22,4,54,8,4792
5980,2025-06-22,4,55,10,8990
5981,2025-06-22,4,56,10,6990
5982,2025-06-22,5,1,8,23992
5983,2025-06-22,5,3,2,9998
5984,2025-06-22,5,4,3,4497
5985,2025-06-22,5,5,13,16887
5986,2025-06-22,5,7,4,31996
5987,2025-06-22,5,8,1,15999
5988,2025-06-22,5,9,4,2396
5989,2025-06-22,5,11,1,2499
5990,2025-06-22,5,12,4,1596
5991,2025-06-22,5,14,1,299
5992,2025-06-22,5,15,8,39992
5993,2025-06-22,5,16,3,2397
5994,2025-06-22,5,17,2,7998
5995,2025-06-22,5,18,8,14392
5996,2025-06-22,5,19,4,75996
5997,2025-06-22,5,21,12,29988
5998,2025-06-22,5,22,3,16497
5999,2025-06-22,5,23,3,14997
6000,2025-06-22,5,24,3,10497
6001,2025-06-22,5,25,7,34993
6002,2025-06-22,5,26,3,59997
6003,2025-06-22,5,27,1,1299
6004,2025-06-22,5,28,1,1799
6005,2025-06-22,5,29,14,34986
6006,2025-06-22,5,30,3,11997
6007,2025-06-22,5,31,9,17991
6008,2025-06-22,5,32,4,35996
6009,2025-06-22,5,33,2,25998
6010,2025-06-22,5,34,9,170991
6011,2025-06-22,5,35,3,8997
6012,2025-06-22,5,36,7,10493
6013,2025-06-22,5,37,4,9196
6014,2025-06-22,5,38,7,62993
6015,2025-06-22,5,39,10,34990
6016,2025-06-22,5,40,4,2396
6017,2025-06-22,5,41,5,12495
6018,2025-06-22,5,43,2,3998
6019,2025-06-22,5,44,3,3897
6020,2025-06-22,5,45,1,4999
6021,2025-06-22,5,46,2,1598
6022,2025-06-22,5,47,1,3499
6023,2025-06-22,5,48,2,7998
6024,2025-06-22,5,49,8,19992
6025,2025-06-22,5,50,5,6495
6026,2025-06-22,5,51,3,1497
6027,2025-06-22,5,52,2,3998
6028,2025-06-22,5,53,3,2697
6029,2025-06-22,5,54,7,4193
6030,2025-06-22,5,55,8,7192
6031,2025-06-22,5,56,5,3495
6032,2025-06-22,6,1,10,29990
6033,2025-06-22,6,3,2,9998
6034,2025-06-22,6,4,4,5996
6035,2025-06-22,6,5,11,14289
6036,2025-06-22,6,6,2,1798
6037,2025-06-22,6,7,9,71991
6038,2025-06-22,6,8,1,15999
6039,2025-06-22,6,9,4,2396
6040,2025-06-22,6,11,3,7497
6041,2025-06-22,6,12,6,2394
6042,2025-06-22,6,14,2,598
6043,2025-06-22,6,15,8,39992
6044,2025-06-22,6,16,6,4794
6045,2025-06-22,6,17,3,11997
6046,2025-06-22,6,18,4,7196
6047,2025-06-22,6,19,7,132993
6048,2025-06-22,6,20,1,1299
6049,2025-06-22,6,21,8,19992
6050,2025-06-22,6,22,9,49491
6051,2025-06-22,6,23,3,14997
6052,2025-06-22,6,24,2,6998
6053,2025-06-22,6,25,6,29994
6054,2025-06-22,6,26,2,39998
6055,2025-06-22,6,27,1,1299
6056,2025-06-22,6,28,1,1799
6057,2025-06-22,6,29,10,24990
6058,2025-06-22,6,30,5,19995
6059,2025-06-22,6,31,6,11994
6060,2025-06-22,6,32,6,53994
6061,2025-06-22,6,33,8,103992
6062,2025-06-22,6,34,5,94995
6063,2025-06-22,6,35,2,5998
6064,2025-06-22,6,36,7,10493
6065,2025-06-22,6,37,6,13794
6066,2025-06-22,6,38,6,53994
6067,2025-06-22,6,39,10,34990
6068,2025-06-22,6,40,5,2995
6069,2025-06-22,6,41,4,9996
6070,2025-06-22,6,42,1,1799
6071,2025-06-22,6,43,2,3998
6072,2025-06-22,6,44,5,6495
6073,2025-06-22,6,45,1,4999
6074,2025-06-22,6,46,4,3196
6075,2025-06-22,6,47,1,3499
6076,2025-06-22,6,48,4,15996
6077,2025-06-22,6,49,7,17493
6078,2025-06-22,6,50,4,5196
6079,2025-06-22,6,51,4,1996
6080,2025-06-22,6,52,1,1999
6081,2025-06-22,6,53,3,2697
6082,2025-06-22,6,54,13,7787
6083,2025-06-22,6,55,4,3596
6084,2025-06-22,6,56,3,2097
6085,2025-06-23,1,1,22,65978
6086,2025-06-23,1,2,1,1999
6087,2025-06-23,1,3,2,9998
6088,2025-06-23,1,4,2,2998
6089,2025-06-23,1,5,12,15588
6090,2025-06-23,1,6,1,899
6091,2025-06-23,1,7,9,71991
6092,2025-06-23,1,9,5,2995
6093,2025-06-23,1,11,2,4998
6094,2025-06-23,1,12,5,1995
6095,2025-06-23,1,14,2,598
6096,2025-06-23,1,15,5,24995
6097,2025-06-23,1,16,7,5593
6098,2025-06-23,1,17,2,7998
6099,2025-06-23,1,18,7,12593
6100,2025-06-23,1,19,9,170991
6101,2025-06-23,1,20,1,1299
6102,2025-06-23,1,21,8,19992
6103,2025-06-23,1,22,7,38493
6104,2025-06-23,1,23,2,9998
6105,2025-06-23,1,24,1,3499
6106,2025-06-23,1,25,10,49990
6107,2025-06-23,1,26,4,79996
6108,2025-06-23,1,27,1,1299
6109,2025-06-23,1,28,1,1799
6110,2025-06-23,1,29,7,17493
6111,2025-06-23,1,30,6,23994
6112,2025-06-23,1,31,7,13993
6113,2025-06-23,1,32,7,62993
6114,2025-06-23,1,33,4,51996
6115,2025-06-23,1,34,9,170991
6116,2025-06-23,1,35,2,5998
6117,2025-06-23,1,36,5,7495
6118,2025-06-23,1,37,8,18392
6119,2025-06-23,1,38,7,62993
6120,2025-06-23,1,39,7,24493
6121,2025-06-23,1,40,7,4193
6122,2025-06-23,1,41,5,12495
6123,2025-06-23,1,42,1,1799
6124,2025-06-23,1,43,2,3998
6125,2025-06-23,1,44,3,3897
6126,2025-06-23,1,46,3,2397
6127,2025-06-23,1,47,2,6998
6128,2025-06-23,1,48,4,15996
6129,2025-06-23,1,49,3,7497
6130,2025-06-23,1,50,3,3897
6131,2025-06-23,1,51,5,2495
6132,2025-06-23,1,52,2,3998
6133,2025-06-23,1,53,3,2697
6134,2025-06-23,1,54,8,4792
6135,2025-06-23,1,55,4,3596
6136,2025-06-23,1,56,5,3495
6137,2025-06-23,2,1,6,17994
6138,2025-06-23,2,3,1,4999
6139,2025-06-23,2,4,1,1499
6140,2025-06-23,2,5,10,12990
6141,2025-06-23,2,6,2,1798
6142,2025-06-23,2,7,8,63992
6143,2025-06-23,2,8,1,15999
6144,2025-06-23,2,9,5,2995
6145,2025-06-23,2,11,1,2499
6146,2025-06-23,2,12,4,1596
6147,2025-06-23,2,13,1,499
6148,2025-06-23,2,14,1,299
6149,2025-06-23,2,15,6,29994
6150,2025-06-23,2,16,5,3995
6151,2025-06-23,2,17,2,7998
6152,2025-06-23,2,18,4,7196
6153,2025-06-23,2,19,6,113994
6154,2025-06-23,2,21,6,14994
6155,2025-06-23,2,22,6,32994
6156,2025-06-23,2,23,2,9998
6157,2025-06-23,2,24,2,6998
6158,2025-06-23,2,25,11,54989
6159,2025-06-23,2,26,3,59997
6160,2025-06-23,2,27,1,1299
6161,2025-06-23,2,29,6,14994
6162,2025-06-23,2,30,3,11997
6163,2025-06-23,2,31,8,15992
6164,2025-06-23,2,32,10,89990
6165,2025-06-23,2,33,5,64995
6166,2025-06-23,2,34,7,132993
6167,2025-06-23,2,35,4,11996
6168,2025-06-23,2,36,3,4497
6169,2025-06-23,2,37,11,25289
6170,2025-06-23,2,38,3,26997
6171,2025-06-23,2,39,9,31491
6172,2025-06-23,2,40,4,2396
6173,2025-06-23,2,41,6,14994
6174,2025-06-23,2,43,2,3998
6175,2025-06-23,2,44,1,1299
6176,2025-06-23,2,45,1,4999
6177,2025-06-23,2,46,2,1598
6178,2025-06-23,2,47,1,3499
6179,2025-06-23,2,48,3,11997
6180,2025-06-23,2,49,6,14994
6181,2025-06-23,2,50,4,5196
6182,2025-06-23,2,51,3,1497
6183,2025-06-23,2,52,3,5997
6184,2025-06-23,2,54,6,3594
6185,2025-06-23,2,55,8,7192
6186,2025-06-23,2,56,4,2796
6187,2025-06-23,3,1,6,17994
6188,2025-06-23,3,3,1,4999
6189,2025-06-23,3,4,2,2998
6190,2025-06-23,3,5,14,18186
6191,2025-06-23,3,6,1,899
6192,2025-06-23,3,7,5,39995
6193,2025-06-23,3,8,1,15999
6194,2025-06-23,3,9,1,599
6195,2025-06-23,3,10,1,299
6196,2025-06-23,3,11,1,2499
6197,2025-06-23,3,12,4,1596
6198,2025-06-23,3,14,1,299
6199,2025-06-23,3,15,7,34993
6200,2025-06-23,3,16,4,3196
6201,2025-06-23,3,18,4,7196
6202,2025-06-23,3,19,6,113994
6203,2025-06-23,3,21,7,17493
6204,2025-06-23,3,22,9,49491
6205,2025-06-23,3,23,2,9998
6206,2025-06-23,3,24,2,6998
6207,2025-06-23,3,25,4,19996
6208,2025-06-23,3,26,2,39998
6209,2025-06-23,3,29,7,17493
6210,2025-06-23,3,30,3,11997
6211,2025-06-23,3,31,4,7996
6212,2025-06-23,3,32,5,44995
6213,2025-06-23,3,33,4,51996
6214,2025-06-23,3,34,8,151992
6215,2025-06-23,3,35,2,5998
6216,2025-06-23,3,36,3,4497
6217,2025-06-23,3,37,5,11495
6218,2025-06-23,3,38,2,17998
6219,2025-06-23,3,39,6,20994
6220,2025-06-23,3,40,4,2396
6221,2025-06-23,3,41,7,17493
6222,2025-06-23,3,43,1,1999
6223,2025-06-23,3,44,3,3897
6224,2025-06-23,3,46,2,1598
6225,2025-06-23,3,47,1,3499
6226,2025-06-23,3,48,2,7998
6227,2025-06-23,3,49,7,17493
6228,2025-06-23,3,50,3,3897
6229,2025-06-23,3,51,2,998
6230,2025-06-23,3,52,2,3998
6231,2025-06-23,3,53,1,899
6232,2025-06-23,3,54,8,4792
6233,2025-06-23,3,55,5,4495
6234,2025-06-23,3,56,3,2097
6235,2025-06-23,4,1,11,32989
6236,2025-06-23,4,2,1,1999
6237,2025-06-23,4,3,3,14997
6238,2025-06-23,4,4,4,5996
6239,2025-06-23,4,5,22,28578
6240,2025-06-23,4,6,1,899
6241,2025-06-23,4,7,6,47994
6242,2025-06-23,4,8,1,15999
6243,2025-06-23,4,9,4,2396
6244,2025-06-23,4,11,2,4998
6245,2025-06-23,4,12,6,2394
6246,2025-06-23,4,13,1,499
6247,2025-06-23,4,14,3,897
6248,2025-06-23,4,15,7,34993
6249,2025-06-23,4,16,4,3196
6250,2025-06-23,4,17,2,7998
6251,2025-06-23,4,18,4,7196
6252,2025-06-23,4,19,9,170991
6253,2025-06-23,4,21,7,17493
6254,2025-06-23,4,22,9,49491
6255,2025-06-23,4,23,4,19996
6256,2025-06-23,4,24,2,6998
6257,2025-06-23,4,25,7,34993
6258,2025-06-23,4,26,6,119994
6259,2025-06-23,4,28,1,1799
6260,2025-06-23,4,29,10,24990
6261,2025-06-23,4,30,9,35991
6262,2025-06-23,4,31,8,15992
6263,2025-06-23,4,32,10,89990
6264,2025-06-23,4,33,8,103992
6265,2025-06-23,4,34,7,132993
6266,2025-06-23,4,35,2,5998
6267,2025-06-23,4,36,5,7495
6268,2025-06-23,4,37,7,16093
6269,2025-06-23,4,38,9,80991
6270,2025-06-23,4,39,6,20994
6271,2025-06-23,4,40,5,2995
6272,2025-06-23,4,41,8,19992
6273,2025-06-23,4,42,1,1799
6274,2025-06-23,4,43,2,3998
6275,2025-06-23,4,44,4,5196
6276,2025-06-23,4,45,1,4999
6277,2025-06-23,4,46,3,2397
6278,2025-06-23,4,48,3,11997
6279,2025-06-23,4,49,4,9996
6280,2025-06-23,4,50,2,2598
6281,2025-06-23,4,51,4,1996
6282,2025-06-23,4,52,1,1999
6283,2025-06-23,4,53,2,1798
6284,2025-06-23,4,54,10,5990
6285,2025-06-23,4,55,3,2697
6286,2025-06-23,4,56,10,6990
6287,2025-06-23,5,1,4,11996
6288,2025-06-23,5,3,1,4999
6289,2025-06-23,5,4,1,1499
6290,2025-06-23,5,5,7,9093
6291,2025-06-23,5,6,2,1798
6292,2025-06-23,5,7,3,23997
6293,2025-06-23,5,8,1,15999
6294,2025-06-23,5,9,1,599
6295,2025-06-23,5,11,1,2499
6296,2025-06-23,5,12,4,1596
6297,2025-06-23,5,15,5,24995
6298,2025-06-23,5,16,2,1598
6299,2025-06-23,5,17,1,3999
6300,2025-06-23,5,18,4,7196
6301,2025-06-23,5,19,5,94995
6302,2025-06-23,5,21,4,9996
6303,2025-06-23,5,22,2,10998
6304,2025-06-23,5,23,3,14997
6305,2025-06-23,5,24,1,3499
6306,2025-06-23,5,25,8,39992
6307,2025-06-23,5,26,3,59997
6308,2025-06-23,5,27,1,1299
6309,2025-06-23,5,29,4,9996
6310,2025-06-23,5,30,4,15996
6311,2025-06-23,5,31,5,9995
6312,2025-06-23,5,32,6,53994
6313,2025-06-23,5,33,2,25998
6314,2025-06-23,5,34,7,132993
6315,2025-06-23,5,35,2,5998
6316,2025-06-23,5,36,3,4497
6317,2025-06-23,5,37,3,6897
6318,2025-06-23,5,38,4,35996
6319,2025-06-23,5,39,4,13996
6320,2025-06-23,5,40,2,1198
6321,2025-06-23,5,41,4,9996
6322,2025-06-23,5,43,2,3998
6323,2025-06-23,5,44,1,1299
6324,2025-06-23,5,45,1,4999
6325,2025-06-23,5,46,1,799
6326,2025-06-23,5,47,1,3499
6327,2025-06-23,5,48,1,3999
6328,2025-06-23,5,49,5,12495
6329,2025-06-23,5,50,3,3897
6330,2025-06-23,5,51,3,1497
6331,2025-06-23,5,52,2,3998
6332,2025-06-23,5,53,2,1798
6333,2025-06-23,5,54,8,4792
6334,2025-06-23,5,55,4,3596
6335,2025-06-23,5,56,6,4194
6336,2025-06-23,6,1,6,17994
6337,2025-06-23,6,3,3,14997
6338,2025-06-23,6,4,2,2998
6339,2025-06-23,6,5,17,22083
6340,2025-06-23,6,6,2,1798
6341,2025-06-23,6,7,10,79990
6342,2025-06-23,6,8,1,15999
6343,2025-06-23,6,9,3,1797
6344,2025-06-23,6,11,3,7497
6345,2025-06-23,6,14,1,299
6346,2025-06-23,6,15,5,24995
6347,2025-06-23,6,16,5,3995
6348,2025-06-23,6,17,2,7998
6349,2025-06-23,6,18,7,12593
6350,2025-06-23,6,19,11,208989
6351,2025-06-23,6,21,7,17493
6352,2025-06-23,6,22,7,38493
6353,2025-06-23,6,23,4,19996
6354,2025-06-23,6,24,1,3499
6355,2025-06-23,6,25,6,29994
6356,2025-06-23,6,26,3,59997
6357,2025-06-23,6,27,1,1299
6358,2025-06-23,6,29,8,19992
6359,2025-06-23,6,30,6,23994
6360,2025-06-23,6,31,14,27986
6361,2025-06-23,6,32,7,62993
6362,2025-06-23,6,33,2,25998
6363,2025-06-23,6,34,8,151992
6364,2025-06-23,6,35,3,8997
6365,2025-06-23,6,36,7,10493
6366,2025-06-23,6,37,9,20691
6367,2025-06-23,6,38,4,35996
6368,2025-06-23,6,39,8,27992
6369,2025-06-23,6,40,5,2995
6370,2025-06-23,6,41,6,14994
6371,2025-06-23,6,42,1,1799
6372,2025-06-23,6,43,1,1999
6373,2025-06-23,6,44,3,3897
6374,2025-06-23,6,46,3,2397
6375,2025-06-23,6,47,1,3499
6376,2025-06-23,6,48,3,11997
6377,2025-06-23,6,49,2,4998
6378,2025-06-23,6,50,3,3897
6379,2025-06-23,6,51,2,998
6380,2025-06-23,6,52,2,3998
6381,2025-06-23,6,53,2,1798
6382,2025-06-23,6,54,9,5391
6383,2025-06-23,6,55,3,2697
6384,2025-06-23,6,56,5,3495
6385,2025-06-24,1,1,18,53982
6386,2025-06-24,1,3,2,9998
6387,2025-06-24,1,4,3,4497
6388,2025-06-24,1,5,16,20784
6389,2025-06-24,1,6,2,1798
6390,2025-06-24,1,7,12,95988
6391,2025-06-24,1,8,1,15999
6392,2025-06-24,1,9,4,2396
6393,2025-06-24,1,11,2,4998
6394,2025-06-24,1,12,3,1197
6395,2025-06-24,1,14,2,598
6396,2025-06-24,1,15,5,24995
6397,2025-06-24,1,16,6,4794
6398,2025-06-24,1,17,1,3999
6399,2025-06-24,1,18,5,8995
6400,2025-06-24,1,19,8,151992
6401,2025-06-24,1,21,13,32487
6402,2025-06-24,1,22,6,32994
6403,2025-06-24,1,23,3,14997
6404,2025-06-24,1,24,1,3499
6405,2025-06-24,1,25,11,54989
6406,2025-06-24,1,26,2,39998
6407,2025-06-24,1,27,2,2598
6408,2025-06-24,1,28,2,3598
6409,2025-06-24,1,29,3,7497
6410,2025-06-24,1,30,4,15996
6411,2025-06-24,1,31,6,11994
6412,2025-06-24,1,32,10,89990
6413,2025-06-24,1,33,5,64995
6414,2025-06-24,1,34,10,189990
6415,2025-06-24,1,35,4,11996
6416,2025-06-24,1,36,4,5996
6417,2025-06-24,1,37,9,20691
6418,2025-06-24,1,38,5,44995
6419,2025-06-24,1,39,8,27992
6420,2025-06-24,1,40,4,2396
6421,2025-06-24,1,41,11,27489
6422,2025-06-24,1,43,3,5997
6423,2025-06-24,1,44,3,3897
6424,2025-06-24,1,45,1,4999
6425,2025-06-24,1,46,1,799
6426,2025-06-24,1,48,3,11997
6427,2025-06-24,1,49,7,17493
6428,2025-06-24,1,50,3,3897
6429,2025-06-24,1,51,5,2495
6430,2025-06-24,1,52,3,5997
6431,2025-06-24,1,53,2,1798
6432,2025-06-24,1,54,6,3594
6433,2025-06-24,1,55,4,3596
6434,2025-06-24,1,56,9,6291
6435,2025-06-24,2,1,8,23992
6436,2025-06-24,2,3,1,4999
6437,2025-06-24,2,4,3,4497
6438,2025-06-24,2,5,7,9093
6439,2025-06-24,2,6,1,899
6440,2025-06-24,2,7,12,95988
6441,2025-06-24,2,9,2,1198
6442,2025-06-24,2,11,2,4998
6443,2025-06-24,2,12,4,1596
6444,2025-06-24,2,15,5,24995
6445,2025-06-24,2,16,5,3995
6446,2025-06-24,2,17,1,3999
6447,2025-06-24,2,18,6,10794
6448,2025-06-24,2,19,8,151992
6449,2025-06-24,2,21,4,9996
6450,2025-06-24,2,22,6,32994
6451,2025-06-24,2,23,2,9998
6452,2025-06-24,2,24,2,6998
6453,2025-06-24,2,25,6,29994
6454,2025-06-24,2,26,5,99995
6455,2025-06-24,2,27,1,1299
6456,2025-06-24,2,28,1,1799
6457,2025-06-24,2,29,11,27489
6458,2025-06-24,2,30,5,19995
6459,2025-06-24,2,31,9,17991
6460,2025-06-24,2,32,8,71992
6461,2025-06-24,2,33,5,64995
6462,2025-06-24,2,34,6,113994
6463,2025-06-24,2,35,2,5998
6464,2025-06-24,2,36,4,5996
6465,2025-06-24,2,37,8,18392
6466,2025-06-24,2,38,4,35996
6467,2025-06-24,2,39,7,24493
6468,2025-06-24,2,40,5,2995
6469,2025-06-24,2,41,5,12495
6470,2025-06-24,2,43,2,3998
6471,2025-06-24,2,44,2,2598
6472,2025-06-24,2,45,1,4999
6473,2025-06-24,2,47,1,3499
6474,2025-06-24,2,48,1,3999
6475,2025-06-24,2,49,5,12495
6476,2025-06-24,2,50,3,3897
6477,2025-06-24,2,51,3,1497
6478,2025-06-24,2,52,2,3998
6479,2025-06-24,2,53,2,1798
6480,2025-06-24,2,54,6,3594
6481,2025-06-24,2,55,8,7192
6482,2025-06-24,2,56,8,5592
6483,2025-06-24,3,1,4,11996
6484,2025-06-24,3,3,2,9998
6485,2025-06-24,3,4,2,2998
6486,2025-06-24,3,5,9,11691
6487,2025-06-24,3,6,1,899
6488,2025-06-24,3,7,8,63992
6489,2025-06-24,3,9,4,2396
6490,2025-06-24,3,11,1,2499
6491,2025-06-24,3,12,3,1197
6492,2025-06-24,3,14,2,598
6493,2025-06-24,3,15,4,19996
6494,2025-06-24,3,16,4,3196
6495,2025-06-24,3,17,2,7998
6496,2025-06-24,3,18,7,12593
6497,2025-06-24,3,19,7,132993
6498,2025-06-24,3,21,3,7497
6499,2025-06-24,3,22,5,27495
6500,2025-06-24,3,23,1,4999
6501,2025-06-24,3,24,1,3499
6502,2025-06-24,3,25,6,29994
6503,2025-06-24,3,26,1,19999
6504,2025-06-24,3,28,2,3598
6505,2025-06-24,3,29,7,17493
6506,2025-06-24,3,30,5,19995
6507,2025-06-24,3,31,6,11994
6508,2025-06-24,3,32,6,53994
6509,2025-06-24,3,33,5,64995
6510,2025-06-24,3,34,7,132993
6511,2025-06-24,3,35,2,5998
6512,2025-06-24,3,36,4,5996
6513,2025-06-24,3,37,7,16093
6514,2025-06-24,3,38,5,44995
6515,2025-06-24,3,39,8,27992
6516,2025-06-24,3,40,5,2995
6517,2025-06-24,3,41,2,4998
6518,2025-06-24,3,43,2,3998
6519,2025-06-24,3,44,3,3897
6520,2025-06-24,3,46,1,799
6521,2025-06-24,3,47,1,3499
6522,2025-06-24,3,48,1,3999
6523,2025-06-24,3,49,3,7497
6524,2025-06-24,3,50,3,3897
6525,2025-06-24,3,51,4,1996
6526,2025-06-24,3,52,1,1999
6527,2025-06-24,3,53,2,1798
6528,2025-06-24,3,54,8,4792
6529,2025-06-24,3,55,4,3596
6530,2025-06-24,3,56,3,2097
6531,2025-06-24,4,1,6,17994
6532,2025-06-24,4,3,5,24995
6533,2025-06-24,4,4,2,2998
6534,2025-06-24,4,5,15,19485
6535,2025-06-24,4,6,2,1798
6536,2025-06-24,4,7,7,55993
6537,2025-06-24,4,8,1,15999
6538,2025-06-24,4,9,6,3594
6539,2025-06-24,4,11,2,4998
6540,2025-06-24,4,12,4,1596
6541,2025-06-24,4,14,3,897
6542,2025-06-24,4,15,6,29994
6543,2025-06-24,4,16,9,7191
6544,2025-06-24,4,17,1,3999
6545,2025-06-24,4,18,4,7196
6546,2025-06-24,4,19,3,56997
6547,2025-06-24,4,21,7,17493
6548,2025-06-24,4,22,7,38493
6549,2025-06-24,4,23,2,9998
6550,2025-06-24,4,24,2,6998
6551,2025-06-24,4,25,9,44991
6552,2025-06-24,4,26,6,119994
6553,2025-06-24,4,27,1,1299
6554,2025-06-24,4,28,2,3598
6555,2025-06-24,4,29,9,22491
6556,2025-06-24,4,30,10,39990
6557,2025-06-24,4,31,6,11994
6558,2025-06-24,4,32,11,98989
6559,2025-06-24,4,33,4,51996
6560,2025-06-24,4,34,8,151992
6561,2025-06-24,4,35,5,14995
6562,2025-06-24,4,36,7,10493
6563,2025-06-24,4,37,7,16093
6564,2025-06-24,4,38,4,35996
6565,2025-06-24,4,39,8,27992
6566,2025-06-24,4,40,6,3594
6567,2025-06-24,4,41,6,14994
6568,2025-06-24,4,42,1,1799
6569,2025-06-24,4,43,2,3998
6570,2025-06-24,4,44,3,3897
6571,2025-06-24,4,45,1,4999
6572,2025-06-24,4,46,3,2397
6573,2025-06-24,4,47,1,3499
6574,2025-06-24,4,48,3,11997
6575,2025-06-24,4,49,10,24990
6576,2025-06-24,4,50,1,1299
6577,2025-06-24,4,51,4,1996
6578,2025-06-24,4,52,1,1999
6579,2025-06-24,4,53,2,1798
6580,2025-06-24,4,54,8,4792
6581,2025-06-24,4,55,5,4495
6582,2025-06-24,4,56,10,6990
6583,2025-06-24,5,1,6,17994
6584,2025-06-24,5,3,1,4999
6585,2025-06-24,5,4,1,1499
6586,2025-06-24,5,5,7,9093
6587,2025-06-24,5,6,1,899
6588,2025-06-24,5,7,7,55993
6589,2025-06-24,5,9,3,1797
6590,2025-06-24,5,11,1,2499
6591,2025-06-24,5,12,4,1596
6592,2025-06-24,5,13,1,499
6593,2025-06-24,5,14,1,299
6594,2025-06-24,5,15,2,9998
6595,2025-06-24,5,16,2,1598
6596,2025-06-24,5,17,1,3999
6597,2025-06-24,5,18,5,8995
6598,2025-06-24,5,19,3,56997
6599,2025-06-24,5,21,1,2499
6600,2025-06-24,5,22,3,16497
6601,2025-06-24,5,23,3,14997
6602,2025-06-24,5,25,8,39992
6603,2025-06-24,5,26,3,59997
6604,2025-06-24,5,27,1,1299
6605,2025-06-24,5,28,1,1799
6606,2025-06-24,5,29,6,14994
6607,2025-06-24,5,30,4,15996
6608,2025-06-24,5,31,7,13993
6609,2025-06-24,5,32,4,35996
6610,2025-06-24,5,33,2,25998
6611,2025-06-24,5,34,6,113994
6612,2025-06-24,5,35,2,5998
6613,2025-06-24,5,36,2,2998
6614,2025-06-24,5,37,7,16093
6615,2025-06-24,5,38,5,44995
6616,2025-06-24,5,39,7,24493
6617,2025-06-24,5,40,3,1797
6618,2025-06-24,5,41,6,14994
6619,2025-06-24,5,43,2,3998
6620,2025-06-24,5,44,1,1299
6621,2025-06-24,5,46,1,799
6622,2025-06-24,5,47,1,3499
6623,2025-06-24,5,48,1,3999
6624,2025-06-24,5,49,5,12495
6625,2025-06-24,5,50,2,2598
6626,2025-06-24,5,51,2,998
6627,2025-06-24,5,52,1,1999
6628,2025-06-24,5,53,2,1798
6629,2025-06-24,5,54,5,2995
6630,2025-06-24,5,55,6,5394
6631,2025-06-24,5,56,4,2796
6632,2025-06-24,6,1,6,17994
6633,2025-06-24,6,3,2,9998
6634,2025-06-24,6,4,2,2998
6635,2025-06-24,6,5,13,16887
6636,2025-06-24,6,6,1,899
6637,2025-06-24,6,7,7,55993
6638,2025-06-24,6,8,1,15999
6639,2025-06-24,6,9,5,2995
6640,2025-06-24,6,11,2,4998
6641,2025-06-24,6,12,4,1596
6642,2025-06-24,6,14,1,299
6643,2025-06-24,6,15,3,14997
6644,2025-06-24,6,16,3,2397
6645,2025-06-24,6,17,2,7998
6646,2025-06-24,6,18,5,8995
6647,2025-06-24,6,19,4,75996
6648,2025-06-24,6,21,2,4998
6649,2025-06-24,6,22,11,60489
6650,2025-06-24,6,23,4,19996
6651,2025-06-24,6,24,1,3499
6652,2025-06-24,6,25,9,44991
6653,2025-06-24,6,26,2,39998
6654,2025-06-24,6,27,2,2598
6655,2025-06-24,6,28,1,1799
6656,2025-06-24,6,29,10,24990
6657,2025-06-24,6,30,5,19995
6658,2025-06-24,6,31,12,23988
6659,2025-06-24,6,32,6,53994
6660,2025-06-24,6,33,4,51996
6661,2025-06-24,6,34,6,113994
6662,2025-06-24,6,36,3,4497
6663,2025-06-24,6,37,5,11495
6664,2025-06-24,6,38,5,44995
6665,2025-06-24,6,39,3,10497
6666,2025-06-24,6,40,4,2396
6667,2025-06-24,6,41,4,9996
6668,2025-06-24,6,43,2,3998
6669,2025-06-24,6,44,2,2598
6670,2025-06-24,6,45,1,4999
6671,2025-06-24,6,46,2,1598
6672,2025-06-24,6,47,1,3499
6673,2025-06-24,6,48,2,7998
6674,2025-06-24,6,49,3,7497
6675,2025-06-24,6,50,2,2598
6676,2025-06-24,6,51,2,998
6677,2025-06-24,6,52,3,5997
6678,2025-06-24,6,53,2,1798
6679,2025-06-24,6,54,5,2995
6680,2025-06-24,6,55,5,4495
6681,2025-06-24,6,56,6,4194
6682,2025-06-25,1,1,16,47984
6683,2025-06-25,1,3,3,14997
6684,2025-06-25,1,4,1,1499
6685,2025-06-25,1,5,10,12990
6686,2025-06-25,1,7,7,55993
6687,2025-06-25,1,8,1,15999
6688,2025-06-25,1,9,3,1797
6689,2025-06-25,1,11,3,7497
6690,2025-06-25,1,12,3,1197
6691,2025-06-25,1,15,8,39992
6692,2025-06-25,1,16,4,3196
6693,2025-06-25,1,17,3,11997
6694,2025-06-25,1,18,4,7196
6695,2025-06-25,1,19,7,132993
6696,2025-06-25,1,21,12,29988
6697,2025-06-25,1,22,8,43992
6698,2025-06-25,1,23,3,14997
6699,2025-06-25,1,24,2,6998
6700,2025-06-25,1,25,7,34993
6701,2025-06-25,1,26,3,59997
6702,2025-06-25,1,27,1,1299
6703,2025-06-25,1,29,9,22491
6704,2025-06-25,1,30,8,31992
6705,2025-06-25,1,31,11,21989
6706,2025-06-25,1,32,6,53994
6707,2025-06-25,1,33,3,38997
6708,2025-06-25,1,34,7,132993
6709,2025-06-25,1,35,3,8997
6710,2025-06-25,1,36,5,7495
6711,2025-06-25,1,37,6,13794
6712,2025-06-25,1,38,6,53994
6713,2025-06-25,1,39,6,20994
6714,2025-06-25,1,40,3,1797
6715,2025-06-25,1,41,9,22491
6716,2025-06-25,1,42,1,1799
6717,2025-06-25,1,43,2,3998
6718,2025-06-25,1,44,3,3897
6719,2025-06-25,1,45,1,4999
6720,2025-06-25,1,46,2,1598
6721,2025-06-25,1,47,1,3499
6722,2025-06-25,1,48,4,15996
6723,2025-06-25,1,49,11,27489
6724,2025-06-25,1,50,3,3897
6725,2025-06-25,1,51,3,1497
6726,2025-06-25,1,52,2,3998
6727,2025-06-25,1,53,3,2697
6728,2025-06-25,1,54,10,5990
6729,2025-06-25,1,55,10,8990
6730,2025-06-25,1,56,6,4194
6731,2025-06-25,2,1,4,11996
6732,2025-06-25,2,3,3,14997
6733,2025-06-25,2,4,2,2998
6734,2025-06-25,2,5,12,15588
6735,2025-06-25,2,6,1,899
6736,2025-06-25,2,7,5,39995
6737,2025-06-25,2,9,4,2396
6738,2025-06-25,2,10,1,299
6739,2025-06-25,2,11,2,4998
6740,2025-06-25,2,12,3,1197
6741,2025-06-25,2,14,2,598
6742,2025-06-25,2,15,5,24995
6743,2025-06-25,2,16,2,1598
6744,2025-06-25,2,17,2,7998
6745,2025-06-25,2,18,2,3598
6746,2025-06-25,2,19,3,56997
6747,2025-06-25,2,21,6,14994
6748,2025-06-25,2,22,2,10998
6749,2025-06-25,2,23,4,19996
6750,2025-06-25,2,24,2,6998
6751,2025-06-25,2,25,9,44991
6752,2025-06-25,2,26,2,39998
6753,2025-06-25,2,27,1,1299
6754,2025-06-25,2,28,1,1799
6755,2025-06-25,2,29,10,24990
6756,2025-06-25,2,30,6,23994
6757,2025-06-25,2,31,13,25987
6758,2025-06-25,2,32,7,62993
6759,2025-06-25,2,33,4,51996
6760,2025-06-25,2,34,3,56997
6761,2025-06-25,2,35,1,2999
6762,2025-06-25,2,36,3,4497
6763,2025-06-25,2,37,6,13794
6764,2025-06-25,2,38,3,26997
6765,2025-06-25,2,39,9,31491
6766,2025-06-25,2,40,6,3594
6767,2025-06-25,2,41,3,7497
6768,2025-06-25,2,43,2,3998
6769,2025-06-25,2,44,2,2598
6770,2025-06-25,2,46,2,1598
6771,2025-06-25,2,48,1,3999
6772,2025-06-25,2,49,4,9996
6773,2025-06-25,2,50,3,3897
6774,2025-06-25,2,51,2,998
6775,2025-06-25,2,52,2,3998
6776,2025-06-25,2,54,6,3594
6777,2025-06-25,2,55,5,4495
6778,2025-06-25,2,56,5,3495
6779,2025-06-25,3,1,4,11996
6780,2025-06-25,3,3,1,4999
6781,2025-06-25,3,4,2,2998
6782,2025-06-25,3,5,11,14289
6783,2025-06-25,3,6,1,899
6784,2025-06-25,3,7,9,71991
6785,2025-06-25,3,9,4,2396
6786,2025-06-25,3,11,2,4998
6787,2025-06-25,3,12,2,798
6788,2025-06-25,3,14,1,299
6789,2025-06-25,3,15,3,14997
6790,2025-06-25,3,16,3,2397
6791,2025-06-25,3,17,1,3999
6792,2025-06-25,3,18,4,7196
6793,2025-06-25,3,19,7,132993
6794,2025-06-25,3,21,4,9996
6795,2025-06-25,3,22,6,32994
6796,2025-06-25,3,23,2,9998
6797,2025-06-25,3,25,4,19996
6798,2025-06-25,3,26,2,39998
6799,2025-06-25,3,27,1,1299
6800,2025-06-25,3,28,1,1799
6801,2025-06-25,3,29,7,17493
6802,2025-06-25,3,30,4,15996
6803,2025-06-25,3,31,4,7996
6804,2025-06-25,3,32,5,44995
6805,2025-06-25,3,33,3,38997
6806,2025-06-25,3,34,3,56997
6807,2025-06-25,3,35,1,2999
6808,2025-06-25,3,36,6,8994
6809,2025-06-25,3,37,6,13794
6810,2025-06-25,3,38,6,53994
6811,2025-06-25,3,39,9,31491
6812,2025-06-25,3,40,1,599
6813,2025-06-25,3,41,4,9996
6814,2025-06-25,3,43,1,1999
6815,2025-06-25,3,44,1,1299
6816,2025-06-25,3,45,1,4999
6817,2025-06-25,3,46,1,799
6818,2025-06-25,3,48,2,7998
6819,2025-06-25,3,49,6,14994
6820,2025-06-25,3,50,1,1299
6821,2025-06-25,3,51,3,1497
6822,2025-06-25,3,52,2,3998
6823,2025-06-25,3,53,3,2697
6824,2025-06-25,3,54,7,4193
6825,2025-06-25,3,55,3,2697
6826,2025-06-25,3,56,6,4194
6827,2025-06-25,4,1,3,8997
6828,2025-06-25,4,3,3,14997
6829,2025-06-25,4,4,4,5996
6830,2025-06-25,4,5,13,16887
6831,2025-06-25,4,6,2,1798
6832,2025-06-25,4,7,7,55993
6833,2025-06-25,4,8,1,15999
6834,2025-06-25,4,9,4,2396
6835,2025-06-25,4,10,1,299
6836,2025-06-25,4,11,3,7497
6837,2025-06-25,4,12,7,2793
6838,2025-06-25,4,13,1,499
6839,2025-06-25,4,14,2,598
6840,2025-06-25,4,15,7,34993
6841,2025-06-25,4,16,8,6392
6842,2025-06-25,4,17,2,7998
6843,2025-06-25,4,18,6,10794
6844,2025-06-25,4,19,11,208989
6845,2025-06-25,4,21,6,14994
6846,2025-06-25,4,22,5,27495
6847,2025-06-25,4,23,4,19996
6848,2025-06-25,4,24,2,6998
6849,2025-06-25,4,25,10,49990
6850,2025-06-25,4,26,4,79996
6851,2025-06-25,4,27,2,2598
6852,2025-06-25,4,28,1,1799
6853,2025-06-25,4,29,10,24990
6854,2025-06-25,4,30,5,19995
6855,2025-06-25,4,31,13,25987
6856,2025-06-25,4,32,6,53994
6857,2025-06-25,4,33,5,64995
6858,2025-06-25,4,34,6,113994
6859,2025-06-25,4,35,3,8997
6860,2025-06-25,4,36,5,7495
6861,2025-06-25,4,37,7,16093
6862,2025-06-25,4,38,8,71992
6863,2025-06-25,4,39,6,20994
6864,2025-06-25,4,40,9,5391
6865,2025-06-25,4,41,7,17493
6866,2025-06-25,4,42,1,1799
6867,2025-06-25,4,43,4,7996
6868,2025-06-25,4,44,3,3897
6869,2025-06-25,4,45,1,4999
6870,2025-06-25,4,46,3,2397
6871,2025-06-25,4,47,1,3499
6872,2025-06-25,4,48,5,19995
6873,2025-06-25,4,49,3,7497
6874,2025-06-25,4,50,2,2598
6875,2025-06-25,4,51,5,2495
6876,2025-06-25,4,52,1,1999
6877,2025-06-25,4,53,3,2697
6878,2025-06-25,4,54,2,1198
6879,2025-06-25,4,55,4,3596
6880,2025-06-25,4,56,8,5592
6881,2025-06-25,5,1,5,14995
6882,2025-06-25,5,3,3,14997
6883,2025-06-25,5,5,13,16887
6884,2025-06-25,5,7,7,55993
6885,2025-06-25,5,9,3,1797
6886,2025-06-25,5,11,1,2499
6887,2025-06-25,5,12,4,1596
6888,2025-06-25,5,14,1,299
6889,2025-06-25,5,15,6,29994
6890,2025-06-25,5,16,5,3995
6891,2025-06-25,5,17,1,3999
6892,2025-06-25,5,18,5,8995
6893,2025-06-25,5,19,6,113994
6894,2025-06-25,5,21,8,19992
6895,2025-06-25,5,22,3,16497
6896,2025-06-25,5,23,3,14997
6897,2025-06-25,5,24,1,3499
6898,2025-06-25,5,25,6,29994
6899,2025-06-25,5,26,2,39998
6900,2025-06-25,5,29,6,14994
6901,2025-06-25,5,30,3,11997
6902,2025-06-25,5,31,4,7996
6903,2025-06-25,5,32,6,53994
6904,2025-06-25,5,33,2,25998
6905,2025-06-25,5,34,3,56997
6906,2025-06-25,5,35,3,8997
6907,2025-06-25,5,36,4,5996
6908,2025-06-25,5,37,9,20691
6909,2025-06-25,5,38,4,35996
6910,2025-06-25,5,39,6,20994
6911,2025-06-25,5,40,3,1797
6912,2025-06-25,5,41,6,14994
6913,2025-06-25,5,43,1,1999
6914,2025-06-25,5,44,2,2598
6915,2025-06-25,5,46,1,799
6916,2025-06-25,5,48,1,3999
6917,2025-06-25,5,49,4,9996
6918,2025-06-25,5,50,2,2598
6919,2025-06-25,5,51,1,499
6920,2025-06-25,5,52,1,1999
6921,2025-06-25,5,53,3,2697
6922,2025-06-25,5,54,6,3594
6923,2025-06-25,5,55,2,1798
6924,2025-06-25,5,56,3,2097
6925,2025-06-25,6,1,7,20993
6926,2025-06-25,6,3,3,14997
6927,2025-06-25,6,4,1,1499
6928,2025-06-25,6,5,8,10392
6929,2025-06-25,6,6,1,899
6930,2025-06-25,6,7,10,79990
6931,2025-06-25,6,8,1,15999
6932,2025-06-25,6,9,3,1797
6933,2025-06-25,6,11,1,2499
6934,2025-06-25,6,12,6,2394
6935,2025-06-25,6,14,2,598
6936,2025-06-25,6,15,7,34993
6937,2025-06-25,6,16,4,3196
6938,2025-06-25,6,17,2,7998
6939,2025-06-25,6,18,7,12593
6940,2025-06-25,6,19,8,151992
6941,2025-06-25,6,21,6,14994
6942,2025-06-25,6,22,4,21996
6943,2025-06-25,6,23,4,19996
6944,2025-06-25,6,24,1,3499
6945,2025-06-25,6,25,2,9998
6946,2025-06-25,6,26,2,39998
6947,2025-06-25,6,29,7,17493
6948,2025-06-25,6,30,6,23994
6949,2025-06-25,6,31,7,13993
6950,2025-06-25,6,32,6,53994
6951,2025-06-25,6,33,4,51996
6952,2025-06-25,6,34,6,113994
6953,2025-06-25,6,35,2,5998
6954,2025-06-25,6,36,4,5996
6955,2025-06-25,6,37,4,9196
6956,2025-06-25,6,38,4,35996
6957,2025-06-25,6,39,11,38489
6958,2025-06-25,6,40,7,4193
6959,2025-06-25,6,41,2,4998
6960,2025-06-25,6,43,2,3998
6961,2025-06-25,6,45,1,4999
6962,2025-06-25,6,46,1,799
6963,2025-06-25,6,48,2,7998
6964,2025-06-25,6,49,2,4998
6965,2025-06-25,6,50,3,3897
6966,2025-06-25,6,51,4,1996
6967,2025-06-25,6,52,2,3998
6968,2025-06-25,6,53,1,899
6969,2025-06-25,6,54,7,4193
6970,2025-06-25,6,55,7,6293
6971,2025-06-25,6,56,5,3495
6972,2025-06-26,1,1,8,23992
6973,2025-06-26,1,2,1,1999
6974,2025-06-26,1,3,4,19996
6975,2025-06-26,1,4,4,5996
6976,2025-06-26,1,5,12,15588
6977,2025-06-26,1,6,2,1798
6978,2025-06-26,1,7,5,39995
6979,2025-06-26,1,9,6,3594
6980,2025-06-26,1,11,1,2499
6981,2025-06-26,1,12,2,798
6982,2025-06-26,1,14,2,598
6983,2025-06-26,1,15,5,24995
6984,2025-06-26,1,16,6,4794
6985,2025-06-26,1,17,2,7998
6986,2025-06-26,1,18,5,8995
6987,2025-06-26,1,19,8,151992
6988,2025-06-26,1,21,7,17493
6989,2025-06-26,1,22,8,43992
6990,2025-06-26,1,23,3,14997
6991,2025-06-26,1,24,1,3499
6992,2025-06-26,1,25,8,39992
6993,2025-06-26,1,26,4,79996
6994,2025-06-26,1,28,1,1799
6995,2025-06-26,1,29,8,19992
6996,2025-06-26,1,30,7,27993
6997,2025-06-26,1,31,8,15992
6998,2025-06-26,1,32,8,71992
6999,2025-06-26,1,33,7,90993
7000,2025-06-26,1,34,10,189990
7001,2025-06-26,1,35,2,5998
7002,2025-06-26,1,36,7,10493
7003,2025-06-26,1,37,9,20691
7004,2025-06-26,1,38,5,44995
7005,2025-06-26,1,40,7,4193
7006,2025-06-26,1,41,5,12495
7007,2025-06-26,1,42,1,1799
7008,2025-06-26,1,43,1,1999
7009,2025-06-26,1,44,4,5196
7010,2025-06-26,1,45,1,4999
7011,2025-06-26,1,46,2,1598
7012,2025-06-26,1,47,1,3499
7013,2025-06-26,1,48,3,11997
7014,2025-06-26,1,49,4,9996
7015,2025-06-26,1,50,2,2598
7016,2025-06-26,1,51,5,2495
7017,2025-06-26,1,52,4,7996
7018,2025-06-26,1,53,5,4495
7019,2025-06-26,1,54,9,5391
7020,2025-06-26,1,55,7,6293
7021,2025-06-26,1,56,5,3495
7022,2025-06-26,2,1,5,14995
7023,2025-06-26,2,3,3,14997
7024,2025-06-26,2,4,2,2998
7025,2025-06-26,2,5,9,11691
7026,2025-06-26,2,6,1,899
7027,2025-06-26,2,7,12,95988
7028,2025-06-26,2,8,1,15999
7029,2025-06-26,2,9,7,4193
7030,2025-06-26,2,11,2,4998
7031,2025-06-26,2,12,3,1197
7032,2025-06-26,2,14,1,299
7033,2025-06-26,2,15,6,29994
7034,2025-06-26,2,16,6,4794
7035,2025-06-26,2,17,1,3999
7036,2025-06-26,2,18,4,7196
7037,2025-06-26,2,19,6,113994
7038,2025-06-26,2,21,6,14994
7039,2025-06-26,2,22,6,32994
7040,2025-06-26,2,23,2,9998
7041,2025-06-26,2,24,2,6998
7042,2025-06-26,2,25,7,34993
7043,2025-06-26,2,26,4,79996
7044,2025-06-26,2,27,1,1299
7045,2025-06-26,2,28,1,1799
7046,2025-06-26,2,29,9,22491
7047,2025-06-26,2,30,6,23994
7048,2025-06-26,2,31,3,5997
7049,2025-06-26,2,32,11,98989
7050,2025-06-26,2,33,3,38997
7051,2025-06-26,2,34,6,113994
7052,2025-06-26,2,35,4,11996
7053,2025-06-26,2,36,4,5996
7054,2025-06-26,2,37,6,13794
7055,2025-06-26,2,38,6,53994
7056,2025-06-26,2,39,7,24493
7057,2025-06-26,2,40,4,2396
7058,2025-06-26,2,41,7,17493
7059,2025-06-26,2,43,1,1999
7060,2025-06-26,2,44,1,1299
7061,2025-06-26,2,47,1,3499
7062,2025-06-26,2,48,2,7998
7063,2025-06-26,2,49,6,14994
7064,2025-06-26,2,50,4,5196
7065,2025-06-26,2,51,3,1497
7066,2025-06-26,2,52,1,1999
7067,2025-06-26,2,53,1,899
7068,2025-06-26,2,54,7,4193
7069,2025-06-26,2,55,7,6293
7070,2025-06-26,2,56,5,3495
7071,2025-06-26,3,1,4,11996
7072,2025-06-26,3,3,1,4999
7073,2025-06-26,3,4,2,2998
7074,2025-06-26,3,5,9,11691
7075,2025-06-26,3,6,1,899
7076,2025-06-26,3,7,8,63992
7077,2025-06-26,3,9,2,1198
7078,2025-06-26,3,12,3,1197
7079,2025-06-26,3,14,1,299
7080,2025-06-26,3,15,3,14997
7081,2025-06-26,3,16,2,1598
7082,2025-06-26,3,17,3,11997
7083,2025-06-26,3,18,4,7196
7084,2025-06-26,3,19,6,113994
7085,2025-06-26,3,21,4,9996
7086,2025-06-26,3,22,6,32994
7087,2025-06-26,3,23,2,9998
7088,2025-06-26,3,24,1,3499
7089,2025-06-26,3,25,10,49990
7090,2025-06-26,3,26,2,39998
7091,2025-06-26,3,27,1,1299
7092,2025-06-26,3,29,6,14994
7093,2025-06-26,3,30,7,27993
7094,2025-06-26,3,31,6,11994
7095,2025-06-26,3,32,7,62993
7096,2025-06-26,3,33,6,77994
7097,2025-06-26,3,34,10,189990
7098,2025-06-26,3,35,2,5998
7099,2025-06-26,3,36,1,1499
7100,2025-06-26,3,37,4,9196
7101,2025-06-26,3,38,3,26997
7102,2025-06-26,3,39,8,27992
7103,2025-06-26,3,40,2,1198
7104,2025-06-26,3,41,4,9996
7105,2025-06-26,3,43,1,1999
7106,2025-06-26,3,44,2,2598
7107,2025-06-26,3,45,1,4999
7108,2025-06-26,3,46,2,1598
7109,2025-06-26,3,47,1,3499
7110,2025-06-26,3,48,2,7998
7111,2025-06-26,3,49,3,7497
7112,2025-06-26,3,50,2,2598
7113,2025-06-26,3,51,2,998
7114,2025-06-26,3,52,1,1999
7115,2025-06-26,3,53,2,1798
7116,2025-06-26,3,54,4,2396
7117,2025-06-26,3,55,4,3596
7118,2025-06-26,3,56,5,3495
7119,2025-06-26,4,1,8,23992
7120,2025-06-26,4,2,1,1999
7121,2025-06-26,4,3,4,19996
7122,2025-06-26,4,4,2,2998
7123,2025-06-26,4,5,16,20784
7124,2025-06-26,4,6,2,1798
7125,2025-06-26,4,7,11,87989
7126,2025-06-26,4,8,1,15999
7127,2025-06-26,4,9,10,5990
7128,2025-06-26,4,10,1,299
7129,2025-06-26,4,11,2,4998
7130,2025-06-26,4,12,5,1995
7131,2025-06-26,4,14,1,299
7132,2025-06-26,4,15,3,14997
7133,2025-06-26,4,16,8,6392
7134,2025-06-26,4,17,2,7998
7135,2025-06-26,4,18,6,10794
7136,2025-06-26,4,19,9,170991
7137,2025-06-26,4,21,9,22491
7138,2025-06-26,4,22,10,54990
7139,2025-06-26,4,23,4,19996
7140,2025-06-26,4,24,2,6998
7141,2025-06-26,4,25,12,59988
7142,2025-06-26,4,26,4,79996
7143,2025-06-26,4,27,2,2598
7144,2025-06-26,4,28,1,1799
7145,2025-06-26,4,29,14,34986
7146,2025-06-26,4,30,6,23994
7147,2025-06-26,4,31,7,13993
7148,2025-06-26,4,32,5,44995
7149,2025-06-26,4,33,3,38997
7150,2025-06-26,4,34,5,94995
7151,2025-06-26,4,35,3,8997
7152,2025-06-26,4,36,4,5996
7153,2025-06-26,4,37,10,22990
7154,2025-06-26,4,38,9,80991
7155,2025-06-26,4,39,9,31491
7156,2025-06-26,4,40,3,1797
7157,2025-06-26,4,41,7,17493
7158,2025-06-26,4,43,2,3998
7159,2025-06-26,4,44,3,3897
7160,2025-06-26,4,45,2,9998
7161,2025-06-26,4,46,2,1598
7162,2025-06-26,4,47,1,3499
7163,2025-06-26,4,48,4,15996
7164,2025-06-26,4,49,9,22491
7165,2025-06-26,4,50,4,5196
7166,2025-06-26,4,51,5,2495
7167,2025-06-26,4,52,3,5997
7168,2025-06-26,4,53,3,2697
7169,2025-06-26,4,54,6,3594
7170,2025-06-26,4,55,7,6293
7171,2025-06-26,4,56,8,5592
7172,2025-06-26,5,1,3,8997
7173,2025-06-26,5,3,1,4999
7174,2025-06-26,5,4,1,1499
7175,2025-06-26,5,5,4,5196
7176,2025-06-26,5,7,6,47994
7177,2025-06-26,5,8,1,15999
7178,2025-06-26,5,9,3,1797
7179,2025-06-26,5,11,2,4998
7180,2025-06-26,5,12,3,1197
7181,2025-06-26,5,14,1,299
7182,2025-06-26,5,15,3,14997
7183,2025-06-26,5,16,2,1598
7184,2025-06-26,5,17,2,7998
7185,2025-06-26,5,18,3,5397
7186,2025-06-26,5,19,7,132993
7187,2025-06-26,5,21,5,12495
7188,2025-06-26,5,22,6,32994
7189,2025-06-26,5,23,3,14997
7190,2025-06-26,5,24,1,3499
7191,2025-06-26,5,25,12,59988
7192,2025-06-26,5,26,1,19999
7193,2025-06-26,5,27,1,1299
7194,2025-06-26,5,28,1,1799
7195,2025-06-26,5,29,3,7497
7196,2025-06-26,5,30,3,11997
7197,2025-06-26,5,31,5,9995
7198,2025-06-26,5,32,4,35996
7199,2025-06-26,5,33,3,38997
7200,2025-06-26,5,34,6,113994
7201,2025-06-26,5,35,4,11996
7202,2025-06-26,5,36,3,4497
7203,2025-06-26,5,37,6,13794
7204,2025-06-26,5,38,4,35996
7205,2025-06-26,5,39,4,13996
7206,2025-06-26,5,40,3,1797
7207,2025-06-26,5,41,2,4998
7208,2025-06-26,5,43,1,1999
7209,2025-06-26,5,44,2,2598
7210,2025-06-26,5,46,2,1598
7211,2025-06-26,5,48,2,7998
7212,2025-06-26,5,49,6,14994
7213,2025-06-26,5,50,3,3897
7214,2025-06-26,5,51,1,499
7215,2025-06-26,5,52,1,1999
7216,2025-06-26,5,53,2,1798
7217,2025-06-26,5,54,6,3594
7218,2025-06-26,5,55,3,2697
7219,2025-06-26,5,56,3,2097
7220,2025-06-26,6,1,6,17994
7221,2025-06-26,6,3,2,9998
7222,2025-06-26,6,4,1,1499
7223,2025-06-26,6,5,10,12990
7224,2025-06-26,6,6,2,1798
7225,2025-06-26,6,7,5,39995
7226,2025-06-26,6,8,1,15999
7227,2025-06-26,6,9,2,1198
7228,2025-06-26,6,11,3,7497
7229,2025-06-26,6,12,5,1995
7230,2025-06-26,6,14,1,299
7231,2025-06-26,6,15,2,9998
7232,2025-06-26,6,16,6,4794
7233,2025-06-26,6,17,2,7998
7234,2025-06-26,6,18,4,7196
7235,2025-06-26,6,19,8,151992
7236,2025-06-26,6,21,7,17493
7237,2025-06-26,6,22,8,43992
7238,2025-06-26,6,23,2,9998
7239,2025-06-26,6,24,1,3499
7240,2025-06-26,6,25,7,34993
7241,2025-06-26,6,26,1,19999
7242,2025-06-26,6,28,1,1799
7243,2025-06-26,6,29,8,19992
7244,2025-06-26,6,30,5,19995
7245,2025-06-26,6,31,7,13993
7246,2025-06-26,6,32,5,44995
7247,2025-06-26,6,33,7,90993
7248,2025-06-26,6,34,8,151992
7249,2025-06-26,6,35,4,11996
7250,2025-06-26,6,36,4,5996
7251,2025-06-26,6,37,5,11495
7252,2025-06-26,6,38,4,35996
7253,2025-06-26,6,39,8,27992
7254,2025-06-26,6,40,4,2396
7255,2025-06-26,6,41,7,17493
7256,2025-06-26,6,43,2,3998
7257,2025-06-26,6,44,3,3897
7258,2025-06-26,6,45,1,4999
7259,2025-06-26,6,46,1,799
7260,2025-06-26,6,48,1,3999
7261,2025-06-26,6,49,3,7497
7262,2025-06-26,6,50,1,1299
7263,2025-06-26,6,51,3,1497
7264,2025-06-26,6,52,3,5997
7265,2025-06-26,6,53,3,2697
7266,2025-06-26,6,54,9,5391
7267,2025-06-26,6,55,4,3596
7268,2025-06-26,6,56,2,1398
7269,2025-06-27,1,1,9,26991
7270,2025-06-27,1,3,3,14997
7271,2025-06-27,1,4,3,4497
7272,2025-06-27,1,5,11,14289
7273,2025-06-27,1,6,1,899
7274,2025-06-27,1,7,6,47994
7275,2025-06-27,1,8,1,15999
7276,2025-06-27,1,9,5,2995
7277,2025-06-27,1,10,1,299
7278,2025-06-27,1,11,2,4998
7279,2025-06-27,1,12,4,1596
7280,2025-06-27,1,14,2,598
7281,2025-06-27,1,15,6,29994
7282,2025-06-27,1,16,2,1598
7283,2025-06-27,1,17,3,11997
7284,2025-06-27,1,18,5,8995
7285,2025-06-27,1,19,7,132993
7286,2025-06-27,1,21,4,9996
7287,2025-06-27,1,22,7,38493
7288,2025-06-27,1,23,2,9998
7289,2025-06-27,1,24,1,3499
7290,2025-06-27,1,25,12,59988
7291,2025-06-27,1,26,2,39998
7292,2025-06-27,1,27,2,2598
7293,2025-06-27,1,29,4,9996
7294,2025-06-27,1,30,6,23994
7295,2025-06-27,1,31,8,15992
7296,2025-06-27,1,32,7,62993
7297,2025-06-27,1,33,2,25998
7298,2025-06-27,1,34,8,151992
7299,2025-06-27,1,35,6,17994
7300,2025-06-27,1,36,7,10493
7301,2025-06-27,1,37,10,22990
7302,2025-06-27,1,38,4,35996
7303,2025-06-27,1,39,10,34990
7304,2025-06-27,1,40,4,2396
7305,2025-06-27,1,41,10,24990
7306,2025-06-27,1,44,3,3897
7307,2025-06-27,1,45,1,4999
7308,2025-06-27,1,46,3,2397
7309,2025-06-27,1,47,1,3499
7310,2025-06-27,1,48,4,15996
7311,2025-06-27,1,49,6,14994
7312,2025-06-27,1,50,3,3897
7313,2025-06-27,1,51,3,1497
7314,2025-06-27,1,52,1,1999
7315,2025-06-27,1,53,3,2697
7316,2025-06-27,1,54,13,7787
7317,2025-06-27,1,55,7,6293
7318,2025-06-27,1,56,7,4893
7319,2025-06-27,2,1,5,14995
7320,2025-06-27,2,3,2,9998
7321,2025-06-27,2,4,2,2998
7322,2025-06-27,2,5,5,6495
7323,2025-06-27,2,6,1,899
7324,2025-06-27,2,7,7,55993
7325,2025-06-27,2,8,1,15999
7326,2025-06-27,2,9,4,2396
7327,2025-06-27,2,10,1,299
7328,2025-06-27,2,12,5,1995
7329,2025-06-27,2,14,3,897
7330,2025-06-27,2,15,4,19996
7331,2025-06-27,2,16,3,2397
7332,2025-06-27,2,17,2,7998
7333,2025-06-27,2,18,7,12593
7334,2025-06-27,2,19,3,56997
7335,2025-06-27,2,21,2,4998
7336,2025-06-27,2,22,6,32994
7337,2025-06-27,2,23,2,9998
7338,2025-06-27,2,24,1,3499
7339,2025-06-27,2,25,9,44991
7340,2025-06-27,2,26,4,79996
7341,2025-06-27,2,27,1,1299
7342,2025-06-27,2,29,6,14994
7343,2025-06-27,2,30,5,19995
7344,2025-06-27,2,31,8,15992
7345,2025-06-27,2,32,4,35996
7346,2025-06-27,2,33,3,38997
7347,2025-06-27,2,34,7,132993
7348,2025-06-27,2,35,4,11996
7349,2025-06-27,2,36,2,2998
7350,2025-06-27,2,37,6,13794
7351,2025-06-27,2,38,2,17998
7352,2025-06-27,2,39,7,24493
7353,2025-06-27,2,40,6,3594
7354,2025-06-27,2,41,4,9996
7355,2025-06-27,2,43,1,1999
7356,2025-06-27,2,44,3,3897
7357,2025-06-27,2,46,3,2397
7358,2025-06-27,2,47,1,3499
7359,2025-06-27,2,48,2,7998
7360,2025-06-27,2,49,6,14994
7361,2025-06-27,2,50,2,2598
7362,2025-06-27,2,51,2,998
7363,2025-06-27,2,52,1,1999
7364,2025-06-27,2,53,2,1798
7365,2025-06-27,2,54,8,4792
7366,2025-06-27,2,55,5,4495
7367,2025-06-27,2,56,5,3495
7368,2025-06-27,3,1,1,2999
7369,2025-06-27,3,3,3,14997
7370,2025-06-27,3,4,2,2998
7371,2025-06-27,3,5,10,12990
7372,2025-06-27,3,6,1,899
7373,2025-06-27,3,7,6,47994
7374,2025-06-27,3,8,1,15999
7375,2025-06-27,3,9,4,2396
7376,2025-06-27,3,11,1,2499
7377,2025-06-27,3,12,4,1596
7378,2025-06-27,3,14,2,598
7379,2025-06-27,3,15,5,24995
7380,2025-06-27,3,16,4,3196
7381,2025-06-27,3,17,1,3999
7382,2025-06-27,3,18,1,1799
7383,2025-06-27,3,19,4,75996
7384,2025-06-27,3,21,5,12495
7385,2025-06-27,3,22,4,21996
7386,2025-06-27,3,23,2,9998
7387,2025-06-27,3,24,1,3499
7388,2025-06-27,3,25,9,44991
7389,2025-06-27,3,26,2,39998
7390,2025-06-27,3,28,1,1799
7391,2025-06-27,3,29,9,22491
7392,2025-06-27,3,30,5,19995
7393,2025-06-27,3,31,4,7996
7394,2025-06-27,3,32,8,71992
7395,2025-06-27,3,33,4,51996
7396,2025-06-27,3,34,7,132993
7397,2025-06-27,3,35,1,2999
7398,2025-06-27,3,36,5,7495
7399,2025-06-27,3,37,4,9196
7400,2025-06-27,3,38,2,17998
7401,2025-06-27,3,39,4,13996
7402,2025-06-27,3,40,3,1797
7403,2025-06-27,3,41,5,12495
7404,2025-06-27,3,43,2,3998
7405,2025-06-27,3,44,3,3897
7406,2025-06-27,3,45,1,4999
7407,2025-06-27,3,46,2,1598
7408,2025-06-27,3,47,1,3499
7409,2025-06-27,3,48,1,3999
7410,2025-06-27,3,49,3,7497
7411,2025-06-27,3,50,2,2598
7412,2025-06-27,3,51,3,1497
7413,2025-06-27,3,52,1,1999
7414,2025-06-27,3,53,1,899
7415,2025-06-27,3,54,5,2995
7416,2025-06-27,3,55,4,3596
7417,2025-06-27,3,56,4,2796
7418,2025-06-27,4,1,7,20993
7419,2025-06-27,4,3,2,9998
7420,2025-06-27,4,4,1,1499
7421,2025-06-27,4,5,21,27279
7422,2025-06-27,4,6,2,1798
7423,2025-06-27,4,7,10,79990
7424,2025-06-27,4,8,1,15999
7425,2025-06-27,4,9,6,3594
7426,2025-06-27,4,11,2,4998
7427,2025-06-27,4,12,3,1197
7428,2025-06-27,4,14,2,598
7429,2025-06-27,4,15,10,49990
7430,2025-06-27,4,16,6,4794
7431,2025-06-27,4,17,3,11997
7432,2025-06-27,4,18,7,12593
7433,2025-06-27,4,19,4,75996
7434,2025-06-27,4,21,9,22491
7435,2025-06-27,4,22,7,38493
7436,2025-06-27,4,23,3,14997
7437,2025-06-27,4,24,1,3499
7438,2025-06-27,4,25,15,74985
7439,2025-06-27,4,26,2,39998
7440,2025-06-27,4,27,1,1299
7441,2025-06-27,4,28,2,3598
7442,2025-06-27,4,29,13,32487
7443,2025-06-27,4,30,4,15996
7444,2025-06-27,4,31,9,17991
7445,2025-06-27,4,32,9,80991
7446,2025-06-27,4,33,8,103992
7447,2025-06-27,4,34,8,151992
7448,2025-06-27,4,35,4,11996
7449,2025-06-27,4,36,3,4497
7450,2025-06-27,4,37,8,18392
7451,2025-06-27,4,38,5,44995
7452,2025-06-27,4,39,3,10497
7453,2025-06-27,4,40,2,1198
7454,2025-06-27,4,41,5,12495
7455,2025-06-27,4,42,1,1799
7456,2025-06-27,4,43,1,1999
7457,2025-06-27,4,44,1,1299
7458,2025-06-27,4,45,1,4999
7459,2025-06-27,4,46,2,1598
7460,2025-06-27,4,47,1,3499
7461,2025-06-27,4,48,4,15996
7462,2025-06-27,4,49,5,12495
7463,2025-06-27,4,50,5,6495
7464,2025-06-27,4,51,5,2495
7465,2025-06-27,4,52,2,3998
7466,2025-06-27,4,53,2,1798
7467,2025-06-27,4,54,6,3594
7468,2025-06-27,4,55,6,5394
7469,2025-06-27,4,56,6,4194
7470,2025-06-27,5,1,6,17994
7471,2025-06-27,5,3,2,9998
7472,2025-06-27,5,4,1,1499
7473,2025-06-27,5,5,3,3897
7474,2025-06-27,5,6,1,899
7475,2025-06-27,5,7,8,63992
7476,2025-06-27,5,9,2,1198
7477,2025-06-27,5,10,1,299
7478,2025-06-27,5,11,1,2499
7479,2025-06-27,5,12,5,1995
7480,2025-06-27,5,14,2,598
7481,2025-06-27,5,15,4,19996
7482,2025-06-27,5,16,3,2397
7483,2025-06-27,5,17,1,3999
7484,2025-06-27,5,18,3,5397
7485,2025-06-27,5,19,6,113994
7486,2025-06-27,5,21,4,9996
7487,2025-06-27,5,22,4,21996
7488,2025-06-27,5,23,1,4999
7489,2025-06-27,5,24,2,6998
7490,2025-06-27,5,25,7,34993
7491,2025-06-27,5,26,2,39998
7492,2025-06-27,5,28,1,1799
7493,2025-06-27,5,29,7,17493
7494,2025-06-27,5,30,4,15996
7495,2025-06-27,5,31,3,5997
7496,2025-06-27,5,32,5,44995
7497,2025-06-27,5,33,2,25998
7498,2025-06-27,5,34,4,75996
7499,2025-06-27,5,35,2,5998
7500,2025-06-27,5,36,5,7495
7501,2025-06-27,5,37,6,13794
7502,2025-06-27,5,38,6,53994
7503,2025-06-27,5,39,4,13996
7504,2025-06-27,5,40,5,2995
7505,2025-06-27,5,41,5,12495
7506,2025-06-27,5,42,1,1799
7507,2025-06-27,5,43,1,1999
7508,2025-06-27,5,44,1,1299
7509,2025-06-27,5,45,1,4999
7510,2025-06-27,5,46,2,1598
7511,2025-06-27,5,48,1,3999
7512,2025-06-27,5,49,4,9996
7513,2025-06-27,5,50,2,2598
7514,2025-06-27,5,51,1,499
7515,2025-06-27,5,52,2,3998
7516,2025-06-27,5,53,2,1798
7517,2025-06-27,5,54,6,3594
7518,2025-06-27,5,55,4,3596
7519,2025-06-27,5,56,4,2796
7520,2025-06-27,6,1,5,14995
7521,2025-06-27,6,3,2,9998
7522,2025-06-27,6,4,2,2998
7523,2025-06-27,6,5,12,15588
7524,2025-06-27,6,6,1,899
7525,2025-06-27,6,7,6,47994
7526,2025-06-27,6,8,1,15999
7527,2025-06-27,6,9,5,2995
7528,2025-06-27,6,11,1,2499
7529,2025-06-27,6,12,5,1995
7530,2025-06-27,6,14,2,598
7531,2025-06-27,6,15,4,19996
7532,2025-06-27,6,16,3,2397
7533,2025-06-27,6,18,2,3598
7534,2025-06-27,6,19,6,113994
7535,2025-06-27,6,21,4,9996
7536,2025-06-27,6,22,4,21996
7537,2025-06-27,6,23,2,9998
7538,2025-06-27,6,24,2,6998
7539,2025-06-27,6,25,12,59988
7540,2025-06-27,6,26,5,99995
7541,2025-06-27,6,27,2,2598
7542,2025-06-27,6,29,6,14994
7543,2025-06-27,6,30,4,15996
7544,2025-06-27,6,31,9,17991
7545,2025-06-27,6,32,6,53994
7546,2025-06-27,6,33,2,25998
7547,2025-06-27,6,34,4,75996
7548,2025-06-27,6,35,2,5998
7549,2025-06-27,6,36,4,5996
7550,2025-06-27,6,37,6,13794
7551,2025-06-27,6,38,5,44995
7552,2025-06-27,6,39,7,24493
7553,2025-06-27,6,40,4,2396
7554,2025-06-27,6,41,3,7497
7555,2025-06-27,6,42,1,1799
7556,2025-06-27,6,43,1,1999
7557,2025-06-27,6,45,2,9998
7558,2025-06-27,6,46,1,799
7559,2025-06-27,6,47,1,3499
7560,2025-06-27,6,48,3,11997
7561,2025-06-27,6,49,7,17493
7562,2025-06-27,6,50,4,5196
7563,2025-06-27,6,51,4,1996
7564,2025-06-27,6,52,1,1999
7565,2025-06-27,6,53,2,1798
7566,2025-06-27,6,54,7,4193
7567,2025-06-27,6,55,4,3596
7568,2025-06-27,6,56,4,2796
7569,2025-06-28,1,1,23,68977
7570,2025-06-28,1,3,3,14997
7571,2025-06-28,1,4,1,1499
7572,2025-06-28,1,5,26,33774
7573,2025-06-28,1,6,4,3596
7574,2025-06-28,1,7,10,79990
7575,2025-06-28,1,8,2,31998
7576,2025-06-28,1,9,5,2995
7577,2025-06-28,1,11,3,7497
7578,2025-06-28,1,12,8,3192
7579,2025-06-28,1,13,1,499
7580,2025-06-28,1,14,3,897
7581,2025-06-28,1,15,11,54989
7582,2025-06-28,1,16,8,6392
7583,2025-06-28,1,17,5,19995
7584,2025-06-28,1,18,8,14392
7585,2025-06-28,1,19,6,113994
7586,2025-06-28,1,21,11,27489
7587,2025-06-28,1,22,9,49491
7588,2025-06-28,1,23,3,14997
7589,2025-06-28,1,24,2,6998
7590,2025-06-28,1,25,17,84983
7591,2025-06-28,1,26,6,119994
7592,2025-06-28,1,27,1,1299
7593,2025-06-28,1,28,2,3598
7594,2025-06-28,1,29,10,24990
7595,2025-06-28,1,30,7,27993
7596,2025-06-28,1,31,6,11994
7597,2025-06-28,1,32,13,116987
7598,2025-06-28,1,33,10,129990
7599,2025-06-28,1,34,6,113994
7600,2025-06-28,1,35,2,5998
7601,2025-06-28,1,36,5,7495
7602,2025-06-28,1,37,8,18392
7603,2025-06-28,1,38,4,35996
7604,2025-06-28,1,39,10,34990
7605,2025-06-28,1,40,6,3594
7606,2025-06-28,1,41,11,27489
7607,2025-06-28,1,42,1,1799
7608,2025-06-28,1,43,3,5997
7609,2025-06-28,1,44,4,5196
7610,2025-06-28,1,45,1,4999
7611,2025-06-28,1,46,4,3196
7612,2025-06-28,1,47,1,3499
7613,2025-06-28,1,48,4,15996
7614,2025-06-28,1,49,4,9996
7615,2025-06-28,1,50,6,7794
7616,2025-06-28,1,51,3,1497
7617,2025-06-28,1,52,3,5997
7618,2025-06-28,1,53,5,4495
7619,2025-06-28,1,54,8,4792
7620,2025-06-28,1,55,8,7192
7621,2025-06-28,1,56,7,4893
7622,2025-06-28,2,1,4,11996
7623,2025-06-28,2,3,2,9998
7624,2025-06-28,2,4,3,4497
7625,2025-06-28,2,5,11,14289
7626,2025-06-28,2,6,2,1798
7627,2025-06-28,2,7,8,63992
7628,2025-06-28,2,8,1,15999
7629,2025-06-28,2,9,3,1797
7630,2025-06-28,2,11,3,7497
7631,2025-06-28,2,12,1,399
7632,2025-06-28,2,14,2,598
7633,2025-06-28,2,15,4,19996
7634,2025-06-28,2,16,6,4794
7635,2025-06-28,2,18,5,8995
7636,2025-06-28,2,19,6,113994
7637,2025-06-28,2,21,8,19992
7638,2025-06-28,2,22,6,32994
7639,2025-06-28,2,23,5,24995
7640,2025-06-28,2,24,2,6998
7641,2025-06-28,2,25,8,39992
7642,2025-06-28,2,26,6,119994
7643,2025-06-28,2,27,1,1299
7644,2025-06-28,2,28,2,3598
7645,2025-06-28,2,29,12,29988
7646,2025-06-28,2,30,6,23994
7647,2025-06-28,2,31,10,19990
7648,2025-06-28,2,32,4,35996
7649,2025-06-28,2,33,5,64995
7650,2025-06-28,2,34,13,246987
7651,2025-06-28,2,35,6,17994
7652,2025-06-28,2,36,6,8994
7653,2025-06-28,2,37,7,16093
7654,2025-06-28,2,38,7,62993
7655,2025-06-28,2,39,8,27992
7656,2025-06-28,2,40,7,4193
7657,2025-06-28,2,41,9,22491
7658,2025-06-28,2,42,1,1799
7659,2025-06-28,2,43,3,5997
7660,2025-06-28,2,44,1,1299
7661,2025-06-28,2,46,2,1598
7662,2025-06-28,2,47,2,6998
7663,2025-06-28,2,48,1,3999
7664,2025-06-28,2,49,7,17493
7665,2025-06-28,2,50,5,6495
7666,2025-06-28,2,51,6,2994
7667,2025-06-28,2,52,3,5997
7668,2025-06-28,2,53,3,2697
7669,2025-06-28,2,54,9,5391
7670,2025-06-28,2,55,6,5394
7671,2025-06-28,2,56,4,2796
7672,2025-06-28,3,1,5,14995
7673,2025-06-28,3,3,3,14997
7674,2025-06-28,3,4,3,4497
7675,2025-06-28,3,5,19,24681
7676,2025-06-28,3,6,1,899
7677,2025-06-28,3,7,8,63992
7678,2025-06-28,3,9,4,2396
7679,2025-06-28,3,11,1,2499
7680,2025-06-28,3,12,5,1995
7681,2025-06-28,3,13,1,499
7682,2025-06-28,3,14,2,598
7683,2025-06-28,3,15,6,29994
7684,2025-06-28,3,16,6,4794
7685,2025-06-28,3,17,1,3999
7686,2025-06-28,3,18,4,7196
7687,2025-06-28,3,19,7,132993
7688,2025-06-28,3,21,8,19992
7689,2025-06-28,3,22,6,32994
7690,2025-06-28,3,23,2,9998
7691,2025-06-28,3,24,2,6998
7692,2025-06-28,3,25,10,49990
7693,2025-06-28,3,26,3,59997
7694,2025-06-28,3,27,1,1299
7695,2025-06-28,3,28,1,1799
7696,2025-06-28,3,29,6,14994
7697,2025-06-28,3,30,7,27993
7698,2025-06-28,3,31,8,15992
7699,2025-06-28,3,32,7,62993
7700,2025-06-28,3,33,6,77994
7701,2025-06-28,3,34,4,75996
7702,2025-06-28,3,35,4,11996
7703,2025-06-28,3,36,1,1499
7704,2025-06-28,3,37,7,16093
7705,2025-06-28,3,38,7,62993
7706,2025-06-28,3,39,9,31491
7707,2025-06-28,3,40,5,2995
7708,2025-06-28,3,41,8,19992
7709,2025-06-28,3,42,1,1799
7710,2025-06-28,3,43,2,3998
7711,2025-06-28,3,44,2,2598
7712,2025-06-28,3,45,1,4999
7713,2025-06-28,3,46,3,2397
7714,2025-06-28,3,47,1,3499
7715,2025-06-28,3,48,2,7998
7716,2025-06-28,3,49,3,7497
7717,2025-06-28,3,50,4,5196
7718,2025-06-28,3,51,2,998
7719,2025-06-28,3,52,2,3998
7720,2025-06-28,3,53,3,2697
7721,2025-06-28,3,54,11,6589
7722,2025-06-28,3,55,9,8091
7723,2025-06-28,3,56,6,4194
7724,2025-06-28,4,1,5,14995
7725,2025-06-28,4,3,5,24995
7726,2025-06-28,4,4,3,4497
7727,2025-06-28,4,5,16,20784
7728,2025-06-28,4,6,2,1798
7729,2025-06-28,4,7,14,111986
7730,2025-06-28,4,8,2,31998
7731,2025-06-28,4,9,5,2995
7732,2025-06-28,4,10,1,299
7733,2025-06-28,4,11,1,2499
7734,2025-06-28,4,12,5,1995
7735,2025-06-28,4,13,1,499
7736,2025-06-28,4,14,3,897
7737,2025-06-28,4,15,5,24995
7738,2025-06-28,4,16,5,3995
7739,2025-06-28,4,17,4,15996
7740,2025-06-28,4,18,8,14392
7741,2025-06-28,4,19,14,265986
7742,2025-06-28,4,21,15,37485
7743,2025-06-28,4,22,6,32994
7744,2025-06-28,4,23,5,24995
7745,2025-06-28,4,24,2,6998
7746,2025-06-28,4,25,15,74985
7747,2025-06-28,4,26,4,79996
7748,2025-06-28,4,27,1,1299
7749,2025-06-28,4,28,3,5397
7750,2025-06-28,4,29,6,14994
7751,2025-06-28,4,30,8,31992
7752,2025-06-28,4,31,13,25987
7753,2025-06-28,4,32,14,125986
7754,2025-06-28,4,33,4,51996
7755,2025-06-28,4,34,18,341982
7756,2025-06-28,4,35,4,11996
7757,2025-06-28,4,36,8,11992
7758,2025-06-28,4,37,6,13794
7759,2025-06-28,4,38,10,89990
7760,2025-06-28,4,39,9,31491
7761,2025-06-28,4,40,5,2995
7762,2025-06-28,4,41,8,19992
7763,2025-06-28,4,42,1,1799
7764,2025-06-28,4,43,4,7996
7765,2025-06-28,4,44,4,5196
7766,2025-06-28,4,45,1,4999
7767,2025-06-28,4,46,3,2397
7768,2025-06-28,4,47,1,3499
7769,2025-06-28,4,48,2,7998
7770,2025-06-28,4,49,4,9996
7771,2025-06-28,4,50,5,6495
7772,2025-06-28,4,51,4,1996
7773,2025-06-28,4,52,2,3998
7774,2025-06-28,4,53,4,3596
7775,2025-06-28,4,54,15,8985
7776,2025-06-28,4,55,7,6293
7777,2025-06-28,4,56,12,8388
7778,2025-06-28,5,1,1,2999
7779,2025-06-28,5,3,3,14997
7780,2025-06-28,5,4,2,2998
7781,2025-06-28,5,5,15,19485
7782,2025-06-28,5,6,1,899
7783,2025-06-28,5,7,7,55993
7784,2025-06-28,5,8,1,15999
7785,2025-06-28,5,9,3,1797
7786,2025-06-28,5,11,2,4998
7787,2025-06-28,5,12,5,1995
7788,2025-06-28,5,14,2,598
7789,2025-06-28,5,15,4,19996
7790,2025-06-28,5,16,5,3995
7791,2025-06-28,5,17,3,11997
7792,2025-06-28,5,18,5,8995
7793,2025-06-28,5,19,5,94995
7794,2025-06-28,5,21,6,14994
7795,2025-06-28,5,22,5,27495
7796,2025-06-28,5,23,3,14997
7797,2025-06-28,5,24,1,3499
7798,2025-06-28,5,25,13,64987
7799,2025-06-28,5,26,4,79996
7800,2025-06-28,5,27,1,1299
7801,2025-06-28,5,28,2,3598
7802,2025-06-28,5,29,8,19992
7803,2025-06-28,5,30,6,23994
7804,2025-06-28,5,31,13,25987
7805,2025-06-28,5,32,6,53994
7806,2025-06-28,5,33,3,38997
7807,2025-06-28,5,34,7,132993
7808,2025-06-28,5,35,1,2999
7809,2025-06-28,5,36,7,10493
7810,2025-06-28,5,37,7,16093
7811,2025-06-28,5,38,3,26997
7812,2025-06-28,5,39,7,24493
7813,2025-06-28,5,40,6,3594
7814,2025-06-28,5,41,12,29988
7815,2025-06-28,5,44,3,3897
7816,2025-06-28,5,46,1,799
7817,2025-06-28,5,48,3,11997
7818,2025-06-28,5,49,4,9996
7819,2025-06-28,5,50,4,5196
7820,2025-06-28,5,51,1,499
7821,2025-06-28,5,52,2,3998
7822,2025-06-28,5,53,3,2697
7823,2025-06-28,5,54,5,2995
7824,2025-06-28,5,55,4,3596
7825,2025-06-28,5,56,7,4893
7826,2025-06-28,6,1,3,8997
7827,2025-06-28,6,3,1,4999
7828,2025-06-28,6,4,2,2998
7829,2025-06-28,6,5,20,25980
7830,2025-06-28,6,6,2,1798
7831,2025-06-28,6,7,9,71991
7832,2025-06-28,6,8,1,15999
7833,2025-06-28,6,9,6,3594
7834,2025-06-28,6,10,1,299
7835,2025-06-28,6,11,3,7497
7836,2025-06-28,6,12,5,1995
7837,2025-06-28,6,14,1,299
7838,2025-06-28,6,15,5,24995
7839,2025-06-28,6,16,9,7191
7840,2025-06-28,6,17,4,15996
7841,2025-06-28,6,18,6,10794
7842,2025-06-28,6,19,8,151992
7843,2025-06-28,6,21,9,22491
7844,2025-06-28,6,22,8,43992
7845,2025-06-28,6,23,5,24995
7846,2025-06-28,6,24,2,6998
7847,2025-06-28,6,25,13,64987
7848,2025-06-28,6,26,6,119994
7849,2025-06-28,6,27,1,1299
7850,2025-06-28,6,28,2,3598
7851,2025-06-28,6,29,10,24990
7852,2025-06-28,6,30,8,31992
7853,2025-06-28,6,31,13,25987
7854,2025-06-28,6,32,11,98989
7855,2025-06-28,6,33,3,38997
7856,2025-06-28,6,34,13,246987
7857,2025-06-28,6,35,2,5998
7858,2025-06-28,6,36,4,5996
7859,2025-06-28,6,37,10,22990
7860,2025-06-28,6,38,5,44995
7861,2025-06-28,6,39,11,38489
7862,2025-06-28,6,40,6,3594
7863,2025-06-28,6,41,7,17493
7864,2025-06-28,6,42,1,1799
7865,2025-06-28,6,43,4,7996
7866,2025-06-28,6,45,1,4999
7867,2025-06-28,6,46,4,3196
7868,2025-06-28,6,48,3,11997
7869,2025-06-28,6,49,8,19992
7870,2025-06-28,6,50,5,6495
7871,2025-06-28,6,51,5,2495
7872,2025-06-28,6,52,2,3998
7873,2025-06-28,6,53,3,2697
7874,2025-06-28,6,54,10,5990
7875,2025-06-28,6,55,8,7192
7876,2025-06-28,6,56,7,4893
7877,2025-06-29,1,1,21,62979
7878,2025-06-29,1,3,3,14997
7879,2025-06-29,1,4,2,2998
7880,2025-06-29,1,5,18,23382
7881,2025-06-29,1,6,2,1798
7882,2025-06-29,1,7,13,103987
7883,2025-06-29,1,8,1,15999
7884,2025-06-29,1,9,7,4193
7885,2025-06-29,1,10,1,299
7886,2025-06-29,1,11,3,7497
7887,2025-06-29,1,12,5,1995
7888,2025-06-29,1,14,3,897
7889,2025-06-29,1,15,7,34993
7890,2025-06-29,1,16,8,6392
7891,2025-06-29,1,17,4,15996
7892,2025-06-29,1,18,5,8995
7893,2025-06-29,1,19,13,246987
7894,2025-06-29,1,21,11,27489
7895,2025-06-29,1,22,11,60489
7896,2025-06-29,1,23,3,14997
7897,2025-06-29,1,24,2,6998
7898,2025-06-29,1,25,9,44991
7899,2025-06-29,1,26,4,79996
7900,2025-06-29,1,27,1,1299
7901,2025-06-29,1,28,1,1799
7902,2025-06-29,1,29,12,29988
7903,2025-06-29,1,30,8,31992
7904,2025-06-29,1,31,13,25987
7905,2025-06-29,1,32,13,116987
7906,2025-06-29,1,33,4,51996
7907,2025-06-29,1,34,12,227988
7908,2025-06-29,1,35,7,20993
7909,2025-06-29,1,36,5,7495
7910,2025-06-29,1,37,10,22990
7911,2025-06-29,1,38,7,62993
7912,2025-06-29,1,39,7,24493
7913,2025-06-29,1,40,10,5990
7914,2025-06-29,1,41,8,19992
7915,2025-06-29,1,42,1,1799
7916,2025-06-29,1,43,5,9995
7917,2025-06-29,1,44,6,7794
7918,2025-06-29,1,45,1,4999
7919,2025-06-29,1,46,3,2397
7920,2025-06-29,1,47,3,10497
7921,2025-06-29,1,48,5,19995
7922,2025-06-29,1,49,7,17493
7923,2025-06-29,1,50,4,5196
7924,2025-06-29,1,51,3,1497
7925,2025-06-29,1,52,1,1999
7926,2025-06-29,1,53,4,3596
7927,2025-06-29,1,54,11,6589
7928,2025-06-29,1,55,7,6293
7929,2025-06-29,1,56,7,4893
7930,2025-06-29,2,1,4,11996
7931,2025-06-29,2,3,2,9998
7932,2025-06-29,2,4,2,2998
7933,2025-06-29,2,5,8,10392
7934,2025-06-29,2,6,1,899
7935,2025-06-29,2,7,10,79990
7936,2025-06-29,2,8,1,15999
7937,2025-06-29,2,9,1,599
7938,2025-06-29,2,11,1,2499
7939,2025-06-29,2,12,5,1995
7940,2025-06-29,2,14,2,598
7941,2025-06-29,2,15,7,34993
7942,2025-06-29,2,16,5,3995
7943,2025-06-29,2,17,3,11997
7944,2025-06-29,2,18,7,12593
7945,2025-06-29,2,19,7,132993
7946,2025-06-29,2,21,11,27489
7947,2025-06-29,2,22,5,27495
7948,2025-06-29,2,23,4,19996
7949,2025-06-29,2,24,1,3499
7950,2025-06-29,2,25,13,64987
7951,2025-06-29,2,26,2,39998
7952,2025-06-29,2,27,1,1299
7953,2025-06-29,2,28,1,1799
7954,2025-06-29,2,29,12,29988
7955,2025-06-29,2,30,10,39990
7956,2025-06-29,2,31,10,19990
7957,2025-06-29,2,32,5,44995
7958,2025-06-29,2,33,4,51996
7959,2025-06-29,2,34,13,246987
7960,2025-06-29,2,35,4,11996
7961,2025-06-29,2,36,5,7495
7962,2025-06-29,2,37,5,11495
7963,2025-06-29,2,38,6,53994
7964,2025-06-29,2,39,8,27992
7965,2025-06-29,2,40,5,2995
7966,2025-06-29,2,41,9,22491
7967,2025-06-29,2,42,1,1799
7968,2025-06-29,2,43,4,7996
7969,2025-06-29,2,44,5,6495
7970,2025-06-29,2,45,1,4999
7971,2025-06-29,2,46,3,2397
7972,2025-06-29,2,47,1,3499
7973,2025-06-29,2,48,4,15996
7974,2025-06-29,2,49,8,19992
7975,2025-06-29,2,50,4,5196
7976,2025-06-29,2,51,3,1497
7977,2025-06-29,2,52,3,5997
7978,2025-06-29,2,53,3,2697
7979,2025-06-29,2,54,4,2396
7980,2025-06-29,2,55,9,8091
7981,2025-06-29,2,56,3,2097
7982,2025-06-29,3,1,9,26991
7983,2025-06-29,3,3,3,14997
7984,2025-06-29,3,4,3,4497
7985,2025-06-29,3,5,16,20784
7986,2025-06-29,3,6,2,1798
7987,2025-06-29,3,7,9,71991
7988,2025-06-29,3,8,1,15999
7989,2025-06-29,3,9,4,2396
7990,2025-06-29,3,11,1,2499
7991,2025-06-29,3,12,5,1995
7992,2025-06-29,3,14,2,598
7993,2025-06-29,3,15,4,19996
7994,2025-06-29,3,16,3,2397
7995,2025-06-29,3,17,1,3999
7996,2025-06-29,3,18,4,7196
7997,2025-06-29,3,19,6,113994
7998,2025-06-29,3,21,8,19992
7999,2025-06-29,3,22,7,38493
8000,2025-06-29,3,23,3,14997
8001,2025-06-29,3,24,2,6998
8002,2025-06-29,3,25,4,19996
8003,2025-06-29,3,26,4,79996
8004,2025-06-29,3,27,2,2598
8005,2025-06-29,3,28,1,1799
8006,2025-06-29,3,29,10,24990
8007,2025-06-29,3,30,5,19995
8008,2025-06-29,3,31,7,13993
8009,2025-06-29,3,32,12,107988
8010,2025-06-29,3,33,5,64995
8011,2025-06-29,3,34,5,94995
8012,2025-06-29,3,35,5,14995
8013,2025-06-29,3,36,5,7495
8014,2025-06-29,3,37,8,18392
8015,2025-06-29,3,38,6,53994
8016,2025-06-29,3,39,1,3499
8017,2025-06-29,3,40,5,2995
8018,2025-06-29,3,41,12,29988
8019,2025-06-29,3,42,1,1799
8020,2025-06-29,3,43,3,5997
8021,2025-06-29,3,44,5,6495
8022,2025-06-29,3,45,1,4999
8023,2025-06-29,3,46,2,1598
8024,2025-06-29,3,47,1,3499
8025,2025-06-29,3,48,2,7998
8026,2025-06-29,3,49,3,7497
8027,2025-06-29,3,50,3,3897
8028,2025-06-29,3,51,2,998
8029,2025-06-29,3,52,3,5997
8030,2025-06-29,3,53,4,3596
8031,2025-06-29,3,54,10,5990
8032,2025-06-29,3,55,7,6293
8033,2025-06-29,3,56,7,4893
8034,2025-06-29,4,1,7,20993
8035,2025-06-29,4,2,1,1999
8036,2025-06-29,4,3,3,14997
8037,2025-06-29,4,4,4,5996
8038,2025-06-29,4,5,23,29877
8039,2025-06-29,4,6,2,1798
8040,2025-06-29,4,7,19,151981
8041,2025-06-29,4,8,1,15999
8042,2025-06-29,4,9,7,4193
8043,2025-06-29,4,10,1,299
8044,2025-06-29,4,11,4,9996
8045,2025-06-29,4,12,4,1596
8046,2025-06-29,4,14,3,897
8047,2025-06-29,4,15,10,49990
8048,2025-06-29,4,16,9,7191
8049,2025-06-29,4,17,3,11997
8050,2025-06-29,4,18,7,12593
8051,2025-06-29,4,19,9,170991
8052,2025-06-29,4,21,14,34986
8053,2025-06-29,4,22,8,43992
8054,2025-06-29,4,23,8,39992
8055,2025-06-29,4,24,2,6998
8056,2025-06-29,4,25,10,49990
8057,2025-06-29,4,26,4,79996
8058,2025-06-29,4,27,2,2598
8059,2025-06-29,4,28,2,3598
8060,2025-06-29,4,29,19,47481
8061,2025-06-29,4,30,15,59985
8062,2025-06-29,4,31,10,19990
8063,2025-06-29,4,32,11,98989
8064,2025-06-29,4,33,4,51996
8065,2025-06-29,4,34,4,75996
8066,2025-06-29,4,35,4,11996
8067,2025-06-29,4,36,11,16489
8068,2025-06-29,4,37,11,25289
8069,2025-06-29,4,38,6,53994
8070,2025-06-29,4,39,13,45487
8071,2025-06-29,4,40,9,5391
8072,2025-06-29,4,41,5,12495
8073,2025-06-29,4,42,1,1799
8074,2025-06-29,4,43,3,5997
8075,2025-06-29,4,44,4,5196
8076,2025-06-29,4,45,1,4999
8077,2025-06-29,4,46,5,3995
8078,2025-06-29,4,47,3,10497
8079,2025-06-29,4,48,3,11997
8080,2025-06-29,4,49,8,19992
8081,2025-06-29,4,50,4,5196
8082,2025-06-29,4,51,7,3493
8083,2025-06-29,4,52,1,1999
8084,2025-06-29,4,53,5,4495
8085,2025-06-29,4,54,15,8985
8086,2025-06-29,4,55,5,4495
8087,2025-06-29,4,56,5,3495
8088,2025-06-29,5,1,6,17994
8089,2025-06-29,5,3,3,14997
8090,2025-06-29,5,4,2,2998
8091,2025-06-29,5,5,18,23382
8092,2025-06-29,5,6,2,1798
8093,2025-06-29,5,7,13,103987
8094,2025-06-29,5,9,5,2995
8095,2025-06-29,5,11,2,4998
8096,2025-06-29,5,12,3,1197
8097,2025-06-29,5,14,1,299
8098,2025-06-29,5,15,4,19996
8099,2025-06-29,5,16,5,3995
8100,2025-06-29,5,17,2,7998
8101,2025-06-29,5,18,6,10794
8102,2025-06-29,5,19,7,132993
8103,2025-06-29,5,21,6,14994
8104,2025-06-29,5,22,7,38493
8105,2025-06-29,5,23,3,14997
8106,2025-06-29,5,24,3,10497
8107,2025-06-29,5,25,7,34993
8108,2025-06-29,5,26,3,59997
8109,2025-06-29,5,27,1,1299
8110,2025-06-29,5,28,1,1799
8111,2025-06-29,5,29,8,19992
8112,2025-06-29,5,30,8,31992
8113,2025-06-29,5,31,7,13993
8114,2025-06-29,5,32,4,35996
8115,2025-06-29,5,33,4,51996
8116,2025-06-29,5,34,10,189990
8117,2025-06-29,5,35,2,5998
8118,2025-06-29,5,36,5,7495
8119,2025-06-29,5,37,6,13794
8120,2025-06-29,5,38,3,26997
8121,2025-06-29,5,39,6,20994
8122,2025-06-29,5,40,6,3594
8123,2025-06-29,5,41,7,17493
8124,2025-06-29,5,42,1,1799
8125,2025-06-29,5,43,4,7996
8126,2025-06-29,5,44,2,2598
8127,2025-06-29,5,46,2,1598
8128,2025-06-29,5,47,1,3499
8129,2025-06-29,5,48,3,11997
8130,2025-06-29,5,49,5,12495
8131,2025-06-29,5,50,5,6495
8132,2025-06-29,5,51,2,998
8133,2025-06-29,5,52,2,3998
8134,2025-06-29,5,53,2,1798
8135,2025-06-29,5,54,7,4193
8136,2025-06-29,5,55,5,4495
8137,2025-06-29,5,56,3,2097
8138,2025-06-29,6,1,6,17994
8139,2025-06-29,6,3,6,29994
8140,2025-06-29,6,5,14,18186
8141,2025-06-29,6,6,3,2697
8142,2025-06-29,6,7,7,55993
8143,2025-06-29,6,8,2,31998
8144,2025-06-29,6,9,4,2396
8145,2025-06-29,6,11,3,7497
8146,2025-06-29,6,12,7,2793
8147,2025-06-29,6,15,6,29994
8148,2025-06-29,6,16,6,4794
8149,2025-06-29,6,17,2,7998
8150,2025-06-29,6,18,5,8995
8151,2025-06-29,6,19,7,132993
8152,2025-06-29,6,21,3,7497
8153,2025-06-29,6,22,3,16497
8154,2025-06-29,6,23,6,29994
8155,2025-06-29,6,24,3,10497
8156,2025-06-29,6,25,10,49990
8157,2025-06-29,6,26,4,79996
8158,2025-06-29,6,27,1,1299
8159,2025-06-29,6,28,2,3598
8160,2025-06-29,6,29,10,24990
8161,2025-06-29,6,30,9,35991
8162,2025-06-29,6,31,18,35982
8163,2025-06-29,6,32,12,107988
8164,2025-06-29,6,33,6,77994
8165,2025-06-29,6,34,17,322983
8166,2025-06-29,6,35,5,14995
8167,2025-06-29,6,36,5,7495
8168,2025-06-29,6,37,10,22990
8169,2025-06-29,6,38,12,107988
8170,2025-06-29,6,39,9,31491
8171,2025-06-29,6,40,4,2396
8172,2025-06-29,6,41,7,17493
8173,2025-06-29,6,42,1,1799
8174,2025-06-29,6,43,3,5997
8175,2025-06-29,6,44,4,5196
8176,2025-06-29,6,45,1,4999
8177,2025-06-29,6,46,2,1598
8178,2025-06-29,6,47,1,3499
8179,2025-06-29,6,48,5,19995
8180,2025-06-29,6,49,3,7497
8181,2025-06-29,6,50,4,5196
8182,2025-06-29,6,51,4,1996
8183,2025-06-29,6,52,3,5997
8184,2025-06-29,6,53,4,3596
8185,2025-06-29,6,54,4,2396
8186,2025-06-29,6,55,7,6293
8187,2025-06-29,6,56,9,6291
8188,2025-06-30,1,1,24,71976
8189,2025-06-30,1,3,4,19996
8190,2025-06-30,1,4,2,2998
8191,2025-06-30,1,5,3,3897
8192,2025-06-30,1,6,1,899
8193,2025-06-30,1,7,5,39995
8194,2025-06-30,1,8,1,15999
8195,2025-06-30,1,9,3,1797
8196,2025-06-30,1,11,1,2499
8197,2025-06-30,1,12,1,399
8198,2025-06-30,1,13,1,499
8199,2025-06-30,1,14,1,299
8200,2025-06-30,1,15,8,39992
8201,2025-06-30,1,16,5,3995
8202,2025-06-30,1,17,3,11997
8203,2025-06-30,1,18,5,8995
8204,2025-06-30,1,19,4,75996
8205,2025-06-30,1,21,10,24990
8206,2025-06-30,1,22,3,16497
8207,2025-06-30,1,23,3,14997
8208,2025-06-30,1,24,1,3499
8209,2025-06-30,1,25,2,9998
8210,2025-06-30,1,26,4,79996
8211,2025-06-30,1,28,1,1799
8212,2025-06-30,1,29,10,24990
8213,2025-06-30,1,30,8,31992
8214,2025-06-30,1,31,6,11994
8215,2025-06-30,1,32,10,89990
8216,2025-06-30,1,33,7,90993
8217,2025-06-30,1,34,6,113994
8218,2025-06-30,1,35,3,8997
8219,2025-06-30,1,36,2,2998
8220,2025-06-30,1,37,6,13794
8221,2025-06-30,1,38,6,53994
8222,2025-06-30,1,39,5,17495
8223,2025-06-30,1,40,5,2995
8224,2025-06-30,1,41,7,17493
8225,2025-06-30,1,43,2,3998
8226,2025-06-30,1,44,2,2598
8227,2025-06-30,1,46,1,799
8228,2025-06-30,1,47,2,6998
8229,2025-06-30,1,48,4,15996
8230,2025-06-30,1,49,6,14994
8231,2025-06-30,1,50,4,5196
8232,2025-06-30,1,51,2,998
8233,2025-06-30,1,52,2,3998
8234,2025-06-30,1,53,1,899
8235,2025-06-30,1,54,10,5990
8236,2025-06-30,1,55,6,5394
8237,2025-06-30,1,56,6,4194
8238,2025-06-30,2,1,3,8997
8239,2025-06-30,2,3,2,9998
8240,2025-06-30,2,4,2,2998
8241,2025-06-30,2,5,12,15588
8242,2025-06-30,2,6,2,1798
8243,2025-06-30,2,7,8,63992
8244,2025-06-30,2,9,3,1797
8245,2025-06-30,2,11,2,4998
8246,2025-06-30,2,12,4,1596
8247,2025-06-30,2,14,2,598
8248,2025-06-30,2,15,8,39992
8249,2025-06-30,2,16,4,3196
8250,2025-06-30,2,17,3,11997
8251,2025-06-30,2,18,4,7196
8252,2025-06-30,2,19,6,113994
8253,2025-06-30,2,21,5,12495
8254,2025-06-30,2,22,5,27495
8255,2025-06-30,2,23,4,19996
8256,2025-06-30,2,24,1,3499
8257,2025-06-30,2,25,3,14997
8258,2025-06-30,2,26,3,59997
8259,2025-06-30,2,27,1,1299
8260,2025-06-30,2,29,7,17493
8261,2025-06-30,2,30,5,19995
8262,2025-06-30,2,31,8,15992
8263,2025-06-30,2,32,6,53994
8264,2025-06-30,2,33,3,38997
8265,2025-06-30,2,34,6,113994
8266,2025-06-30,2,35,3,8997
8267,2025-06-30,2,36,3,4497
8268,2025-06-30,2,37,6,13794
8269,2025-06-30,2,38,4,35996
8270,2025-06-30,2,39,5,17495
8271,2025-06-30,2,40,3,1797
8272,2025-06-30,2,41,3,7497
8273,2025-06-30,2,43,2,3998
8274,2025-06-30,2,44,2,2598
8275,2025-06-30,2,46,3,2397
8276,2025-06-30,2,47,1,3499
8277,2025-06-30,2,48,1,3999
8278,2025-06-30,2,49,7,17493
8279,2025-06-30,2,50,3,3897
8280,2025-06-30,2,51,2,998
8281,2025-06-30,2,52,2,3998
8282,2025-06-30,2,53,1,899
8283,2025-06-30,2,54,13,7787
8284,2025-06-30,2,55,5,4495
8285,2025-06-30,2,56,7,4893
8286,2025-06-30,3,1,7,20993
8287,2025-06-30,3,3,2,9998
8288,2025-06-30,3,5,7,9093
8289,2025-06-30,3,6,1,899
8290,2025-06-30,3,7,6,47994
8291,2025-06-30,3,9,3,1797
8292,2025-06-30,3,11,2,4998
8293,2025-06-30,3,12,3,1197
8294,2025-06-30,3,14,1,299
8295,2025-06-30,3,15,3,14997
8296,2025-06-30,3,16,5,3995
8297,2025-06-30,3,17,2,7998
8298,2025-06-30,3,18,3,5397
8299,2025-06-30,3,19,4,75996
8300,2025-06-30,3,21,4,9996
8301,2025-06-30,3,22,2,10998
8302,2025-06-30,3,23,3,14997
8303,2025-06-30,3,24,1,3499
8304,2025-06-30,3,25,6,29994
8305,2025-06-30,3,26,2,39998
8306,2025-06-30,3,28,1,1799
8307,2025-06-30,3,29,4,9996
8308,2025-06-30,3,30,4,15996
8309,2025-06-30,3,31,7,13993
8310,2025-06-30,3,32,11,98989
8311,2025-06-30,3,33,4,51996
8312,2025-06-30,3,34,6,113994
8313,2025-06-30,3,35,3,8997
8314,2025-06-30,3,36,3,4497
8315,2025-06-30,3,37,2,4598
8316,2025-06-30,3,38,4,35996
8317,2025-06-30,3,39,3,10497
8318,2025-06-30,3,40,3,1797
8319,2025-06-30,3,41,8,19992
8320,2025-06-30,3,43,2,3998
8321,2025-06-30,3,44,2,2598
8322,2025-06-30,3,46,1,799
8323,2025-06-30,3,48,2,7998
8324,2025-06-30,3,49,4,9996
8325,2025-06-30,3,50,2,2598
8326,2025-06-30,3,51,3,1497
8327,2025-06-30,3,52,2,3998
8328,2025-06-30,3,53,1,899
8329,2025-06-30,3,54,7,4193
8330,2025-06-30,3,55,3,2697
8331,2025-06-30,3,56,5,3495
8332,2025-06-30,4,1,7,20993
8333,2025-06-30,4,3,4,19996
8334,2025-06-30,4,4,2,2998
8335,2025-06-30,4,5,9,11691
8336,2025-06-30,4,6,1,899
8337,2025-06-30,4,7,6,47994
8338,2025-06-30,4,8,1,15999
8339,2025-06-30,4,9,6,3594
8340,2025-06-30,4,10,1,299
8341,2025-06-30,4,11,1,2499
8342,2025-06-30,4,12,7,2793
8343,2025-06-30,4,14,3,897
8344,2025-06-30,4,15,8,39992
8345,2025-06-30,4,16,5,3995
8346,2025-06-30,4,17,4,15996
8347,2025-06-30,4,18,5,8995
8348,2025-06-30,4,19,15,284985
8349,2025-06-30,4,21,10,24990
8350,2025-06-30,4,22,8,43992
8351,2025-06-30,4,23,5,24995
8352,2025-06-30,4,24,1,3499
8353,2025-06-30,4,25,14,69986
8354,2025-06-30,4,26,4,79996
8355,2025-06-30,4,27,1,1299
8356,2025-06-30,4,28,1,1799
8357,2025-06-30,4,29,13,32487
8358,2025-06-30,4,30,7,27993
8359,2025-06-30,4,31,9,17991
8360,2025-06-30,4,32,7,62993
8361,2025-06-30,4,33,6,77994
8362,2025-06-30,4,34,4,75996
8363,2025-06-30,4,35,4,11996
8364,2025-06-30,4,36,4,5996
8365,2025-06-30,4,37,12,27588
8366,2025-06-30,4,38,1,8999
8367,2025-06-30,4,39,10,34990
8368,2025-06-30,4,40,7,4193
8369,2025-06-30,4,41,7,17493
8370,2025-06-30,4,42,1,1799
8371,2025-06-30,4,43,2,3998
8372,2025-06-30,4,44,2,2598
8373,2025-06-30,4,45,1,4999
8374,2025-06-30,4,46,3,2397
8375,2025-06-30,4,47,2,6998
8376,2025-06-30,4,48,3,11997
8377,2025-06-30,4,49,5,12495
8378,2025-06-30,4,50,7,9093
8379,2025-06-30,4,51,7,3493
8380,2025-06-30,4,52,1,1999
8381,2025-06-30,4,53,4,3596
8382,2025-06-30,4,54,8,4792
8383,2025-06-30,4,55,4,3596
8384,2025-06-30,4,56,7,4893
8385,2025-06-30,5,1,3,8997
8386,2025-06-30,5,3,1,4999
8387,2025-06-30,5,4,2,2998
8388,2025-06-30,5,5,11,14289
8389,2025-06-30,5,6,1,899
8390,2025-06-30,5,7,5,39995
8391,2025-06-30,5,9,3,1797
8392,2025-06-30,5,11,2,4998
8393,2025-06-30,5,12,2,798
8394,2025-06-30,5,14,1,299
8395,2025-06-30,5,15,7,34993
8396,2025-06-30,5,16,3,2397
8397,2025-06-30,5,17,2,7998
8398,2025-06-30,5,18,4,7196
8399,2025-06-30,5,19,5,94995
8400,2025-06-30,5,21,8,19992
8401,2025-06-30,5,22,3,16497
8402,2025-06-30,5,23,2,9998
8403,2025-06-30,5,24,2,6998
8404,2025-06-30,5,25,8,39992
8405,2025-06-30,5,26,2,39998
8406,2025-06-30,5,28,1,1799
8407,2025-06-30,5,29,6,14994
8408,2025-06-30,5,30,5,19995
8409,2025-06-30,5,31,4,7996
8410,2025-06-30,5,32,7,62993
8411,2025-06-30,5,33,2,25998
8412,2025-06-30,5,34,3,56997
8413,2025-06-30,5,35,2,5998
8414,2025-06-30,5,36,4,5996
8415,2025-06-30,5,37,7,16093
8416,2025-06-30,5,38,4,35996
8417,2025-06-30,5,39,2,6998
8418,2025-06-30,5,40,4,2396
8419,2025-06-30,5,41,5,12495
8420,2025-06-30,5,43,1,1999
8421,2025-06-30,5,44,3,3897
8422,2025-06-30,5,46,1,799
8423,2025-06-30,5,48,1,3999
8424,2025-06-30,5,49,4,9996
8425,2025-06-30,5,50,2,2598
8426,2025-06-30,5,51,2,998
8427,2025-06-30,5,52,1,1999
8428,2025-06-30,5,53,2,1798
8429,2025-06-30,5,54,4,2396
8430,2025-06-30,5,55,7,6293
8431,2025-06-30,5,56,3,2097
8432,2025-06-30,6,1,4,11996
8433,2025-06-30,6,3,3,14997
8434,2025-06-30,6,4,3,4497
8435,2025-06-30,6,5,9,11691
8436,2025-06-30,6,7,8,63992
8437,2025-06-30,6,8,1,15999
8438,2025-06-30,6,9,5,2995
8439,2025-06-30,6,10,1,299
8440,2025-06-30,6,11,2,4998
8441,2025-06-30,6,12,7,2793
8442,2025-06-30,6,14,2,598
8443,2025-06-30,6,16,5,3995
8444,2025-06-30,6,17,1,3999
8445,2025-06-30,6,18,4,7196
8446,2025-06-30,6,19,1,18999
8447,2025-06-30,6,21,8,19992
8448,2025-06-30,6,22,4,21996
8449,2025-06-30,6,23,3,14997
8450,2025-06-30,6,24,1,3499
8451,2025-06-30,6,25,10,49990
8452,2025-06-30,6,26,3,59997
8453,2025-06-30,6,28,1,1799
8454,2025-06-30,6,29,7,17493
8455,2025-06-30,6,30,7,27993
8456,2025-06-30,6,31,6,11994
8457,2025-06-30,6,32,10,89990
8458,2025-06-30,6,33,2,25998
8459,2025-06-30,6,34,3,56997
8460,2025-06-30,6,35,3,8997
8461,2025-06-30,6,36,3,4497
8462,2025-06-30,6,37,4,9196
8463,2025-06-30,6,38,4,35996
8464,2025-06-30,6,39,6,20994
8465,2025-06-30,6,40,3,1797
8466,2025-06-30,6,41,4,9996
8467,2025-06-30,6,43,2,3998
8468,2025-06-30,6,44,2,2598
8469,2025-06-30,6,45,1,4999
8470,2025-06-30,6,46,1,799
8471,2025-06-30,6,47,1,3499
8472,2025-06-30,6,48,3,11997
8473,2025-06-30,6,49,5,12495
8474,2025-06-30,6,50,3,3897
8475,2025-06-30,6,52,2,3998
8476,2025-06-30,6,53,3,2697
8477,2025-06-30,6,54,7,4193
8478,2025-06-30,6,55,4,3596
8479,2025-06-30,6,56,6,4194
8480,2025-07-01,1,1,22,65978
8481,2025-07-01,1,3,2,9998
8482,2025-07-01,1,4,3,4497
8483,2025-07-01,1,5,7,9093
8484,2025-07-01,1,7,11,87989
8485,2025-07-01,1,8,1,15999
8486,2025-07-01,1,9,3,1797
8487,2025-07-01,1,10,1,299
8488,2025-07-01,1,11,2,4998
8489,2025-07-01,1,12,5,1995
8490,2025-07-01,1,14,2,598
8491,2025-07-01,1,15,4,19996
8492,2025-07-01,1,16,3,2397
8493,2025-07-01,1,17,2,7998
8494,2025-07-01,1,18,8,14392
8495,2025-07-01,1,19,6,113994
8496,2025-07-01,1,21,7,17493
8497,2025-07-01,1,22,2,10998
8498,2025-07-01,1,23,3,14997
8499,2025-07-01,1,24,2,6998
8500,2025-07-01,1,25,12,59988
8501,2025-07-01,1,26,2,39998
8502,2025-07-01,1,27,1,1299
8503,2025-07-01,1,28,1,1799
8504,2025-07-01,1,29,8,19992
8505,2025-07-01,1,30,7,27993
8506,2025-07-01,1,31,10,19990
8507,2025-07-01,1,32,10,89990
8508,2025-07-01,1,33,3,38997
8509,2025-07-01,1,34,9,170991
8510,2025-07-01,1,35,4,11996
8511,2025-07-01,1,36,5,7495
8512,2025-07-01,1,37,7,16093
8513,2025-07-01,1,38,6,53994
8514,2025-07-01,1,39,6,20994
8515,2025-07-01,1,40,4,2396
8516,2025-07-01,1,41,6,14994
8517,2025-07-01,1,43,2,3998
8518,2025-07-01,1,44,2,2598
8519,2025-07-01,1,46,2,1598
8520,2025-07-01,1,47,1,3499
8521,2025-07-01,1,48,2,7998
8522,2025-07-01,1,49,5,12495
8523,2025-07-01,1,50,4,5196
8524,2025-07-01,1,51,5,2495
8525,2025-07-01,1,52,3,5997
8526,2025-07-01,1,53,2,1798
8527,2025-07-01,1,54,7,4193
8528,2025-07-01,1,55,6,5394
8529,2025-07-01,1,56,9,6291
8530,2025-07-01,2,1,3,8997
8531,2025-07-01,2,3,3,14997
8532,2025-07-01,2,4,2,2998
8533,2025-07-01,2,5,8,10392
8534,2025-07-01,2,6,1,899
8535,2025-07-01,2,7,9,71991
8536,2025-07-01,2,9,4,2396
8537,2025-07-01,2,11,1,2499
8538,2025-07-01,2,12,4,1596
8539,2025-07-01,2,14,1,299
8540,2025-07-01,2,15,3,14997
8541,2025-07-01,2,16,4,3196
8542,2025-07-01,2,17,2,7998
8543,2025-07-01,2,18,3,5397
8544,2025-07-01,2,19,6,113994
8545,2025-07-01,2,21,7,17493
8546,2025-07-01,2,22,3,16497
8547,2025-07-01,2,23,3,14997
8548,2025-07-01,2,24,1,3499
8549,2025-07-01,2,25,7,34993
8550,2025-07-01,2,26,5,99995
8551,2025-07-01,2,27,1,1299
8552,2025-07-01,2,29,7,17493
8553,2025-07-01,2,30,6,23994
8554,2025-07-01,2,31,6,11994
8555,2025-07-01,2,32,7,62993
8556,2025-07-01,2,33,5,64995
8557,2025-07-01,2,34,8,151992
8558,2025-07-01,2,35,2,5998
8559,2025-07-01,2,36,4,5996
8560,2025-07-01,2,37,9,20691
8561,2025-07-01,2,38,4,35996
8562,2025-07-01,2,39,3,10497
8563,2025-07-01,2,40,4,2396
8564,2025-07-01,2,41,7,17493
8565,2025-07-01,2,43,1,1999
8566,2025-07-01,2,44,1,1299
8567,2025-07-01,2,45,1,4999
8568,2025-07-01,2,46,1,799
8569,2025-07-01,2,47,1,3499
8570,2025-07-01,2,48,3,11997
8571,2025-07-01,2,49,4,9996
8572,2025-07-01,2,50,2,2598
8573,2025-07-01,2,51,2,998
8574,2025-07-01,2,52,2,3998
8575,2025-07-01,2,53,2,1798
8576,2025-07-01,2,54,8,4792
8577,2025-07-01,2,55,3,2697
8578,2025-07-01,2,56,6,4194
8579,2025-07-01,3,1,5,14995
8580,2025-07-01,3,3,2,9998
8581,2025-07-01,3,4,1,1499
8582,2025-07-01,3,5,13,16887
8583,2025-07-01,3,6,1,899
8584,2025-07-01,3,7,6,47994
8585,2025-07-01,3,9,3,1797
8586,2025-07-01,3,11,1,2499
8587,2025-07-01,3,12,7,2793
8588,2025-07-01,3,14,1,299
8589,2025-07-01,3,15,4,19996
8590,2025-07-01,3,16,5,3995
8591,2025-07-01,3,18,6,10794
8592,2025-07-01,3,19,7,132993
8593,2025-07-01,3,21,6,14994
8594,2025-07-01,3,22,4,21996
8595,2025-07-01,3,23,1,4999
8596,2025-07-01,3,24,1,3499
8597,2025-07-01,3,25,7,34993
8598,2025-07-01,3,26,3,59997
8599,2025-07-01,3,27,1,1299
8600,2025-07-01,3,28,1,1799
8601,2025-07-01,3,29,6,14994
8602,2025-07-01,3,30,3,11997
8603,2025-07-01,3,31,5,9995
8604,2025-07-01,3,32,7,62993
8605,2025-07-01,3,33,6,77994
8606,2025-07-01,3,34,5,94995
8607,2025-07-01,3,35,3,8997
8608,2025-07-01,3,36,1,1499
8609,2025-07-01,3,37,2,4598
8610,2025-07-01,3,38,2,17998
8611,2025-07-01,3,39,7,24493
8612,2025-07-01,3,40,5,2995
8613,2025-07-01,3,41,7,17493
8614,2025-07-01,3,43,2,3998
8615,2025-07-01,3,44,2,2598
8616,2025-07-01,3,46,2,1598
8617,2025-07-01,3,48,1,3999
8618,2025-07-01,3,49,3,7497
8619,2025-07-01,3,50,3,3897
8620,2025-07-01,3,51,1,499
8621,2025-07-01,3,52,2,3998
8622,2025-07-01,3,53,2,1798
8623,2025-07-01,3,54,7,4193
8624,2025-07-01,3,55,5,4495
8625,2025-07-01,3,56,5,3495
8626,2025-07-01,4,1,8,23992
8627,2025-07-01,4,3,4,19996
8628,2025-07-01,4,4,3,4497
8629,2025-07-01,4,5,13,16887
8630,2025-07-01,4,6,2,1798
8631,2025-07-01,4,7,8,63992
8632,2025-07-01,4,8,1,15999
8633,2025-07-01,4,9,5,2995
8634,2025-07-01,4,12,7,2793
8635,2025-07-01,4,14,1,299
8636,2025-07-01,4,15,7,34993
8637,2025-07-01,4,16,6,4794
8638,2025-07-01,4,17,3,11997
8639,2025-07-01,4,18,8,14392
8640,2025-07-01,4,19,10,189990
8641,2025-07-01,4,21,6,14994
8642,2025-07-01,4,22,8,43992
8643,2025-07-01,4,23,4,19996
8644,2025-07-01,4,24,3,10497
8645,2025-07-01,4,25,10,49990
8646,2025-07-01,4,26,3,59997
8647,2025-07-01,4,27,2,2598
8648,2025-07-01,4,28,2,3598
8649,2025-07-01,4,29,11,27489
8650,2025-07-01,4,30,8,31992
8651,2025-07-01,4,31,5,9995
8652,2025-07-01,4,32,10,89990
8653,2025-07-01,4,33,5,64995
8654,2025-07-01,4,34,9,170991
8655,2025-07-01,4,35,3,8997
8656,2025-07-01,4,36,4,5996
8657,2025-07-01,4,37,7,16093
8658,2025-07-01,4,38,7,62993
8659,2025-07-01,4,39,6,20994
8660,2025-07-01,4,40,5,2995
8661,2025-07-01,4,41,2,4998
8662,2025-07-01,4,43,3,5997
8663,2025-07-01,4,44,1,1299
8664,2025-07-01,4,46,1,799
8665,2025-07-01,4,47,2,6998
8666,2025-07-01,4,48,2,7998
8667,2025-07-01,4,49,5,12495
8668,2025-07-01,4,50,7,9093
8669,2025-07-01,4,51,2,998
8670,2025-07-01,4,52,1,1999
8671,2025-07-01,4,53,2,1798
8672,2025-07-01,4,54,9,5391
8673,2025-07-01,4,55,7,6293
8674,2025-07-01,4,56,7,4893
8675,2025-07-01,5,1,5,14995
8676,2025-07-01,5,3,1,4999
8677,2025-07-01,5,4,2,2998
8678,2025-07-01,5,5,8,10392
8679,2025-07-01,5,6,2,1798
8680,2025-07-01,5,7,4,31996
8681,2025-07-01,5,9,2,1198
8682,2025-07-01,5,11,1,2499
8683,2025-07-01,5,12,2,798
8684,2025-07-01,5,14,1,299
8685,2025-07-01,5,15,4,19996
8686,2025-07-01,5,16,6,4794
8687,2025-07-01,5,17,2,7998
8688,2025-07-01,5,18,2,3598
8689,2025-07-01,5,19,6,113994
8690,2025-07-01,5,21,5,12495
8691,2025-07-01,5,22,5,27495
8692,2025-07-01,5,23,3,14997
8693,2025-07-01,5,24,1,3499
8694,2025-07-01,5,25,5,24995
8695,2025-07-01,5,26,1,19999
8696,2025-07-01,5,27,1,1299
8697,2025-07-01,5,28,1,1799
8698,2025-07-01,5,29,5,12495
8699,2025-07-01,5,30,4,15996
8700,2025-07-01,5,31,4,7996
8701,2025-07-01,5,32,4,35996
8702,2025-07-01,5,33,3,38997
8703,2025-07-01,5,34,5,94995
8704,2025-07-01,5,35,2,5998
8705,2025-07-01,5,36,2,2998
8706,2025-07-01,5,37,5,11495
8707,2025-07-01,5,38,5,44995
8708,2025-07-01,5,39,9,31491
8709,2025-07-01,5,40,2,1198
8710,2025-07-01,5,41,5,12495
8711,2025-07-01,5,42,1,1799
8712,2025-07-01,5,43,1,1999
8713,2025-07-01,5,44,2,2598
8714,2025-07-01,5,46,1,799
8715,2025-07-01,5,47,1,3499
8716,2025-07-01,5,48,3,11997
8717,2025-07-01,5,49,5,12495
8718,2025-07-01,5,50,2,2598
8719,2025-07-01,5,51,2,998
8720,2025-07-01,5,52,2,3998
8721,2025-07-01,5,53,1,899
8722,2025-07-01,5,54,8,4792
8723,2025-07-01,5,55,5,4495
8724,2025-07-01,5,56,2,1398
8725,2025-07-01,6,1,5,14995
8726,2025-07-01,6,3,1,4999
8727,2025-07-01,6,4,3,4497
8728,2025-07-01,6,5,19,24681
8729,2025-07-01,6,6,2,1798
8730,2025-07-01,6,7,8,63992
8731,2025-07-01,6,9,6,3594
8732,2025-07-01,6,11,2,4998
8733,2025-07-01,6,12,4,1596
8734,2025-07-01,6,14,2,598
8735,2025-07-01,6,15,5,24995
8736,2025-07-01,6,16,5,3995
8737,2025-07-01,6,17,2,7998
8738,2025-07-01,6,18,5,8995
8739,2025-07-01,6,19,8,151992
8740,2025-07-01,6,21,9,22491
8741,2025-07-01,6,22,4,21996
8742,2025-07-01,6,23,2,9998
8743,2025-07-01,6,24,2,6998
8744,2025-07-01,6,25,4,19996
8745,2025-07-01,6,26,2,39998
8746,2025-07-01,6,27,1,1299
8747,2025-07-01,6,28,1,1799
8748,2025-07-01,6,29,11,27489
8749,2025-07-01,6,30,6,23994
8750,2025-07-01,6,31,5,9995
8751,2025-07-01,6,32,4,35996
8752,2025-07-01,6,33,3,38997
8753,2025-07-01,6,34,12,227988
8754,2025-07-01,6,35,3,8997
8755,2025-07-01,6,36,4,5996
8756,2025-07-01,6,37,9,20691
8757,2025-07-01,6,38,5,44995
8758,2025-07-01,6,39,6,20994
8759,2025-07-01,6,40,3,1797
8760,2025-07-01,6,41,5,12495
8761,2025-07-01,6,43,1,1999
8762,2025-07-01,6,44,4,5196
8763,2025-07-01,6,45,1,4999
8764,2025-07-01,6,46,3,2397
8765,2025-07-01,6,47,1,3499
8766,2025-07-01,6,48,3,11997
8767,2025-07-01,6,49,5,12495
8768,2025-07-01,6,50,4,5196
8769,2025-07-01,6,51,2,998
8770,2025-07-01,6,52,1,1999
8771,2025-07-01,6,53,1,899
8772,2025-07-01,6,54,10,5990
8773,2025-07-01,6,55,4,3596
8774,2025-07-01,6,56,7,4893
8775,2025-07-02,1,1,17,50983
8776,2025-07-02,1,3,3,14997
8777,2025-07-02,1,4,2,2998
8778,2025-07-02,1,5,10,12990
8779,2025-07-02,1,6,2,1798
8780,2025-07-02,1,7,9,71991
8781,2025-07-02,1,9,3,1797
8782,2025-07-02,1,11,2,4998
8783,2025-07-02,1,12,9,3591
8784,2025-07-02,1,14,2,598
8785,2025-07-02,1,15,5,24995
8786,2025-07-02,1,16,5,3995
8787,2025-07-02,1,17,2,7998
8788,2025-07-02,1,18,8,14392
8789,2025-07-02,1,19,6,113994
8790,2025-07-02,1,21,5,12495
8791,2025-07-02,1,22,5,27495
8792,2025-07-02,1,23,2,9998
8793,2025-07-02,1,24,2,6998
8794,2025-07-02,1,25,12,59988
8795,2025-07-02,1,26,3,59997
8796,2025-07-02,1,27,1,1299
8797,2025-07-02,1,29,8,19992
8798,2025-07-02,1,30,8,31992
8799,2025-07-02,1,31,9,17991
8800,2025-07-02,1,32,7,62993
8801,2025-07-02,1,33,4,51996
8802,2025-07-02,1,34,10,189990
8803,2025-07-02,1,35,4,11996
8804,2025-07-02,1,36,4,5996
8805,2025-07-02,1,37,9,20691
8806,2025-07-02,1,38,6,53994
8807,2025-07-02,1,39,8,27992
8808,2025-07-02,1,40,6,3594
8809,2025-07-02,1,41,6,14994
8810,2025-07-02,1,43,3,5997
8811,2025-07-02,1,44,4,5196
8812,2025-07-02,1,46,3,2397
8813,2025-07-02,1,47,2,6998
8814,2025-07-02,1,48,5,19995
8815,2025-07-02,1,49,5,12495
8816,2025-07-02,1,50,5,6495
8817,2025-07-02,1,51,4,1996
8818,2025-07-02,1,52,2,3998
8819,2025-07-02,1,53,2,1798
8820,2025-07-02,1,54,9,5391
8821,2025-07-02,1,55,7,6293
8822,2025-07-02,1,56,8,5592
8823,2025-07-02,2,1,2,5998
8824,2025-07-02,2,3,1,4999
8825,2025-07-02,2,4,2,2998
8826,2025-07-02,2,5,4,5196
8827,2025-07-02,2,6,1,899
8828,2025-07-02,2,7,8,63992
8829,2025-07-02,2,8,1,15999
8830,2025-07-02,2,9,2,1198
8831,2025-07-02,2,11,2,4998
8832,2025-07-02,2,12,3,1197
8833,2025-07-02,2,14,3,897
8834,2025-07-02,2,15,5,24995
8835,2025-07-02,2,16,5,3995
8836,2025-07-02,2,17,1,3999
8837,2025-07-02,2,18,4,7196
8838,2025-07-02,2,19,8,151992
8839,2025-07-02,2,21,7,17493
8840,2025-07-02,2,22,5,27495
8841,2025-07-02,2,23,1,4999
8842,2025-07-02,2,24,1,3499
8843,2025-07-02,2,25,7,34993
8844,2025-07-02,2,26,2,39998
8845,2025-07-02,2,27,1,1299
8846,2025-07-02,2,28,1,1799
8847,2025-07-02,2,29,2,4998
8848,2025-07-02,2,30,4,15996
8849,2025-07-02,2,31,9,17991
8850,2025-07-02,2,32,7,62993
8851,2025-07-02,2,33,4,51996
8852,2025-07-02,2,34,6,113994
8853,2025-07-02,2,35,2,5998
8854,2025-07-02,2,36,4,5996
8855,2025-07-02,2,37,7,16093
8856,2025-07-02,2,38,3,26997
8857,2025-07-02,2,39,6,20994
8858,2025-07-02,2,40,3,1797
8859,2025-07-02,2,41,5,12495
8860,2025-07-02,2,42,1,1799
8861,2025-07-02,2,43,2,3998
8862,2025-07-02,2,44,3,3897
8863,2025-07-02,2,45,1,4999
8864,2025-07-02,2,46,2,1598
8865,2025-07-02,2,47,1,3499
8866,2025-07-02,2,48,2,7998
8867,2025-07-02,2,49,5,12495
8868,2025-07-02,2,50,3,3897
8869,2025-07-02,2,51,4,1996
8870,2025-07-02,2,52,3,5997
8871,2025-07-02,2,53,3,2697
8872,2025-07-02,2,54,8,4792
8873,2025-07-02,2,55,6,5394
8874,2025-07-02,2,56,6,4194
8875,2025-07-02,3,1,2,5998
8876,2025-07-02,3,3,2,9998
8877,2025-07-02,3,4,2,2998
8878,2025-07-02,3,5,10,12990
8879,2025-07-02,3,7,4,31996
8880,2025-07-02,3,9,3,1797
8881,2025-07-02,3,11,2,4998
8882,2025-07-02,3,12,4,1596
8883,2025-07-02,3,14,2,598
8884,2025-07-02,3,15,3,14997
8885,2025-07-02,3,17,1,3999
8886,2025-07-02,3,18,4,7196
8887,2025-07-02,3,19,5,94995
8888,2025-07-02,3,21,11,27489
8889,2025-07-02,3,22,4,21996
8890,2025-07-02,3,23,2,9998
8891,2025-07-02,3,24,1,3499
8892,2025-07-02,3,25,7,34993
8893,2025-07-02,3,26,3,59997
8894,2025-07-02,3,27,1,1299
8895,2025-07-02,3,28,1,1799
8896,2025-07-02,3,29,7,17493
8897,2025-07-02,3,30,7,27993
8898,2025-07-02,3,31,4,7996
8899,2025-07-02,3,32,8,71992
8900,2025-07-02,3,33,5,64995
8901,2025-07-02,3,34,9,170991
8902,2025-07-02,3,35,3,8997
8903,2025-07-02,3,36,3,4497
8904,2025-07-02,3,37,2,4598
8905,2025-07-02,3,38,3,26997
8906,2025-07-02,3,39,2,6998
8907,2025-07-02,3,40,4,2396
8908,2025-07-02,3,41,6,14994
8909,2025-07-02,3,43,3,5997
8910,2025-07-02,3,44,2,2598
8911,2025-07-02,3,46,1,799
8912,2025-07-02,3,48,3,11997
8913,2025-07-02,3,49,5,12495
8914,2025-07-02,3,50,1,1299
8915,2025-07-02,3,51,2,998
8916,2025-07-02,3,52,1,1999
8917,2025-07-02,3,53,1,899
8918,2025-07-02,3,54,8,4792
8919,2025-07-02,3,55,3,2697
8920,2025-07-02,3,56,3,2097
8921,2025-07-02,4,1,8,23992
8922,2025-07-02,4,3,5,24995
8923,2025-07-02,4,4,2,2998
8924,2025-07-02,4,5,11,14289
8925,2025-07-02,4,6,2,1798
8926,2025-07-02,4,7,9,71991
8927,2025-07-02,4,8,1,15999
8928,2025-07-02,4,9,6,3594
8929,2025-07-02,4,10,1,299
8930,2025-07-02,4,11,2,4998
8931,2025-07-02,4,12,3,1197
8932,2025-07-02,4,15,8,39992
8933,2025-07-02,4,16,4,3196
8934,2025-07-02,4,17,1,3999
8935,2025-07-02,4,18,7,12593
8936,2025-07-02,4,19,9,170991
8937,2025-07-02,4,21,10,24990
8938,2025-07-02,4,22,7,38493
8939,2025-07-02,4,23,4,19996
8940,2025-07-02,4,24,1,3499
8941,2025-07-02,4,25,12,59988
8942,2025-07-02,4,26,3,59997
8943,2025-07-02,4,27,1,1299
8944,2025-07-02,4,28,2,3598
8945,2025-07-02,4,29,12,29988
8946,2025-07-02,4,30,8,31992
8947,2025-07-02,4,31,9,17991
8948,2025-07-02,4,32,9,80991
8949,2025-07-02,4,33,5,64995
8950,2025-07-02,4,34,3,56997
8951,2025-07-02,4,35,3,8997
8952,2025-07-02,4,36,4,5996
8953,2025-07-02,4,37,5,11495
8954,2025-07-02,4,38,8,71992
8955,2025-07-02,4,39,7,24493
8956,2025-07-02,4,40,6,3594
8957,2025-07-02,4,41,8,19992
8958,2025-07-02,4,42,1,1799
8959,2025-07-02,4,43,2,3998
8960,2025-07-02,4,44,4,5196
8961,2025-07-02,4,45,1,4999
8962,2025-07-02,4,46,2,1598
8963,2025-07-02,4,47,1,3499
8964,2025-07-02,4,48,3,11997
8965,2025-07-02,4,49,9,22491
8966,2025-07-02,4,50,2,2598
8967,2025-07-02,4,51,3,1497
8968,2025-07-02,4,52,3,5997
8969,2025-07-02,4,53,3,2697
8970,2025-07-02,4,54,8,4792
8971,2025-07-02,4,55,7,6293
8972,2025-07-02,4,56,1,699
8973,2025-07-02,5,1,4,11996
8974,2025-07-02,5,3,1,4999
8975,2025-07-02,5,4,1,1499
8976,2025-07-02,5,5,7,9093
8977,2025-07-02,5,6,2,1798
8978,2025-07-02,5,7,6,47994
8979,2025-07-02,5,9,3,1797
8980,2025-07-02,5,11,1,2499
8981,2025-07-02,5,12,5,1995
8982,2025-07-02,5,14,1,299
8983,2025-07-02,5,15,2,9998
8984,2025-07-02,5,16,2,1598
8985,2025-07-02,5,17,2,7998
8986,2025-07-02,5,18,1,1799
8987,2025-07-02,5,19,4,75996
8988,2025-07-02,5,21,4,9996
8989,2025-07-02,5,22,4,21996
8990,2025-07-02,5,23,1,4999
8991,2025-07-02,5,24,1,3499
8992,2025-07-02,5,25,11,54989
8993,2025-07-02,5,26,4,79996
8994,2025-07-02,5,27,1,1299
8995,2025-07-02,5,28,1,1799
8996,2025-07-02,5,29,7,17493
8997,2025-07-02,5,30,6,23994
8998,2025-07-02,5,31,6,11994
8999,2025-07-02,5,32,3,26997
9000,2025-07-02,5,33,3,38997
9001,2025-07-02,5,34,6,113994
9002,2025-07-02,5,35,2,5998
9003,2025-07-02,5,36,4,5996
9004,2025-07-02,5,37,4,9196
9005,2025-07-02,5,38,5,44995
9006,2025-07-02,5,39,5,17495
9007,2025-07-02,5,40,3,1797
9008,2025-07-02,5,41,5,12495
9009,2025-07-02,5,43,1,1999
9010,2025-07-02,5,44,2,2598
9011,2025-07-02,5,46,2,1598
9012,2025-07-02,5,48,2,7998
9013,2025-07-02,5,49,7,17493
9014,2025-07-02,5,50,2,2598
9015,2025-07-02,5,51,3,1497
9016,2025-07-02,5,52,2,3998
9017,2025-07-02,5,53,1,899
9018,2025-07-02,5,54,7,4193
9019,2025-07-02,5,55,5,4495
9020,2025-07-02,5,56,1,699
9021,2025-07-02,6,1,4,11996
9022,2025-07-02,6,3,3,14997
9023,2025-07-02,6,4,3,4497
9024,2025-07-02,6,5,11,14289
9025,2025-07-02,6,6,1,899
9026,2025-07-02,6,7,7,55993
9027,2025-07-02,6,8,1,15999
9028,2025-07-02,6,9,5,2995
9029,2025-07-02,6,10,1,299
9030,2025-07-02,6,11,1,2499
9031,2025-07-02,6,12,2,798
9032,2025-07-02,6,14,1,299
9033,2025-07-02,6,15,6,29994
9034,2025-07-02,6,16,4,3196
9035,2025-07-02,6,17,3,11997
9036,2025-07-02,6,18,2,3598
9037,2025-07-02,6,19,9,170991
9038,2025-07-02,6,21,3,7497
9039,2025-07-02,6,22,6,32994
9040,2025-07-02,6,23,2,9998
9041,2025-07-02,6,25,4,19996
9042,2025-07-02,6,26,3,59997
9043,2025-07-02,6,27,1,1299
9044,2025-07-02,6,28,1,1799
9045,2025-07-02,6,29,8,19992
9046,2025-07-02,6,30,6,23994
9047,2025-07-02,6,31,4,7996
9048,2025-07-02,6,32,9,80991
9049,2025-07-02,6,33,6,77994
9050,2025-07-02,6,34,9,170991
9051,2025-07-02,6,35,3,8997
9052,2025-07-02,6,36,5,7495
9053,2025-07-02,6,37,5,11495
9054,2025-07-02,6,38,6,53994
9055,2025-07-02,6,39,9,31491
9056,2025-07-02,6,40,8,4792
9057,2025-07-02,6,41,7,17493
9058,2025-07-02,6,43,2,3998
9059,2025-07-02,6,44,2,2598
9060,2025-07-02,6,45,1,4999
9061,2025-07-02,6,46,1,799
9062,2025-07-02,6,47,1,3499
9063,2025-07-02,6,48,2,7998
9064,2025-07-02,6,49,4,9996
9065,2025-07-02,6,50,5,6495
9066,2025-07-02,6,51,3,1497
9067,2025-07-02,6,52,3,5997
9068,2025-07-02,6,53,3,2697
9069,2025-07-02,6,54,9,5391
9070,2025-07-02,6,55,5,4495
9071,2025-07-03,1,1,18,53982
9072,2025-07-03,1,2,1,1999
9073,2025-07-03,1,3,1,4999
9074,2025-07-03,1,4,1,1499
9075,2025-07-03,1,5,16,20784
9076,2025-07-03,1,6,2,1798
9077,2025-07-03,1,7,7,55993
9078,2025-07-03,1,8,1,15999
9079,2025-07-03,1,9,2,1198
9080,2025-07-03,1,11,2,4998
9081,2025-07-03,1,12,6,2394
9082,2025-07-03,1,14,2,598
9083,2025-07-03,1,15,7,34993
9084,2025-07-03,1,16,3,2397
9085,2025-07-03,1,17,2,7998
9086,2025-07-03,1,18,6,10794
9087,2025-07-03,1,19,6,113994
9088,2025-07-03,1,21,9,22491
9089,2025-07-03,1,22,6,32994
9090,2025-07-03,1,23,3,14997
9091,2025-07-03,1,24,2,6998
9092,2025-07-03,1,25,4,19996
9093,2025-07-03,1,26,2,39998
9094,2025-07-03,1,27,1,1299
9095,2025-07-03,1,28,1,1799
9096,2025-07-03,1,29,11,27489
9097,2025-07-03,1,30,5,19995
9098,2025-07-03,1,31,5,9995
9099,2025-07-03,1,32,7,62993
9100,2025-07-03,1,33,4,51996
9101,2025-07-03,1,34,10,189990
9102,2025-07-03,1,35,4,11996
9103,2025-07-03,1,36,3,4497
9104,2025-07-03,1,37,4,9196
9105,2025-07-03,1,38,2,17998
9106,2025-07-03,1,39,7,24493
9107,2025-07-03,1,40,4,2396
9108,2025-07-03,1,41,3,7497
9109,2025-07-03,1,43,3,5997
9110,2025-07-03,1,44,2,2598
9111,2025-07-03,1,45,1,4999
9112,2025-07-03,1,46,2,1598
9113,2025-07-03,1,47,1,3499
9114,2025-07-03,1,48,2,7998
9115,2025-07-03,1,49,5,12495
9116,2025-07-03,1,50,3,3897
9117,2025-07-03,1,51,3,1497
9118,2025-07-03,1,52,3,5997
9119,2025-07-03,1,53,3,2697
9120,2025-07-03,1,54,6,3594
9121,2025-07-03,1,55,6,5394
9122,2025-07-03,1,56,6,4194
9123,2025-07-03,2,1,6,17994
9124,2025-07-03,2,3,3,14997
9125,2025-07-03,2,4,2,2998
9126,2025-07-03,2,5,12,15588
9127,2025-07-03,2,6,1,899
9128,2025-07-03,2,7,6,47994
9129,2025-07-03,2,8,1,15999
9130,2025-07-03,2,9,1,599
9131,2025-07-03,2,11,1,2499
9132,2025-07-03,2,12,4,1596
9133,2025-07-03,2,14,2,598
9134,2025-07-03,2,15,7,34993
9135,2025-07-03,2,16,6,4794
9136,2025-07-03,2,17,2,7998
9137,2025-07-03,2,18,5,8995
9138,2025-07-03,2,19,8,151992
9139,2025-07-03,2,21,3,7497
9140,2025-07-03,2,22,8,43992
9141,2025-07-03,2,23,3,14997
9142,2025-07-03,2,24,1,3499
9143,2025-07-03,2,25,5,24995
9144,2025-07-03,2,26,3,59997
9145,2025-07-03,2,27,1,1299
9146,2025-07-03,2,28,1,1799
9147,2025-07-03,2,29,11,27489
9148,2025-07-03,2,30,5,19995
9149,2025-07-03,2,31,4,7996
9150,2025-07-03,2,32,6,53994
9151,2025-07-03,2,33,4,51996
9152,2025-07-03,2,34,8,151992
9153,2025-07-03,2,35,2,5998
9154,2025-07-03,2,36,3,4497
9155,2025-07-03,2,37,3,6897
9156,2025-07-03,2,38,6,53994
9157,2025-07-03,2,39,3,10497
9158,2025-07-03,2,40,3,1797
9159,2025-07-03,2,41,5,12495
9160,2025-07-03,2,43,2,3998
9161,2025-07-03,2,44,2,2598
9162,2025-07-03,2,45,1,4999
9163,2025-07-03,2,46,1,799
9164,2025-07-03,2,47,1,3499
9165,2025-07-03,2,48,2,7998
9166,2025-07-03,2,49,3,7497
9167,2025-07-03,2,50,3,3897
9168,2025-07-03,2,51,3,1497
9169,2025-07-03,2,52,1,1999
9170,2025-07-03,2,53,3,2697
9171,2025-07-03,2,54,8,4792
9172,2025-07-03,2,55,3,2697
9173,2025-07-03,2,56,3,2097
9174,2025-07-03,3,1,5,14995
9175,2025-07-03,3,3,2,9998
9176,2025-07-03,3,4,2,2998
9177,2025-07-03,3,5,5,6495
9178,2025-07-03,3,6,1,899
9179,2025-07-03,3,7,1,7999
9180,2025-07-03,3,9,3,1797
9181,2025-07-03,3,11,1,2499
9182,2025-07-03,3,12,3,1197
9183,2025-07-03,3,14,1,299
9184,2025-07-03,3,15,4,19996
9185,2025-07-03,3,16,4,3196
9186,2025-07-03,3,17,1,3999
9187,2025-07-03,3,18,4,7196
9188,2025-07-03,3,19,5,94995
9189,2025-07-03,3,21,5,12495
9190,2025-07-03,3,22,5,27495
9191,2025-07-03,3,23,1,4999
9192,2025-07-03,3,24,1,3499
9193,2025-07-03,3,25,6,29994
9194,2025-07-03,3,26,2,39998
9195,2025-07-03,3,27,1,1299
9196,2025-07-03,3,28,1,1799
9197,2025-07-03,3,29,5,12495
9198,2025-07-03,3,30,6,23994
9199,2025-07-03,3,31,8,15992
9200,2025-07-03,3,32,9,80991
9201,2025-07-03,3,33,3,38997
9202,2025-07-03,3,34,7,132993
9203,2025-07-03,3,35,3,8997
9204,2025-07-03,3,36,4,5996
9205,2025-07-03,3,37,4,9196
9206,2025-07-03,3,38,5,44995
9207,2025-07-03,3,39,6,20994
9208,2025-07-03,3,40,3,1797
9209,2025-07-03,3,41,4,9996
9210,2025-07-03,3,43,1,1999
9211,2025-07-03,3,44,2,2598
9212,2025-07-03,3,46,3,2397
9213,2025-07-03,3,47,1,3499
9214,2025-07-03,3,48,2,7998
9215,2025-07-03,3,49,4,9996
9216,2025-07-03,3,50,4,5196
9217,2025-07-03,3,51,2,998
9218,2025-07-03,3,52,1,1999
9219,2025-07-03,3,53,1,899
9220,2025-07-03,3,54,6,3594
9221,2025-07-03,3,55,3,2697
9222,2025-07-03,3,56,4,2796
9223,2025-07-03,4,1,8,23992
9224,2025-07-03,4,3,2,9998
9225,2025-07-03,4,4,2,2998
9226,2025-07-03,4,5,15,19485
9227,2025-07-03,4,6,2,1798
9228,2025-07-03,4,7,8,63992
9229,2025-07-03,4,8,1,15999
9230,2025-07-03,4,9,5,2995
9231,2025-07-03,4,11,2,4998
9232,2025-07-03,4,12,2,798
9233,2025-07-03,4,14,2,598
9234,2025-07-03,4,15,5,24995
9235,2025-07-03,4,16,1,799
9236,2025-07-03,4,17,2,7998
9237,2025-07-03,4,18,5,8995
9238,2025-07-03,4,19,10,189990
9239,2025-07-03,4,21,12,29988
9240,2025-07-03,4,22,9,49491
9241,2025-07-03,4,23,4,19996
9242,2025-07-03,4,24,2,6998
9243,2025-07-03,4,25,18,89982
9244,2025-07-03,4,26,5,99995
9245,2025-07-03,4,27,1,1299
9246,2025-07-03,4,28,1,1799
9247,2025-07-03,4,29,9,22491
9248,2025-07-03,4,30,6,23994
9249,2025-07-03,4,31,9,17991
9250,2025-07-03,4,32,10,89990
9251,2025-07-03,4,33,3,38997
9252,2025-07-03,4,34,13,246987
9253,2025-07-03,4,35,5,14995
9254,2025-07-03,4,36,6,8994
9255,2025-07-03,4,37,8,18392
9256,2025-07-03,4,38,6,53994
9257,2025-07-03,4,39,7,24493
9258,2025-07-03,4,40,5,2995
9259,2025-07-03,4,41,5,12495
9260,2025-07-03,4,43,3,5997
9261,2025-07-03,4,44,4,5196
9262,2025-07-03,4,45,1,4999
9263,2025-07-03,4,46,3,2397
9264,2025-07-03,4,47,2,6998
9265,2025-07-03,4,48,2,7998
9266,2025-07-03,4,49,7,17493
9267,2025-07-03,4,50,5,6495
9268,2025-07-03,4,51,6,2994
9269,2025-07-03,4,52,3,5997
9270,2025-07-03,4,53,4,3596
9271,2025-07-03,4,54,10,5990
9272,2025-07-03,4,55,6,5394
9273,2025-07-03,4,56,6,4194
9274,2025-07-03,5,1,2,5998
9275,2025-07-03,5,3,1,4999
9276,2025-07-03,5,4,2,2998
9277,2025-07-03,5,5,8,10392
9278,2025-07-03,5,6,1,899
9279,2025-07-03,5,7,8,63992
9280,2025-07-03,5,9,1,599
9281,2025-07-03,5,11,1,2499
9282,2025-07-03,5,12,3,1197
9283,2025-07-03,5,14,1,299
9284,2025-07-03,5,15,4,19996
9285,2025-07-03,5,16,3,2397
9286,2025-07-03,5,17,2,7998
9287,2025-07-03,5,18,3,5397
9288,2025-07-03,5,19,5,94995
9289,2025-07-03,5,21,6,14994
9290,2025-07-03,5,22,7,38493
9291,2025-07-03,5,23,3,14997
9292,2025-07-03,5,24,1,3499
9293,2025-07-03,5,25,8,39992
9294,2025-07-03,5,26,2,39998
9295,2025-07-03,5,28,1,1799
9296,2025-07-03,5,29,7,17493
9297,2025-07-03,5,30,4,15996
9298,2025-07-03,5,31,7,13993
9299,2025-07-03,5,32,4,35996
9300,2025-07-03,5,33,3,38997
9301,2025-07-03,5,34,3,56997
9302,2025-07-03,5,35,2,5998
9303,2025-07-03,5,36,4,5996
9304,2025-07-03,5,37,3,6897
9305,2025-07-03,5,38,3,26997
9306,2025-07-03,5,39,6,20994
9307,2025-07-03,5,40,3,1797
9308,2025-07-03,5,41,5,12495
9309,2025-07-03,5,43,1,1999
9310,2025-07-03,5,45,1,4999
9311,2025-07-03,5,46,1,799
9312,2025-07-03,5,48,2,7998
9313,2025-07-03,5,49,3,7497
9314,2025-07-03,5,50,2,2598
9315,2025-07-03,5,51,3,1497
9316,2025-07-03,5,52,2,3998
9317,2025-07-03,5,53,1,899
9318,2025-07-03,5,54,8,4792
9319,2025-07-03,5,55,5,4495
9320,2025-07-03,5,56,3,2097
9321,2025-07-03,6,1,5,14995
9322,2025-07-03,6,2,1,1999
9323,2025-07-03,6,3,3,14997
9324,2025-07-03,6,4,1,1499
9325,2025-07-03,6,5,8,10392
9326,2025-07-03,6,6,1,899
9327,2025-07-03,6,7,5,39995
9328,2025-07-03,6,8,1,15999
9329,2025-07-03,6,9,5,2995
9330,2025-07-03,6,11,3,7497
9331,2025-07-03,6,12,5,1995
9332,2025-07-03,6,14,2,598
9333,2025-07-03,6,15,3,14997
9334,2025-07-03,6,16,4,3196
9335,2025-07-03,6,17,1,3999
9336,2025-07-03,6,18,5,8995
9337,2025-07-03,6,19,8,151992
9338,2025-07-03,6,21,6,14994
9339,2025-07-03,6,22,6,32994
9340,2025-07-03,6,23,3,14997
9341,2025-07-03,6,25,10,49990
9342,2025-07-03,6,26,2,39998
9343,2025-07-03,6,27,1,1299
9344,2025-07-03,6,28,1,1799
9345,2025-07-03,6,29,9,22491
9346,2025-07-03,6,30,9,35991
9347,2025-07-03,6,31,9,17991
9348,2025-07-03,6,32,5,44995
9349,2025-07-03,6,33,3,38997
9350,2025-07-03,6,34,11,208989
9351,2025-07-03,6,35,2,5998
9352,2025-07-03,6,36,5,7495
9353,2025-07-03,6,37,6,13794
9354,2025-07-03,6,38,6,53994
9355,2025-07-03,6,39,4,13996
9356,2025-07-03,6,40,4,2396
9357,2025-07-03,6,41,7,17493
9358,2025-07-03,6,42,1,1799
9359,2025-07-03,6,43,3,5997
9360,2025-07-03,6,44,2,2598
9361,2025-07-03,6,45,1,4999
9362,2025-07-03,6,47,1,3499
9363,2025-07-03,6,48,3,11997
9364,2025-07-03,6,49,6,14994
9365,2025-07-03,6,50,3,3897
9366,2025-07-03,6,51,1,499
9367,2025-07-03,6,52,2,3998
9368,2025-07-03,6,53,3,2697
9369,2025-07-03,6,54,9,5391
9370,2025-07-03,6,55,6,5394
9371,2025-07-03,6,56,4,2796
9372,2025-07-04,1,1,22,65978
9373,2025-07-04,1,3,2,9998
9374,2025-07-04,1,4,3,4497
9375,2025-07-04,1,5,12,15588
9376,2025-07-04,1,6,2,1798
9377,2025-07-04,1,7,5,39995
9378,2025-07-04,1,8,1,15999
9379,2025-07-04,1,9,6,3594
9380,2025-07-04,1,11,1,2499
9381,2025-07-04,1,12,2,798
9382,2025-07-04,1,14,2,598
9383,2025-07-04,1,15,8,39992
9384,2025-07-04,1,16,2,1598
9385,2025-07-04,1,17,1,3999
9386,2025-07-04,1,18,3,5397
9387,2025-07-04,1,19,6,113994
9388,2025-07-04,1,21,11,27489
9389,2025-07-04,1,22,5,27495
9390,2025-07-04,1,23,4,19996
9391,2025-07-04,1,24,1,3499
9392,2025-07-04,1,25,11,54989
9393,2025-07-04,1,26,3,59997
9394,2025-07-04,1,27,1,1299
9395,2025-07-04,1,28,2,3598
9396,2025-07-04,1,29,8,19992
9397,2025-07-04,1,30,5,19995
9398,2025-07-04,1,31,10,19990
9399,2025-07-04,1,32,8,71992
9400,2025-07-04,1,33,3,38997
9401,2025-07-04,1,34,4,75996
9402,2025-07-04,1,35,3,8997
9403,2025-07-04,1,36,2,2998
9404,2025-07-04,1,37,7,16093
9405,2025-07-04,1,38,5,44995
9406,2025-07-04,1,39,9,31491
9407,2025-07-04,1,40,2,1198
9408,2025-07-04,1,41,11,27489
9409,2025-07-04,1,42,1,1799
9410,2025-07-04,1,43,2,3998
9411,2025-07-04,1,44,3,3897
9412,2025-07-04,1,45,1,4999
9413,2025-07-04,1,46,3,2397
9414,2025-07-04,1,47,2,6998
9415,2025-07-04,1,48,1,3999
9416,2025-07-04,1,49,6,14994
9417,2025-07-04,1,50,3,3897
9418,2025-07-04,1,51,5,2495
9419,2025-07-04,1,52,2,3998
9420,2025-07-04,1,53,1,899
9421,2025-07-04,1,54,6,3594
9422,2025-07-04,1,55,7,6293
9423,2025-07-04,1,56,8,5592
9424,2025-07-04,2,1,3,8997
9425,2025-07-04,2,3,2,9998
9426,2025-07-04,2,4,3,4497
9427,2025-07-04,2,5,8,10392
9428,2025-07-04,2,6,2,1798
9429,2025-07-04,2,7,10,79990
9430,2025-07-04,2,8,1,15999
9431,2025-07-04,2,9,3,1797
9432,2025-07-04,2,11,1,2499
9433,2025-07-04,2,12,3,1197
9434,2025-07-04,2,14,2,598
9435,2025-07-04,2,15,5,24995
9436,2025-07-04,2,16,1,799
9437,2025-07-04,2,17,2,7998
9438,2025-07-04,2,18,2,3598
9439,2025-07-04,2,19,8,151992
9440,2025-07-04,2,21,5,12495
9441,2025-07-04,2,22,6,32994
9442,2025-07-04,2,23,3,14997
9443,2025-07-04,2,24,1,3499
9444,2025-07-04,2,25,10,49990
9445,2025-07-04,2,26,3,59997
9446,2025-07-04,2,27,1,1299
9447,2025-07-04,2,28,2,3598
9448,2025-07-04,2,29,7,17493
9449,2025-07-04,2,30,7,27993
9450,2025-07-04,2,31,7,13993
9451,2025-07-04,2,32,7,62993
9452,2025-07-04,2,33,3,38997
9453,2025-07-04,2,34,2,37998
9454,2025-07-04,2,35,1,2999
9455,2025-07-04,2,36,6,8994
9456,2025-07-04,2,37,1,2299
9457,2025-07-04,2,38,4,35996
9458,2025-07-04,2,39,9,31491
9459,2025-07-04,2,40,4,2396
9460,2025-07-04,2,41,6,14994
9461,2025-07-04,2,43,1,1999
9462,2025-07-04,2,44,2,2598
9463,2025-07-04,2,46,2,1598
9464,2025-07-04,2,47,1,3499
9465,2025-07-04,2,48,2,7998
9466,2025-07-04,2,49,3,7497
9467,2025-07-04,2,50,2,2598
9468,2025-07-04,2,51,3,1497
9469,2025-07-04,2,52,1,1999
9470,2025-07-04,2,53,1,899
9471,2025-07-04,2,54,6,3594
9472,2025-07-04,2,55,4,3596
9473,2025-07-04,2,56,6,4194
9474,2025-07-04,3,1,2,5998
9475,2025-07-04,3,3,2,9998
9476,2025-07-04,3,4,1,1499
9477,2025-07-04,3,5,10,12990
9478,2025-07-04,3,6,1,899
9479,2025-07-04,3,7,8,63992
9480,2025-07-04,3,9,2,1198
9481,2025-07-04,3,11,2,4998
9482,2025-07-04,3,12,3,1197
9483,2025-07-04,3,14,1,299
9484,2025-07-04,3,15,5,24995
9485,2025-07-04,3,16,4,3196
9486,2025-07-04,3,17,1,3999
9487,2025-07-04,3,18,1,1799
9488,2025-07-04,3,19,4,75996
9489,2025-07-04,3,21,6,14994
9490,2025-07-04,3,22,6,32994
9491,2025-07-04,3,23,2,9998
9492,2025-07-04,3,24,2,6998
9493,2025-07-04,3,25,7,34993
9494,2025-07-04,3,26,2,39998
9495,2025-07-04,3,28,1,1799
9496,2025-07-04,3,29,7,17493
9497,2025-07-04,3,30,4,15996
9498,2025-07-04,3,31,8,15992
9499,2025-07-04,3,32,8,71992
9500,2025-07-04,3,33,3,38997
9501,2025-07-04,3,34,8,151992
9502,2025-07-04,3,35,2,5998
9503,2025-07-04,3,36,6,8994
9504,2025-07-04,3,37,6,13794
9505,2025-07-04,3,38,4,35996
9506,2025-07-04,3,39,3,10497
9507,2025-07-04,3,40,3,1797
9508,2025-07-04,3,41,6,14994
9509,2025-07-04,3,43,1,1999
9510,2025-07-04,3,44,1,1299
9511,2025-07-04,3,46,1,799
9512,2025-07-04,3,47,1,3499
9513,2025-07-04,3,48,3,11997
9514,2025-07-04,3,49,5,12495
9515,2025-07-04,3,50,4,5196
9516,2025-07-04,3,51,1,499
9517,2025-07-04,3,53,2,1798
9518,2025-07-04,3,54,5,2995
9519,2025-07-04,3,55,8,7192
9520,2025-07-04,3,56,1,699
9521,2025-07-04,4,1,11,32989
9522,2025-07-04,4,3,5,24995
9523,2025-07-04,4,4,2,2998
9524,2025-07-04,4,5,8,10392
9525,2025-07-04,4,6,2,1798
9526,2025-07-04,4,7,8,63992
9527,2025-07-04,4,8,1,15999
9528,2025-07-04,4,9,3,1797
9529,2025-07-04,4,10,1,299
9530,2025-07-04,4,11,1,2499
9531,2025-07-04,4,12,5,1995
9532,2025-07-04,4,14,2,598
9533,2025-07-04,4,15,7,34993
9534,2025-07-04,4,16,3,2397
9535,2025-07-04,4,17,2,7998
9536,2025-07-04,4,18,6,10794
9537,2025-07-04,4,19,5,94995
9538,2025-07-04,4,21,10,24990
9539,2025-07-04,4,22,7,38493
9540,2025-07-04,4,23,2,9998
9541,2025-07-04,4,24,2,6998
9542,2025-07-04,4,25,13,64987
9543,2025-07-04,4,26,2,39998
9544,2025-07-04,4,27,2,2598
9545,2025-07-04,4,28,1,1799
9546,2025-07-04,4,29,14,34986
9547,2025-07-04,4,30,7,27993
9548,2025-07-04,4,31,8,15992
9549,2025-07-04,4,32,9,80991
9550,2025-07-04,4,33,6,77994
9551,2025-07-04,4,34,7,132993
9552,2025-07-04,4,35,6,17994
9553,2025-07-04,4,36,5,7495
9554,2025-07-04,4,37,4,9196
9555,2025-07-04,4,38,6,53994
9556,2025-07-04,4,39,10,34990
9557,2025-07-04,4,40,10,5990
9558,2025-07-04,4,41,5,12495
9559,2025-07-04,4,42,1,1799
9560,2025-07-04,4,43,3,5997
9561,2025-07-04,4,44,2,2598
9562,2025-07-04,4,45,2,9998
9563,2025-07-04,4,46,3,2397
9564,2025-07-04,4,47,2,6998
9565,2025-07-04,4,48,4,15996
9566,2025-07-04,4,49,6,14994
9567,2025-07-04,4,50,3,3897
9568,2025-07-04,4,51,5,2495
9569,2025-07-04,4,52,3,5997
9570,2025-07-04,4,53,2,1798
9571,2025-07-04,4,54,5,2995
9572,2025-07-04,4,55,1,899
9573,2025-07-04,4,56,8,5592
9574,2025-07-04,5,1,4,11996
9575,2025-07-04,5,3,1,4999
9576,2025-07-04,5,4,1,1499
9577,2025-07-04,5,5,9,11691
9578,2025-07-04,5,6,1,899
9579,2025-07-04,5,7,4,31996
9580,2025-07-04,5,9,4,2396
9581,2025-07-04,5,11,2,4998
9582,2025-07-04,5,12,3,1197
9583,2025-07-04,5,14,1,299
9584,2025-07-04,5,15,2,9998
9585,2025-07-04,5,16,3,2397
9586,2025-07-04,5,17,1,3999
9587,2025-07-04,5,18,3,5397
9588,2025-07-04,5,19,6,113994
9589,2025-07-04,5,21,7,17493
9590,2025-07-04,5,22,6,32994
9591,2025-07-04,5,23,3,14997
9592,2025-07-04,5,24,1,3499
9593,2025-07-04,5,25,7,34993
9594,2025-07-04,5,26,2,39998
9595,2025-07-04,5,27,1,1299
9596,2025-07-04,5,28,1,1799
9597,2025-07-04,5,29,7,17493
9598,2025-07-04,5,30,5,19995
9599,2025-07-04,5,31,10,19990
9600,2025-07-04,5,32,7,62993
9601,2025-07-04,5,33,1,12999
9602,2025-07-04,5,34,6,113994
9603,2025-07-04,5,35,1,2999
9604,2025-07-04,5,36,4,5996
9605,2025-07-04,5,37,5,11495
9606,2025-07-04,5,38,3,26997
9607,2025-07-04,5,39,4,13996
9608,2025-07-04,5,40,2,1198
9609,2025-07-04,5,41,4,9996
9610,2025-07-04,5,43,1,1999
9611,2025-07-04,5,44,2,2598
9612,2025-07-04,5,45,1,4999
9613,2025-07-04,5,46,2,1598
9614,2025-07-04,5,47,1,3499
9615,2025-07-04,5,48,2,7998
9616,2025-07-04,5,49,1,2499
9617,2025-07-04,5,50,2,2598
9618,2025-07-04,5,51,3,1497
9619,2025-07-04,5,52,1,1999
9620,2025-07-04,5,53,2,1798
9621,2025-07-04,5,54,6,3594
9622,2025-07-04,5,55,3,2697
9623,2025-07-04,5,56,5,3495
9624,2025-07-04,6,1,5,14995
9625,2025-07-04,6,3,1,4999
9626,2025-07-04,6,5,13,16887
9627,2025-07-04,6,6,1,899
9628,2025-07-04,6,7,4,31996
9629,2025-07-04,6,8,1,15999
9630,2025-07-04,6,9,4,2396
9631,2025-07-04,6,10,1,299
9632,2025-07-04,6,11,2,4998
9633,2025-07-04,6,12,2,798
9634,2025-07-04,6,14,2,598
9635,2025-07-04,6,15,5,24995
9636,2025-07-04,6,16,5,3995
9637,2025-07-04,6,17,1,3999
9638,2025-07-04,6,18,4,7196
9639,2025-07-04,6,19,7,132993
9640,2025-07-04,6,21,5,12495
9641,2025-07-04,6,22,4,21996
9642,2025-07-04,6,23,1,4999
9643,2025-07-04,6,24,1,3499
9644,2025-07-04,6,25,10,49990
9645,2025-07-04,6,26,4,79996
9646,2025-07-04,6,29,7,17493
9647,2025-07-04,6,30,6,23994
9648,2025-07-04,6,31,7,13993
9649,2025-07-04,6,32,9,80991
9650,2025-07-04,6,33,2,25998
9651,2025-07-04,6,34,3,56997
9652,2025-07-04,6,35,1,2999
9653,2025-07-04,6,36,5,7495
9654,2025-07-04,6,37,11,25289
9655,2025-07-04,6,38,1,8999
9656,2025-07-04,6,39,5,17495
9657,2025-07-04,6,40,4,2396
9658,2025-07-04,6,41,9,22491
9659,2025-07-04,6,43,2,3998
9660,2025-07-04,6,44,2,2598
9661,2025-07-04,6,45,1,4999
9662,2025-07-04,6,46,1,799
9663,2025-07-04,6,47,1,3499
9664,2025-07-04,6,48,3,11997
9665,2025-07-04,6,49,5,12495
9666,2025-07-04,6,50,6,7794
9667,2025-07-04,6,51,3,1497
9668,2025-07-04,6,52,1,1999
9669,2025-07-04,6,53,1,899
9670,2025-07-04,6,54,11,6589
9671,2025-07-04,6,55,4,3596
9672,2025-07-04,6,56,9,6291
9673,2025-07-05,1,1,24,71976
9674,2025-07-05,1,3,3,14997
9675,2025-07-05,1,4,3,4497
9676,2025-07-05,1,5,19,24681
9677,2025-07-05,1,6,2,1798
9678,2025-07-05,1,7,7,55993
9679,2025-07-05,1,8,1,15999
9680,2025-07-05,1,9,8,4792
9681,2025-07-05,1,11,2,4998
9682,2025-07-05,1,12,6,2394
9683,2025-07-05,1,13,1,499
9684,2025-07-05,1,14,3,897
9685,2025-07-05,1,15,6,29994
9686,2025-07-05,1,16,7,5593
9687,2025-07-05,1,17,3,11997
9688,2025-07-05,1,18,1,1799
9689,2025-07-05,1,19,8,151992
9690,2025-07-05,1,21,11,27489
9691,2025-07-05,1,22,11,60489
9692,2025-07-05,1,23,2,9998
9693,2025-07-05,1,24,1,3499
9694,2025-07-05,1,25,9,44991
9695,2025-07-05,1,26,2,39998
9696,2025-07-05,1,27,1,1299
9697,2025-07-05,1,28,1,1799
9698,2025-07-05,1,29,15,37485
9699,2025-07-05,1,30,14,55986
9700,2025-07-05,1,31,10,19990
9701,2025-07-05,1,32,7,62993
9702,2025-07-05,1,33,7,90993
9703,2025-07-05,1,34,12,227988
9704,2025-07-05,1,35,5,14995
9705,2025-07-05,1,36,3,4497
9706,2025-07-05,1,37,10,22990
9707,2025-07-05,1,38,9,80991
9708,2025-07-05,1,39,10,34990
9709,2025-07-05,1,40,5,2995
9710,2025-07-05,1,41,9,22491
9711,2025-07-05,1,42,1,1799
9712,2025-07-05,1,43,4,7996
9713,2025-07-05,1,44,1,1299
9714,2025-07-05,1,45,1,4999
9715,2025-07-05,1,46,2,1598
9716,2025-07-05,1,47,1,3499
9717,2025-07-05,1,48,2,7998
9718,2025-07-05,1,49,8,19992
9719,2025-07-05,1,50,3,3897
9720,2025-07-05,1,51,5,2495
9721,2025-07-05,1,52,2,3998
9722,2025-07-05,1,53,1,899
9723,2025-07-05,1,54,9,5391
9724,2025-07-05,1,55,11,9889
9725,2025-07-05,1,56,10,6990
9726,2025-07-05,2,1,7,20993
9727,2025-07-05,2,3,3,14997
9728,2025-07-05,2,4,3,4497
9729,2025-07-05,2,5,21,27279
9730,2025-07-05,2,6,3,2697
9731,2025-07-05,2,7,12,95988
9732,2025-07-05,2,8,1,15999
9733,2025-07-05,2,9,3,1797
9734,2025-07-05,2,11,2,4998
9735,2025-07-05,2,12,6,2394
9736,2025-07-05,2,13,1,499
9737,2025-07-05,2,14,2,598
9738,2025-07-05,2,15,4,19996
9739,2025-07-05,2,16,6,4794
9740,2025-07-05,2,17,4,15996
9741,2025-07-05,2,18,12,21588
9742,2025-07-05,2,19,7,132993
9743,2025-07-05,2,21,9,22491
9744,2025-07-05,2,22,12,65988
9745,2025-07-05,2,23,1,4999
9746,2025-07-05,2,24,2,6998
9747,2025-07-05,2,25,17,84983
9748,2025-07-05,2,26,5,99995
9749,2025-07-05,2,27,1,1299
9750,2025-07-05,2,28,2,3598
9751,2025-07-05,2,29,9,22491
9752,2025-07-05,2,30,4,15996
9753,2025-07-05,2,31,7,13993
9754,2025-07-05,2,32,5,44995
9755,2025-07-05,2,33,6,77994
9756,2025-07-05,2,34,12,227988
9757,2025-07-05,2,35,5,14995
9758,2025-07-05,2,36,6,8994
9759,2025-07-05,2,37,14,32186
9760,2025-07-05,2,38,5,44995
9761,2025-07-05,2,39,6,20994
9762,2025-07-05,2,40,5,2995
9763,2025-07-05,2,41,7,17493
9764,2025-07-05,2,42,1,1799
9765,2025-07-05,2,43,1,1999
9766,2025-07-05,2,44,3,3897
9767,2025-07-05,2,45,1,4999
9768,2025-07-05,2,46,4,3196
9769,2025-07-05,2,48,3,11997
9770,2025-07-05,2,49,6,14994
9771,2025-07-05,2,50,2,2598
9772,2025-07-05,2,51,5,2495
9773,2025-07-05,2,52,4,7996
9774,2025-07-05,2,53,5,4495
9775,2025-07-05,2,54,9,5391
9776,2025-07-05,2,55,6,5394
9777,2025-07-05,2,56,8,5592
9778,2025-07-05,3,1,8,23992
9779,2025-07-05,3,3,3,14997
9780,2025-07-05,3,4,2,2998
9781,2025-07-05,3,5,19,24681
9782,2025-07-05,3,6,2,1798
9783,2025-07-05,3,7,13,103987
9784,2025-07-05,3,8,1,15999
9785,2025-07-05,3,9,3,1797
9786,2025-07-05,3,11,2,4998
9787,2025-07-05,3,12,3,1197
9788,2025-07-05,3,14,3,897
9789,2025-07-05,3,15,6,29994
9790,2025-07-05,3,16,5,3995
9791,2025-07-05,3,17,1,3999
9792,2025-07-05,3,18,5,8995
9793,2025-07-05,3,19,9,170991
9794,2025-07-05,3,21,8,19992
9795,2025-07-05,3,22,8,43992
9796,2025-07-05,3,23,3,14997
9797,2025-07-05,3,24,1,3499
9798,2025-07-05,3,25,9,44991
9799,2025-07-05,3,26,4,79996
9800,2025-07-05,3,29,6,14994
9801,2025-07-05,3,30,5,19995
9802,2025-07-05,3,31,7,13993
9803,2025-07-05,3,32,8,71992
9804,2025-07-05,3,33,5,64995
9805,2025-07-05,3,34,12,227988
9806,2025-07-05,3,35,3,8997
9807,2025-07-05,3,36,3,4497
9808,2025-07-05,3,37,6,13794
9809,2025-07-05,3,38,5,44995
9810,2025-07-05,3,39,7,24493
9811,2025-07-05,3,40,4,2396
9812,2025-07-05,3,41,2,4998
9813,2025-07-05,3,42,1,1799
9814,2025-07-05,3,43,1,1999
9815,2025-07-05,3,44,4,5196
9816,2025-07-05,3,46,3,2397
9817,2025-07-05,3,47,2,6998
9818,2025-07-05,3,48,1,3999
9819,2025-07-05,3,49,7,17493
9820,2025-07-05,3,50,5,6495
9821,2025-07-05,3,51,5,2495
9822,2025-07-05,3,52,2,3998
9823,2025-07-05,3,53,1,899
9824,2025-07-05,3,54,5,2995
9825,2025-07-05,3,55,8,7192
9826,2025-07-05,3,56,5,3495
9827,2025-07-05,4,1,9,26991
9828,2025-07-05,4,3,6,29994
9829,2025-07-05,4,4,3,4497
9830,2025-07-05,4,5,15,19485
9831,2025-07-05,4,6,2,1798
9832,2025-07-05,4,7,16,127984
9833,2025-07-05,4,8,1,15999
9834,2025-07-05,4,9,7,4193
9835,2025-07-05,4,10,1,299
9836,2025-07-05,4,11,2,4998
9837,2025-07-05,4,12,5,1995
9838,2025-07-05,4,13,1,499
9839,2025-07-05,4,14,3,897
9840,2025-07-05,4,15,9,44991
9841,2025-07-05,4,16,6,4794
9842,2025-07-05,4,17,1,3999
9843,2025-07-05,4,18,7,12593
9844,2025-07-05,4,19,9,170991
9845,2025-07-05,4,21,7,17493
9846,2025-07-05,4,22,9,49491
9847,2025-07-05,4,23,5,24995
9848,2025-07-05,4,24,2,6998
9849,2025-07-05,4,25,21,104979
9850,2025-07-05,4,26,6,119994
9851,2025-07-05,4,27,2,2598
9852,2025-07-05,4,28,1,1799
9853,2025-07-05,4,29,10,24990
9854,2025-07-05,4,30,10,39990
9855,2025-07-05,4,31,19,37981
9856,2025-07-05,4,32,14,125986
9857,2025-07-05,4,33,7,90993
9858,2025-07-05,4,34,14,265986
9859,2025-07-05,4,35,7,20993
9860,2025-07-05,4,36,10,14990
9861,2025-07-05,4,37,9,20691
9862,2025-07-05,4,38,9,80991
9863,2025-07-05,4,39,14,48986
9864,2025-07-05,4,40,8,4792
9865,2025-07-05,4,41,9,22491
9866,2025-07-05,4,42,1,1799
9867,2025-07-05,4,43,3,5997
9868,2025-07-05,4,44,3,3897
9869,2025-07-05,4,45,1,4999
9870,2025-07-05,4,46,5,3995
9871,2025-07-05,4,47,3,10497
9872,2025-07-05,4,48,3,11997
9873,2025-07-05,4,49,9,22491
9874,2025-07-05,4,50,6,7794
9875,2025-07-05,4,51,4,1996
9876,2025-07-05,4,52,3,5997
9877,2025-07-05,4,53,4,3596
9878,2025-07-05,4,54,16,9584
9879,2025-07-05,4,56,5,3495
9880,2025-07-05,5,1,6,17994
9881,2025-07-05,5,3,2,9998
9882,2025-07-05,5,4,3,4497
9883,2025-07-05,5,5,9,11691
9884,2025-07-05,5,6,2,1798
9885,2025-07-05,5,7,11,87989
9886,2025-07-05,5,8,1,15999
9887,2025-07-05,5,9,3,1797
9888,2025-07-05,5,11,2,4998
9889,2025-07-05,5,12,5,1995
9890,2025-07-05,5,14,3,897
9891,2025-07-05,5,15,6,29994
9892,2025-07-05,5,16,7,5593
9893,2025-07-05,5,17,1,3999
9894,2025-07-05,5,18,5,8995
9895,2025-07-05,5,19,7,132993
9896,2025-07-05,5,21,5,12495
9897,2025-07-05,5,22,8,43992
9898,2025-07-05,5,23,1,4999
9899,2025-07-05,5,24,1,3499
9900,2025-07-05,5,25,6,29994
9901,2025-07-05,5,26,3,59997
9902,2025-07-05,5,27,1,1299
9903,2025-07-05,5,28,1,1799
9904,2025-07-05,5,29,4,9996
9905,2025-07-05,5,30,6,23994
9906,2025-07-05,5,31,8,15992
9907,2025-07-05,5,32,9,80991
9908,2025-07-05,5,33,4,51996
9909,2025-07-05,5,34,8,151992
9910,2025-07-05,5,35,3,8997
9911,2025-07-05,5,36,3,4497
9912,2025-07-05,5,37,8,18392
9913,2025-07-05,5,38,3,26997
9914,2025-07-05,5,39,6,20994
9915,2025-07-05,5,40,5,2995
9916,2025-07-05,5,43,2,3998
9917,2025-07-05,5,44,3,3897
9918,2025-07-05,5,45,1,4999
9919,2025-07-05,5,46,2,1598
9920,2025-07-05,5,47,1,3499
9921,2025-07-05,5,48,2,7998
9922,2025-07-05,5,49,5,12495
9923,2025-07-05,5,50,1,1299
9924,2025-07-05,5,51,3,1497
9925,2025-07-05,5,52,2,3998
9926,2025-07-05,5,53,1,899
9927,2025-07-05,5,54,8,4792
9928,2025-07-05,5,55,8,7192
9929,2025-07-05,5,56,6,4194
9930,2025-07-05,6,1,4,11996
9931,2025-07-05,6,2,1,1999
9932,2025-07-05,6,3,2,9998
9933,2025-07-05,6,4,2,2998
9934,2025-07-05,6,5,20,25980
9935,2025-07-05,6,6,1,899
9936,2025-07-05,6,7,15,119985
9937,2025-07-05,6,8,1,15999
9938,2025-07-05,6,9,6,3594
9939,2025-07-05,6,10,1,299
9940,2025-07-05,6,11,3,7497
9941,2025-07-05,6,12,9,3591
9942,2025-07-05,6,13,1,499
9943,2025-07-05,6,14,2,598
9944,2025-07-05,6,15,8,39992
9945,2025-07-05,6,16,4,3196
9946,2025-07-05,6,17,2,7998
9947,2025-07-05,6,18,5,8995
9948,2025-07-05,6,19,7,132993
9949,2025-07-05,6,21,9,22491
9950,2025-07-05,6,22,9,49491
9951,2025-07-05,6,23,5,24995
9952,2025-07-05,6,25,11,54989
9953,2025-07-05,6,26,6,119994
9954,2025-07-05,6,27,1,1299
9955,2025-07-05,6,28,2,3598
9956,2025-07-05,6,29,17,42483
9957,2025-07-05,6,30,11,43989
9958,2025-07-05,6,31,8,15992
9959,2025-07-05,6,32,16,143984
9960,2025-07-05,6,33,7,90993
9961,2025-07-05,6,34,10,189990
9962,2025-07-05,6,35,3,8997
9963,2025-07-05,6,36,6,8994
9964,2025-07-05,6,37,8,18392
9965,2025-07-05,6,38,10,89990
9966,2025-07-05,6,39,8,27992
9967,2025-07-05,6,40,6,3594
9968,2025-07-05,6,41,5,12495
9969,2025-07-05,6,42,1,1799
9970,2025-07-05,6,43,2,3998
9971,2025-07-05,6,44,4,5196
9972,2025-07-05,6,45,1,4999
9973,2025-07-05,6,46,3,2397
9974,2025-07-05,6,47,1,3499
9975,2025-07-05,6,48,2,7998
9976,2025-07-05,6,49,5,12495
9977,2025-07-05,6,50,5,6495
9978,2025-07-05,6,51,3,1497
9979,2025-07-05,6,52,2,3998
9980,2025-07-05,6,53,1,899
9981,2025-07-05,6,54,7,4193
9982,2025-07-05,6,55,10,8990
9983,2025-07-05,6,56,9,6291
9984,2025-07-06,1,1,18,53982
9985,2025-07-06,1,2,1,1999
9986,2025-07-06,1,3,2,9998
9987,2025-07-06,1,4,4,5996
9988,2025-07-06,1,5,25,32475
9989,2025-07-06,1,6,2,1798
9990,2025-07-06,1,7,7,55993
9991,2025-07-06,1,8,2,31998
9992,2025-07-06,1,9,3,1797
9993,2025-07-06,1,11,2,4998
9994,2025-07-06,1,12,5,1995
9995,2025-07-06,1,13,1,499
9996,2025-07-06,1,14,4,1196
9997,2025-07-06,1,15,10,49990
9998,2025-07-06,1,16,5,3995
9999,2025-07-06,1,17,2,7998
10000,2025-07-06,1,18,8,14392
10001,2025-07-06,1,19,8,151992
10002,2025-07-06,1,21,8,19992
10003,2025-07-06,1,22,8,43992
10004,2025-07-06,1,23,5,24995
10005,2025-07-06,1,24,2,6998
10006,2025-07-06,1,25,14,69986
10007,2025-07-06,1,26,2,39998
10008,2025-07-06,1,27,3,3897
10009,2025-07-06,1,28,2,3598
10010,2025-07-06,1,29,8,19992
10011,2025-07-06,1,30,8,31992
10012,2025-07-06,1,31,13,25987
10013,2025-07-06,1,32,13,116987
10014,2025-07-06,1,33,6,77994
10015,2025-07-06,1,34,9,170991
10016,2025-07-06,1,35,4,11996
10017,2025-07-06,1,36,5,7495
10018,2025-07-06,1,37,12,27588
10019,2025-07-06,1,38,9,80991
10020,2025-07-06,1,39,13,45487
10021,2025-07-06,1,40,4,2396
10022,2025-07-06,1,41,9,22491
10023,2025-07-06,1,43,3,5997
10024,2025-07-06,1,44,4,5196
10025,2025-07-06,1,45,2,9998
10026,2025-07-06,1,46,2,1598
10027,2025-07-06,1,47,1,3499
10028,2025-07-06,1,48,3,11997
10029,2025-07-06,1,49,5,12495
10030,2025-07-06,1,50,4,5196
10031,2025-07-06,1,51,5,2495
10032,2025-07-06,1,52,4,7996
10033,2025-07-06,1,53,3,2697
10034,2025-07-06,1,54,11,6589
10035,2025-07-06,1,55,11,9889
10036,2025-07-06,1,56,11,7689
10037,2025-07-06,2,1,8,23992
10038,2025-07-06,2,3,1,4999
10039,2025-07-06,2,4,2,2998
10040,2025-07-06,2,5,14,18186
10041,2025-07-06,2,6,1,899
10042,2025-07-06,2,7,9,71991
10043,2025-07-06,2,8,1,15999
10044,2025-07-06,2,9,4,2396
10045,2025-07-06,2,10,1,299
10046,2025-07-06,2,11,4,9996
10047,2025-07-06,2,12,5,1995
10048,2025-07-06,2,14,3,897
10049,2025-07-06,2,15,8,39992
10050,2025-07-06,2,16,6,4794
10051,2025-07-06,2,17,3,11997
10052,2025-07-06,2,18,7,12593
10053,2025-07-06,2,19,11,208989
10054,2025-07-06,2,20,1,1299
10055,2025-07-06,2,21,15,37485
10056,2025-07-06,2,22,8,43992
10057,2025-07-06,2,23,3,14997
10058,2025-07-06,2,24,2,6998
10059,2025-07-06,2,25,12,59988
10060,2025-07-06,2,26,6,119994
10061,2025-07-06,2,27,2,2598
10062,2025-07-06,2,28,1,1799
10063,2025-07-06,2,29,9,22491
10064,2025-07-06,2,30,5,19995
10065,2025-07-06,2,31,12,23988
10066,2025-07-06,2,32,6,53994
10067,2025-07-06,2,33,6,77994
10068,2025-07-06,2,34,5,94995
10069,2025-07-06,2,35,4,11996
10070,2025-07-06,2,36,4,5996
10071,2025-07-06,2,37,12,27588
10072,2025-07-06,2,38,5,44995
10073,2025-07-06,2,39,11,38489
10074,2025-07-06,2,40,7,4193
10075,2025-07-06,2,41,6,14994
10076,2025-07-06,2,42,1,1799
10077,2025-07-06,2,43,2,3998
10078,2025-07-06,2,44,4,5196
10079,2025-07-06,2,45,2,9998
10080,2025-07-06,2,46,3,2397
10081,2025-07-06,2,48,3,11997
10082,2025-07-06,2,49,6,14994
10083,2025-07-06,2,50,5,6495
10084,2025-07-06,2,51,4,1996
10085,2025-07-06,2,52,1,1999
10086,2025-07-06,2,53,4,3596
10087,2025-07-06,2,54,3,1797
10088,2025-07-06,2,55,6,5394
10089,2025-07-06,2,56,6,4194
10090,2025-07-06,3,1,6,17994
10091,2025-07-06,3,3,3,14997
10092,2025-07-06,3,4,4,5996
10093,2025-07-06,3,5,17,22083
10094,2025-07-06,3,6,1,899
10095,2025-07-06,3,7,6,47994
10096,2025-07-06,3,9,5,2995
10097,2025-07-06,3,11,3,7497
10098,2025-07-06,3,12,3,1197
10099,2025-07-06,3,14,1,299
10100,2025-07-06,3,15,5,24995
10101,2025-07-06,3,16,5,3995
10102,2025-07-06,3,17,3,11997
10103,2025-07-06,3,18,5,8995
10104,2025-07-06,3,19,7,132993
10105,2025-07-06,3,21,8,19992
10106,2025-07-06,3,22,8,43992
10107,2025-07-06,3,23,4,19996
10108,2025-07-06,3,24,1,3499
10109,2025-07-06,3,25,4,19996
10110,2025-07-06,3,26,1,19999
10111,2025-07-06,3,27,1,1299
10112,2025-07-06,3,28,1,1799
10113,2025-07-06,3,29,14,34986
10114,2025-07-06,3,30,4,15996
10115,2025-07-06,3,31,8,15992
10116,2025-07-06,3,32,5,44995
10117,2025-07-06,3,33,4,51996
10118,2025-07-06,3,34,5,94995
10119,2025-07-06,3,35,2,5998
10120,2025-07-06,3,36,3,4497
10121,2025-07-06,3,37,4,9196
10122,2025-07-06,3,38,8,71992
10123,2025-07-06,3,39,7,24493
10124,2025-07-06,3,40,4,2396
10125,2025-07-06,3,41,8,19992
10126,2025-07-06,3,43,1,1999
10127,2025-07-06,3,44,4,5196
10128,2025-07-06,3,45,1,4999
10129,2025-07-06,3,46,2,1598
10130,2025-07-06,3,48,2,7998
10131,2025-07-06,3,49,4,9996
10132,2025-07-06,3,50,3,3897
10133,2025-07-06,3,51,4,1996
10134,2025-07-06,3,52,2,3998
10135,2025-07-06,3,53,2,1798
10136,2025-07-06,3,54,11,6589
10137,2025-07-06,3,55,8,7192
10138,2025-07-06,3,56,5,3495
10139,2025-07-06,4,1,10,29990
10140,2025-07-06,4,2,1,1999
10141,2025-07-06,4,3,4,19996
10142,2025-07-06,4,4,3,4497
10143,2025-07-06,4,5,15,19485
10144,2025-07-06,4,6,2,1798
10145,2025-07-06,4,7,14,111986
10146,2025-07-06,4,8,2,31998
10147,2025-07-06,4,9,7,4193
10148,2025-07-06,4,10,1,299
10149,2025-07-06,4,11,4,9996
10150,2025-07-06,4,12,9,3591
10151,2025-07-06,4,13,1,499
10152,2025-07-06,4,14,2,598
10153,2025-07-06,4,15,9,44991
10154,2025-07-06,4,16,5,3995
10155,2025-07-06,4,17,3,11997
10156,2025-07-06,4,18,8,14392
10157,2025-07-06,4,19,12,227988
10158,2025-07-06,4,21,7,17493
10159,2025-07-06,4,22,10,54990
10160,2025-07-06,4,23,5,24995
10161,2025-07-06,4,24,1,3499
10162,2025-07-06,4,25,21,104979
10163,2025-07-06,4,26,6,119994
10164,2025-07-06,4,27,2,2598
10165,2025-07-06,4,28,2,3598
10166,2025-07-06,4,29,10,24990
10167,2025-07-06,4,30,2,7998
10168,2025-07-06,4,31,8,15992
10169,2025-07-06,4,32,7,62993
10170,2025-07-06,4,33,8,103992
10171,2025-07-06,4,34,10,189990
10172,2025-07-06,4,35,6,17994
10173,2025-07-06,4,36,7,10493
10174,2025-07-06,4,37,17,39083
10175,2025-07-06,4,38,11,98989
10176,2025-07-06,4,39,10,34990
10177,2025-07-06,4,40,8,4792
10178,2025-07-06,4,41,10,24990
10179,2025-07-06,4,42,1,1799
10180,2025-07-06,4,43,4,7996
10181,2025-07-06,4,44,4,5196
10182,2025-07-06,4,45,1,4999
10183,2025-07-06,4,46,3,2397
10184,2025-07-06,4,47,2,6998
10185,2025-07-06,4,48,5,19995
10186,2025-07-06,4,49,8,19992
10187,2025-07-06,4,50,2,2598
10188,2025-07-06,4,51,3,1497
10189,2025-07-06,4,52,3,5997
10190,2025-07-06,4,53,1,899
10191,2025-07-06,4,54,14,8386
10192,2025-07-06,4,55,9,8091
10193,2025-07-06,4,56,10,6990
10194,2025-07-06,5,1,4,11996
10195,2025-07-06,5,3,1,4999
10196,2025-07-06,5,4,2,2998
10197,2025-07-06,5,5,16,20784
10198,2025-07-06,5,6,1,899
10199,2025-07-06,5,7,5,39995
10200,2025-07-06,5,8,1,15999
10201,2025-07-06,5,9,2,1198
10202,2025-07-06,5,11,3,7497
10203,2025-07-06,5,12,3,1197
10204,2025-07-06,5,15,4,19996
10205,2025-07-06,5,16,6,4794
10206,2025-07-06,5,17,1,3999
10207,2025-07-06,5,18,5,8995
10208,2025-07-06,5,19,6,113994
10209,2025-07-06,5,21,2,4998
10210,2025-07-06,5,22,7,38493
10211,2025-07-06,5,23,5,24995
10212,2025-07-06,5,24,1,3499
10213,2025-07-06,5,25,6,29994
10214,2025-07-06,5,26,2,39998
10215,2025-07-06,5,27,1,1299
10216,2025-07-06,5,28,2,3598
10217,2025-07-06,5,29,7,17493
10218,2025-07-06,5,30,4,15996
10219,2025-07-06,5,31,11,21989
10220,2025-07-06,5,32,6,53994
10221,2025-07-06,5,33,3,38997
10222,2025-07-06,5,34,10,189990
10223,2025-07-06,5,35,3,8997
10224,2025-07-06,5,36,5,7495
10225,2025-07-06,5,37,10,22990
10226,2025-07-06,5,38,5,44995
10227,2025-07-06,5,39,6,20994
10228,2025-07-06,5,40,7,4193
10229,2025-07-06,5,41,4,9996
10230,2025-07-06,5,43,3,5997
10231,2025-07-06,5,44,3,3897
10232,2025-07-06,5,45,1,4999
10233,2025-07-06,5,46,1,799
10234,2025-07-06,5,48,3,11997
10235,2025-07-06,5,49,8,19992
10236,2025-07-06,5,50,2,2598
10237,2025-07-06,5,51,5,2495
10238,2025-07-06,5,52,2,3998
10239,2025-07-06,5,53,3,2697
10240,2025-07-06,5,54,8,4792
10241,2025-07-06,5,55,5,4495
10242,2025-07-06,5,56,2,1398
10243,2025-07-06,6,1,5,14995
10244,2025-07-06,6,3,3,14997
10245,2025-07-06,6,4,2,2998
10246,2025-07-06,6,5,18,23382
10247,2025-07-06,6,6,2,1798
10248,2025-07-06,6,7,12,95988
10249,2025-07-06,6,8,1,15999
10250,2025-07-06,6,9,4,2396
10251,2025-07-06,6,10,1,299
10252,2025-07-06,6,11,2,4998
10253,2025-07-06,6,12,5,1995
10254,2025-07-06,6,14,1,299
10255,2025-07-06,6,15,8,39992
10256,2025-07-06,6,16,3,2397
10257,2025-07-06,6,17,4,15996
10258,2025-07-06,6,18,12,21588
10259,2025-07-06,6,19,10,189990
10260,2025-07-06,6,21,4,9996
10261,2025-07-06,6,22,5,27495
10262,2025-07-06,6,23,6,29994
10263,2025-07-06,6,24,1,3499
10264,2025-07-06,6,25,12,59988
10265,2025-07-06,6,26,5,99995
10266,2025-07-06,6,27,2,2598
10267,2025-07-06,6,28,2,3598
10268,2025-07-06,6,29,14,34986
10269,2025-07-06,6,30,7,27993
10270,2025-07-06,6,31,9,17991
10271,2025-07-06,6,32,9,80991
10272,2025-07-06,6,33,4,51996
10273,2025-07-06,6,34,5,94995
10274,2025-07-06,6,35,6,17994
10275,2025-07-06,6,36,8,11992
10276,2025-07-06,6,37,9,20691
10277,2025-07-06,6,38,6,53994
10278,2025-07-06,6,39,9,31491
10279,2025-07-06,6,40,3,1797
10280,2025-07-06,6,41,6,14994
10281,2025-07-06,6,42,1,1799
10282,2025-07-06,6,43,2,3998
10283,2025-07-06,6,44,4,5196
10284,2025-07-06,6,45,1,4999
10285,2025-07-06,6,46,2,1598
10286,2025-07-06,6,47,1,3499
10287,2025-07-06,6,48,3,11997
10288,2025-07-06,6,49,9,22491
10289,2025-07-06,6,50,5,6495
10290,2025-07-06,6,51,5,2495
10291,2025-07-06,6,52,4,7996
10292,2025-07-06,6,53,3,2697
10293,2025-07-06,6,54,8,4792
10294,2025-07-06,6,55,7,6293
10295,2025-07-06,6,56,4,2796
10296,2025-07-07,1,1,15,44985
10297,2025-07-07,1,3,3,14997
10298,2025-07-07,1,4,2,2998
10299,2025-07-07,1,5,8,10392
10300,2025-07-07,1,6,1,899
10301,2025-07-07,1,7,5,39995
10302,2025-07-07,1,8,1,15999
10303,2025-07-07,1,9,4,2396
10304,2025-07-07,1,11,4,9996
10305,2025-07-07,1,12,3,1197
10306,2025-07-07,1,13,1,499
10307,2025-07-07,1,14,2,598
10308,2025-07-07,1,15,8,39992
10309,2025-07-07,1,16,8,6392
10310,2025-07-07,1,17,2,7998
10311,2025-07-07,1,18,5,8995
10312,2025-07-07,1,19,9,170991
10313,2025-07-07,1,21,6,14994
10314,2025-07-07,1,22,9,49491
10315,2025-07-07,1,23,3,14997
10316,2025-07-07,1,24,2,6998
10317,2025-07-07,1,25,14,69986
10318,2025-07-07,1,26,2,39998
10319,2025-07-07,1,27,1,1299
10320,2025-07-07,1,29,3,7497
10321,2025-07-07,1,30,7,27993
10322,2025-07-07,1,31,4,7996
10323,2025-07-07,1,32,10,89990
10324,2025-07-07,1,33,4,51996
10325,2025-07-07,1,34,8,151992
10326,2025-07-07,1,35,3,8997
10327,2025-07-07,1,36,2,2998
10328,2025-07-07,1,37,6,13794
10329,2025-07-07,1,38,5,44995
10330,2025-07-07,1,39,6,20994
10331,2025-07-07,1,40,3,1797
10332,2025-07-07,1,41,8,19992
10333,2025-07-07,1,43,2,3998
10334,2025-07-07,1,44,5,6495
10335,2025-07-07,1,45,1,4999
10336,2025-07-07,1,46,2,1598
10337,2025-07-07,1,47,1,3499
10338,2025-07-07,1,48,3,11997
10339,2025-07-07,1,49,6,14994
10340,2025-07-07,1,50,3,3897
10341,2025-07-07,1,51,5,2495
10342,2025-07-07,1,52,2,3998
10343,2025-07-07,1,53,3,2697
10344,2025-07-07,1,54,9,5391
10345,2025-07-07,1,55,7,6293
10346,2025-07-07,1,56,7,4893
10347,2025-07-07,2,1,3,8997
10348,2025-07-07,2,3,2,9998
10349,2025-07-07,2,4,1,1499
10350,2025-07-07,2,5,12,15588
10351,2025-07-07,2,6,1,899
10352,2025-07-07,2,7,6,47994
10353,2025-07-07,2,8,1,15999
10354,2025-07-07,2,9,2,1198
10355,2025-07-07,2,11,1,2499
10356,2025-07-07,2,12,6,2394
10357,2025-07-07,2,14,1,299
10358,2025-07-07,2,15,5,24995
10359,2025-07-07,2,16,6,4794
10360,2025-07-07,2,17,1,3999
10361,2025-07-07,2,18,4,7196
10362,2025-07-07,2,19,5,94995
10363,2025-07-07,2,21,7,17493
10364,2025-07-07,2,22,7,38493
10365,2025-07-07,2,23,1,4999
10366,2025-07-07,2,24,2,6998
10367,2025-07-07,2,25,11,54989
10368,2025-07-07,2,26,3,59997
10369,2025-07-07,2,27,1,1299
10370,2025-07-07,2,29,6,14994
10371,2025-07-07,2,30,4,15996
10372,2025-07-07,2,31,7,13993
10373,2025-07-07,2,32,4,35996
10374,2025-07-07,2,33,2,25998
10375,2025-07-07,2,34,3,56997
10376,2025-07-07,2,35,3,8997
10377,2025-07-07,2,36,2,2998
10378,2025-07-07,2,37,8,18392
10379,2025-07-07,2,38,4,35996
10380,2025-07-07,2,39,8,27992
10381,2025-07-07,2,40,3,1797
10382,2025-07-07,2,41,6,14994
10383,2025-07-07,2,42,1,1799
10384,2025-07-07,2,43,1,1999
10385,2025-07-07,2,44,3,3897
10386,2025-07-07,2,46,2,1598
10387,2025-07-07,2,47,1,3499
10388,2025-07-07,2,48,1,3999
10389,2025-07-07,2,49,6,14994
10390,2025-07-07,2,50,4,5196
10391,2025-07-07,2,51,6,2994
10392,2025-07-07,2,52,2,3998
10393,2025-07-07,2,53,2,1798
10394,2025-07-07,2,54,3,1797
10395,2025-07-07,2,55,4,3596
10396,2025-07-07,2,56,5,3495
10397,2025-07-07,3,1,3,8997
10398,2025-07-07,3,3,1,4999
10399,2025-07-07,3,4,2,2998
10400,2025-07-07,3,5,7,9093
10401,2025-07-07,3,6,1,899
10402,2025-07-07,3,7,5,39995
10403,2025-07-07,3,9,2,1198
10404,2025-07-07,3,11,1,2499
10405,2025-07-07,3,12,3,1197
10406,2025-07-07,3,14,2,598
10407,2025-07-07,3,15,6,29994
10408,2025-07-07,3,16,7,5593
10409,2025-07-07,3,18,5,8995
10410,2025-07-07,3,19,4,75996
10411,2025-07-07,3,21,4,9996
10412,2025-07-07,3,22,6,32994
10413,2025-07-07,3,23,3,14997
10414,2025-07-07,3,24,1,3499
10415,2025-07-07,3,25,6,29994
10416,2025-07-07,3,26,3,59997
10417,2025-07-07,3,28,1,1799
10418,2025-07-07,3,29,8,19992
10419,2025-07-07,3,30,7,27993
10420,2025-07-07,3,31,5,9995
10421,2025-07-07,3,32,7,62993
10422,2025-07-07,3,33,4,51996
10423,2025-07-07,3,34,7,132993
10424,2025-07-07,3,35,3,8997
10425,2025-07-07,3,36,6,8994
10426,2025-07-07,3,37,4,9196
10427,2025-07-07,3,38,6,53994
10428,2025-07-07,3,39,5,17495
10429,2025-07-07,3,40,3,1797
10430,2025-07-07,3,41,4,9996
10431,2025-07-07,3,43,1,1999
10432,2025-07-07,3,44,2,2598
10433,2025-07-07,3,45,1,4999
10434,2025-07-07,3,46,1,799
10435,2025-07-07,3,47,1,3499
10436,2025-07-07,3,48,3,11997
10437,2025-07-07,3,49,4,9996
10438,2025-07-07,3,50,1,1299
10439,2025-07-07,3,51,2,998
10440,2025-07-07,3,52,1,1999
10441,2025-07-07,3,53,1,899
10442,2025-07-07,3,54,5,2995
10443,2025-07-07,3,55,3,2697
10444,2025-07-07,3,56,3,2097
10445,2025-07-07,4,1,11,32989
10446,2025-07-07,4,3,2,9998
10447,2025-07-07,4,4,3,4497
10448,2025-07-07,4,5,11,14289
10449,2025-07-07,4,7,9,71991
10450,2025-07-07,4,9,1,599
10451,2025-07-07,4,10,1,299
10452,2025-07-07,4,11,2,4998
10453,2025-07-07,4,12,5,1995
10454,2025-07-07,4,13,1,499
10455,2025-07-07,4,14,3,897
10456,2025-07-07,4,15,8,39992
10457,2025-07-07,4,16,6,4794
10458,2025-07-07,4,17,5,19995
10459,2025-07-07,4,18,5,8995
10460,2025-07-07,4,19,8,151992
10461,2025-07-07,4,21,11,27489
10462,2025-07-07,4,22,8,43992
10463,2025-07-07,4,23,2,9998
10464,2025-07-07,4,24,4,13996
10465,2025-07-07,4,25,10,49990
10466,2025-07-07,4,26,6,119994
10467,2025-07-07,4,27,2,2598
10468,2025-07-07,4,28,1,1799
10469,2025-07-07,4,29,7,17493
10470,2025-07-07,4,30,9,35991
10471,2025-07-07,4,31,7,13993
10472,2025-07-07,4,32,11,98989
10473,2025-07-07,4,33,5,64995
10474,2025-07-07,4,34,8,151992
10475,2025-07-07,4,35,5,14995
10476,2025-07-07,4,36,6,8994
10477,2025-07-07,4,37,5,11495
10478,2025-07-07,4,38,3,26997
10479,2025-07-07,4,39,11,38489
10480,2025-07-07,4,40,4,2396
10481,2025-07-07,4,41,3,7497
10482,2025-07-07,4,42,1,1799
10483,2025-07-07,4,44,4,5196
10484,2025-07-07,4,45,1,4999
10485,2025-07-07,4,46,3,2397
10486,2025-07-07,4,47,1,3499
10487,2025-07-07,4,48,3,11997
10488,2025-07-07,4,49,5,12495
10489,2025-07-07,4,50,2,2598
10490,2025-07-07,4,51,4,1996
10491,2025-07-07,4,52,2,3998
10492,2025-07-07,4,53,4,3596
10493,2025-07-07,4,54,14,8386
10494,2025-07-07,4,55,8,7192
10495,2025-07-07,4,56,8,5592
10496,2025-07-07,5,1,5,14995
10497,2025-07-07,5,3,1,4999
10498,2025-07-07,5,4,1,1499
10499,2025-07-07,5,5,12,15588
10500,2025-07-07,5,6,1,899
10501,2025-07-07,5,7,6,47994
10502,2025-07-07,5,9,2,1198
10503,2025-07-07,5,11,1,2499
10504,2025-07-07,5,12,2,798
10505,2025-07-07,5,14,1,299
10506,2025-07-07,5,15,6,29994
10507,2025-07-07,5,16,3,2397
10508,2025-07-07,5,17,3,11997
10509,2025-07-07,5,18,5,8995
10510,2025-07-07,5,19,6,113994
10511,2025-07-07,5,21,5,12495
10512,2025-07-07,5,22,7,38493
10513,2025-07-07,5,23,1,4999
10514,2025-07-07,5,24,1,3499
10515,2025-07-07,5,25,9,44991
10516,2025-07-07,5,26,2,39998
10517,2025-07-07,5,27,1,1299
10518,2025-07-07,5,29,7,17493
10519,2025-07-07,5,30,2,7998
10520,2025-07-07,5,31,9,17991
10521,2025-07-07,5,32,5,44995
10522,2025-07-07,5,33,4,51996
10523,2025-07-07,5,34,6,113994
10524,2025-07-07,5,35,3,8997
10525,2025-07-07,5,36,2,2998
10526,2025-07-07,5,37,3,6897
10527,2025-07-07,5,38,2,17998
10528,2025-07-07,5,39,6,20994
10529,2025-07-07,5,40,3,1797
10530,2025-07-07,5,41,1,2499
10531,2025-07-07,5,43,1,1999
10532,2025-07-07,5,44,3,3897
10533,2025-07-07,5,45,1,4999
10534,2025-07-07,5,46,1,799
10535,2025-07-07,5,48,1,3999
10536,2025-07-07,5,49,3,7497
10537,2025-07-07,5,50,2,2598
10538,2025-07-07,5,51,3,1497
10539,2025-07-07,5,53,2,1798
10540,2025-07-07,5,54,4,2396
10541,2025-07-07,5,55,5,4495
10542,2025-07-07,5,56,2,1398
10543,2025-07-07,6,1,8,23992
10544,2025-07-07,6,2,1,1999
10545,2025-07-07,6,3,3,14997
10546,2025-07-07,6,4,2,2998
10547,2025-07-07,6,5,11,14289
10548,2025-07-07,6,6,1,899
10549,2025-07-07,6,7,7,55993
10550,2025-07-07,6,8,1,15999
10551,2025-07-07,6,9,2,1198
10552,2025-07-07,6,11,1,2499
10553,2025-07-07,6,12,2,798
10554,2025-07-07,6,14,2,598
10555,2025-07-07,6,15,6,29994
10556,2025-07-07,6,16,6,4794
10557,2025-07-07,6,17,2,7998
10558,2025-07-07,6,18,2,3598
10559,2025-07-07,6,19,8,151992
10560,2025-07-07,6,21,8,19992
10561,2025-07-07,6,22,6,32994
10562,2025-07-07,6,23,2,9998
10563,2025-07-07,6,24,2,6998
10564,2025-07-07,6,25,9,44991
10565,2025-07-07,6,26,4,79996
10566,2025-07-07,6,27,2,2598
10567,2025-07-07,6,28,1,1799
10568,2025-07-07,6,29,7,17493
10569,2025-07-07,6,30,5,19995
10570,2025-07-07,6,31,7,13993
10571,2025-07-07,6,32,4,35996
10572,2025-07-07,6,33,4,51996
10573,2025-07-07,6,34,3,56997
10574,2025-07-07,6,35,2,5998
10575,2025-07-07,6,36,4,5996
10576,2025-07-07,6,37,5,11495
10577,2025-07-07,6,38,2,17998
10578,2025-07-07,6,39,8,27992
10579,2025-07-07,6,40,6,3594
10580,2025-07-07,6,41,9,22491
10581,2025-07-07,6,42,1,1799
10582,2025-07-07,6,43,4,7996
10583,2025-07-07,6,44,3,3897
10584,2025-07-07,6,46,2,1598
10585,2025-07-07,6,47,1,3499
10586,2025-07-07,6,48,2,7998
10587,2025-07-07,6,49,4,9996
10588,2025-07-07,6,50,3,3897
10589,2025-07-07,6,51,2,998
10590,2025-07-07,6,52,2,3998
10591,2025-07-07,6,53,2,1798
10592,2025-07-07,6,54,3,1797
10593,2025-07-07,6,55,4,3596
10594,2025-07-07,6,56,5,3495
10595,2025-07-08,1,1,14,41986
10596,2025-07-08,1,3,3,14997
10597,2025-07-08,1,4,2,2998
10598,2025-07-08,1,5,10,12990
10599,2025-07-08,1,6,1,899
10600,2025-07-08,1,7,13,103987
10601,2025-07-08,1,9,6,3594
10602,2025-07-08,1,11,3,7497
10603,2025-07-08,1,12,4,1596
10604,2025-07-08,1,14,2,598
10605,2025-07-08,1,15,6,29994
10606,2025-07-08,1,16,5,3995
10607,2025-07-08,1,17,1,3999
10608,2025-07-08,1,18,1,1799
10609,2025-07-08,1,19,9,170991
10610,2025-07-08,1,21,7,17493
10611,2025-07-08,1,22,5,27495
10612,2025-07-08,1,23,4,19996
10613,2025-07-08,1,24,2,6998
10614,2025-07-08,1,25,9,44991
10615,2025-07-08,1,26,4,79996
10616,2025-07-08,1,27,1,1299
10617,2025-07-08,1,28,1,1799
10618,2025-07-08,1,29,14,34986
10619,2025-07-08,1,30,7,27993
10620,2025-07-08,1,31,10,19990
10621,2025-07-08,1,32,8,71992
10622,2025-07-08,1,33,5,64995
10623,2025-07-08,1,34,8,151992
10624,2025-07-08,1,35,3,8997
10625,2025-07-08,1,36,6,8994
10626,2025-07-08,1,37,9,20691
10627,2025-07-08,1,38,7,62993
10628,2025-07-08,1,39,9,31491
10629,2025-07-08,1,40,3,1797
10630,2025-07-08,1,41,5,12495
10631,2025-07-08,1,42,1,1799
10632,2025-07-08,1,43,2,3998
10633,2025-07-08,1,44,3,3897
10634,2025-07-08,1,45,1,4999
10635,2025-07-08,1,46,2,1598
10636,2025-07-08,1,47,1,3499
10637,2025-07-08,1,48,2,7998
10638,2025-07-08,1,49,4,9996
10639,2025-07-08,1,50,4,5196
10640,2025-07-08,1,51,4,1996
10641,2025-07-08,1,52,3,5997
10642,2025-07-08,1,53,1,899
10643,2025-07-08,1,54,9,5391
10644,2025-07-08,1,55,6,5394
10645,2025-07-08,1,56,7,4893
10646,2025-07-08,2,1,7,20993
10647,2025-07-08,2,3,2,9998
10648,2025-07-08,2,4,2,2998
10649,2025-07-08,2,5,11,14289
10650,2025-07-08,2,6,1,899
10651,2025-07-08,2,7,9,71991
10652,2025-07-08,2,8,1,15999
10653,2025-07-08,2,9,3,1797
10654,2025-07-08,2,11,2,4998
10655,2025-07-08,2,12,5,1995
10656,2025-07-08,2,13,1,499
10657,2025-07-08,2,14,1,299
10658,2025-07-08,2,15,3,14997
10659,2025-07-08,2,16,5,3995
10660,2025-07-08,2,17,1,3999
10661,2025-07-08,2,18,3,5397
10662,2025-07-08,2,19,3,56997
10663,2025-07-08,2,21,2,4998
10664,2025-07-08,2,22,5,27495
10665,2025-07-08,2,23,4,19996
10666,2025-07-08,2,24,1,3499
10667,2025-07-08,2,25,9,44991
10668,2025-07-08,2,26,4,79996
10669,2025-07-08,2,27,1,1299
10670,2025-07-08,2,28,1,1799
10671,2025-07-08,2,29,9,22491
10672,2025-07-08,2,30,7,27993
10673,2025-07-08,2,31,7,13993
10674,2025-07-08,2,32,9,80991
10675,2025-07-08,2,33,5,64995
10676,2025-07-08,2,34,11,208989
10677,2025-07-08,2,35,3,8997
10678,2025-07-08,2,36,6,8994
10679,2025-07-08,2,37,7,16093
10680,2025-07-08,2,38,6,53994
10681,2025-07-08,2,39,2,6998
10682,2025-07-08,2,40,5,2995
10683,2025-07-08,2,41,9,22491
10684,2025-07-08,2,43,2,3998
10685,2025-07-08,2,44,3,3897
10686,2025-07-08,2,45,1,4999
10687,2025-07-08,2,46,2,1598
10688,2025-07-08,2,47,1,3499
10689,2025-07-08,2,48,3,11997
10690,2025-07-08,2,49,6,14994
10691,2025-07-08,2,50,2,2598
10692,2025-07-08,2,51,3,1497
10693,2025-07-08,2,53,1,899
10694,2025-07-08,2,54,9,5391
10695,2025-07-08,2,55,4,3596
10696,2025-07-08,2,56,2,1398
10697,2025-07-08,3,1,4,11996
10698,2025-07-08,3,3,1,4999
10699,2025-07-08,3,5,8,10392
10700,2025-07-08,3,7,8,63992
10701,2025-07-08,3,9,3,1797
10702,2025-07-08,3,11,2,4998
10703,2025-07-08,3,12,4,1596
10704,2025-07-08,3,14,1,299
10705,2025-07-08,3,15,5,24995
10706,2025-07-08,3,16,2,1598
10707,2025-07-08,3,17,2,7998
10708,2025-07-08,3,18,3,5397
10709,2025-07-08,3,19,3,56997
10710,2025-07-08,3,21,7,17493
10711,2025-07-08,3,22,8,43992
10712,2025-07-08,3,23,2,9998
10713,2025-07-08,3,24,1,3499
10714,2025-07-08,3,25,8,39992
10715,2025-07-08,3,26,2,39998
10716,2025-07-08,3,27,1,1299
10717,2025-07-08,3,28,1,1799
10718,2025-07-08,3,29,4,9996
10719,2025-07-08,3,30,6,23994
10720,2025-07-08,3,31,7,13993
10721,2025-07-08,3,32,3,26997
10722,2025-07-08,3,33,3,38997
10723,2025-07-08,3,34,12,227988
10724,2025-07-08,3,35,2,5998
10725,2025-07-08,3,36,2,2998
10726,2025-07-08,3,37,3,6897
10727,2025-07-08,3,38,4,35996
10728,2025-07-08,3,39,6,20994
10729,2025-07-08,3,40,5,2995
10730,2025-07-08,3,41,5,12495
10731,2025-07-08,3,43,1,1999
10732,2025-07-08,3,44,3,3897
10733,2025-07-08,3,45,1,4999
10734,2025-07-08,3,46,2,1598
10735,2025-07-08,3,48,2,7998
10736,2025-07-08,3,49,4,9996
10737,2025-07-08,3,50,3,3897
10738,2025-07-08,3,51,2,998
10739,2025-07-08,3,52,2,3998
10740,2025-07-08,3,53,1,899
10741,2025-07-08,3,54,5,2995
10742,2025-07-08,3,56,6,4194
10743,2025-07-08,4,1,9,26991
10744,2025-07-08,4,2,1,1999
10745,2025-07-08,4,3,4,19996
10746,2025-07-08,4,4,2,2998
10747,2025-07-08,4,5,21,27279
10748,2025-07-08,4,6,2,1798
10749,2025-07-08,4,7,6,47994
10750,2025-07-08,4,8,1,15999
10751,2025-07-08,4,9,6,3594
10752,2025-07-08,4,11,1,2499
10753,2025-07-08,4,12,6,2394
10754,2025-07-08,4,14,3,897
10755,2025-07-08,4,15,5,24995
10756,2025-07-08,4,16,6,4794
10757,2025-07-08,4,17,4,15996
10758,2025-07-08,4,18,3,5397
10759,2025-07-08,4,19,6,113994
10760,2025-07-08,4,21,4,9996
10761,2025-07-08,4,22,7,38493
10762,2025-07-08,4,23,4,19996
10763,2025-07-08,4,25,8,39992
10764,2025-07-08,4,26,4,79996
10765,2025-07-08,4,27,2,2598
10766,2025-07-08,4,28,1,1799
10767,2025-07-08,4,29,11,27489
10768,2025-07-08,4,30,8,31992
10769,2025-07-08,4,31,11,21989
10770,2025-07-08,4,32,9,80991
10771,2025-07-08,4,33,7,90993
10772,2025-07-08,4,34,12,227988
10773,2025-07-08,4,35,4,11996
10774,2025-07-08,4,36,5,7495
10775,2025-07-08,4,37,10,22990
10776,2025-07-08,4,38,9,80991
10777,2025-07-08,4,39,4,13996
10778,2025-07-08,4,40,5,2995
10779,2025-07-08,4,41,5,12495
10780,2025-07-08,4,43,3,5997
10781,2025-07-08,4,44,2,2598
10782,2025-07-08,4,45,1,4999
10783,2025-07-08,4,46,4,3196
10784,2025-07-08,4,47,1,3499
10785,2025-07-08,4,48,3,11997
10786,2025-07-08,4,49,7,17493
10787,2025-07-08,4,50,3,3897
10788,2025-07-08,4,51,3,1497
10789,2025-07-08,4,52,2,3998
10790,2025-07-08,4,53,3,2697
10791,2025-07-08,4,54,6,3594
10792,2025-07-08,4,55,10,8990
10793,2025-07-08,4,56,3,2097
10794,2025-07-08,5,1,4,11996
10795,2025-07-08,5,3,1,4999
10796,2025-07-08,5,4,1,1499
10797,2025-07-08,5,5,9,11691
10798,2025-07-08,5,6,1,899
10799,2025-07-08,5,7,5,39995
10800,2025-07-08,5,9,1,599
10801,2025-07-08,5,11,2,4998
10802,2025-07-08,5,12,4,1596
10803,2025-07-08,5,14,1,299
10804,2025-07-08,5,15,4,19996
10805,2025-07-08,5,16,5,3995
10806,2025-07-08,5,17,1,3999
10807,2025-07-08,5,18,4,7196
10808,2025-07-08,5,19,6,113994
10809,2025-07-08,5,21,3,7497
10810,2025-07-08,5,22,4,21996
10811,2025-07-08,5,23,2,9998
10812,2025-07-08,5,24,1,3499
10813,2025-07-08,5,25,5,24995
10814,2025-07-08,5,26,3,59997
10815,2025-07-08,5,29,6,14994
10816,2025-07-08,5,30,5,19995
10817,2025-07-08,5,31,5,9995
10818,2025-07-08,5,32,3,26997
10819,2025-07-08,5,33,4,51996
10820,2025-07-08,5,34,7,132993
10821,2025-07-08,5,35,3,8997
10822,2025-07-08,5,36,4,5996
10823,2025-07-08,5,37,3,6897
10824,2025-07-08,5,38,4,35996
10825,2025-07-08,5,39,3,10497
10826,2025-07-08,5,40,4,2396
10827,2025-07-08,5,41,5,12495
10828,2025-07-08,5,43,1,1999
10829,2025-07-08,5,44,2,2598
10830,2025-07-08,5,46,1,799
10831,2025-07-08,5,48,1,3999
10832,2025-07-08,5,49,4,9996
10833,2025-07-08,5,50,2,2598
10834,2025-07-08,5,51,1,499
10835,2025-07-08,5,52,1,1999
10836,2025-07-08,5,53,2,1798
10837,2025-07-08,5,54,4,2396
10838,2025-07-08,5,55,5,4495
10839,2025-07-08,5,56,6,4194
10840,2025-07-08,6,1,6,17994
10841,2025-07-08,6,3,2,9998
10842,2025-07-08,6,4,2,2998
10843,2025-07-08,6,5,16,20784
10844,2025-07-08,6,6,2,1798
10845,2025-07-08,6,7,9,71991
10846,2025-07-08,6,8,1,15999
10847,2025-07-08,6,9,4,2396
10848,2025-07-08,6,11,1,2499
10849,2025-07-08,6,12,4,1596
10850,2025-07-08,6,13,1,499
10851,2025-07-08,6,14,2,598
10852,2025-07-08,6,15,8,39992
10853,2025-07-08,6,16,7,5593
10854,2025-07-08,6,17,2,7998
10855,2025-07-08,6,18,7,12593
10856,2025-07-08,6,19,12,227988
10857,2025-07-08,6,21,12,29988
10858,2025-07-08,6,22,7,38493
10859,2025-07-08,6,23,4,19996
10860,2025-07-08,6,24,1,3499
10861,2025-07-08,6,25,2,9998
10862,2025-07-08,6,26,3,59997
10863,2025-07-08,6,28,1,1799
10864,2025-07-08,6,29,9,22491
10865,2025-07-08,6,30,5,19995
10866,2025-07-08,6,31,8,15992
10867,2025-07-08,6,32,11,98989
10868,2025-07-08,6,33,4,51996
10869,2025-07-08,6,34,14,265986
10870,2025-07-08,6,35,3,8997
10871,2025-07-08,6,36,5,7495
10872,2025-07-08,6,37,12,27588
10873,2025-07-08,6,38,6,53994
10874,2025-07-08,6,39,8,27992
10875,2025-07-08,6,40,2,1198
10876,2025-07-08,6,41,5,12495
10877,2025-07-08,6,43,2,3998
10878,2025-07-08,6,44,2,2598
10879,2025-07-08,6,45,1,4999
10880,2025-07-08,6,46,2,1598
10881,2025-07-08,6,47,1,3499
10882,2025-07-08,6,48,1,3999
10883,2025-07-08,6,49,5,12495
10884,2025-07-08,6,50,4,5196
10885,2025-07-08,6,51,1,499
10886,2025-07-08,6,52,2,3998
10887,2025-07-08,6,53,2,1798
10888,2025-07-08,6,54,9,5391
10889,2025-07-08,6,55,6,5394
10890,2025-07-08,6,56,5,3495
10891,2025-07-09,1,1,22,65978
10892,2025-07-09,1,2,1,1999
10893,2025-07-09,1,3,3,14997
10894,2025-07-09,1,4,3,4497
10895,2025-07-09,1,5,15,19485
10896,2025-07-09,1,6,2,1798
10897,2025-07-09,1,7,4,31996
10898,2025-07-09,1,9,2,1198
10899,2025-07-09,1,11,3,7497
10900,2025-07-09,1,12,5,1995
10901,2025-07-09,1,14,2,598
10902,2025-07-09,1,15,11,54989
10903,2025-07-09,1,16,6,4794
10904,2025-07-09,1,17,2,7998
10905,2025-07-09,1,18,3,5397
10906,2025-07-09,1,19,7,132993
10907,2025-07-09,1,21,13,32487
10908,2025-07-09,1,22,6,32994
10909,2025-07-09,1,23,1,4999
10910,2025-07-09,1,24,2,6998
10911,2025-07-09,1,25,14,69986
10912,2025-07-09,1,26,3,59997
10913,2025-07-09,1,27,1,1299
10914,2025-07-09,1,28,2,3598
10915,2025-07-09,1,29,7,17493
10916,2025-07-09,1,30,2,7998
10917,2025-07-09,1,31,12,23988
10918,2025-07-09,1,32,8,71992
10919,2025-07-09,1,33,7,90993
10920,2025-07-09,1,34,10,189990
10921,2025-07-09,1,35,4,11996
10922,2025-07-09,1,36,4,5996
10923,2025-07-09,1,37,7,16093
10924,2025-07-09,1,38,4,35996
10925,2025-07-09,1,39,5,17495
10926,2025-07-09,1,40,7,4193
10927,2025-07-09,1,41,3,7497
10928,2025-07-09,1,42,1,1799
10929,2025-07-09,1,43,4,7996
10930,2025-07-09,1,44,2,2598
10931,2025-07-09,1,46,1,799
10932,2025-07-09,1,47,1,3499
10933,2025-07-09,1,48,2,7998
10934,2025-07-09,1,49,10,24990
10935,2025-07-09,1,50,3,3897
10936,2025-07-09,1,51,3,1497
10937,2025-07-09,1,52,1,1999
10938,2025-07-09,1,53,2,1798
10939,2025-07-09,1,54,7,4193
10940,2025-07-09,1,55,5,4495
10941,2025-07-09,1,56,6,4194
10942,2025-07-09,2,1,5,14995
10943,2025-07-09,2,3,2,9998
10944,2025-07-09,2,4,3,4497
10945,2025-07-09,2,5,13,16887
10946,2025-07-09,2,6,1,899
10947,2025-07-09,2,7,6,47994
10948,2025-07-09,2,8,1,15999
10949,2025-07-09,2,9,4,2396
10950,2025-07-09,2,11,1,2499
10951,2025-07-09,2,12,3,1197
10952,2025-07-09,2,14,2,598
10953,2025-07-09,2,15,5,24995
10954,2025-07-09,2,16,6,4794
10955,2025-07-09,2,17,3,11997
10956,2025-07-09,2,18,5,8995
10957,2025-07-09,2,19,5,94995
10958,2025-07-09,2,21,6,14994
10959,2025-07-09,2,22,5,27495
10960,2025-07-09,2,23,3,14997
10961,2025-07-09,2,24,1,3499
10962,2025-07-09,2,25,3,14997
10963,2025-07-09,2,26,2,39998
10964,2025-07-09,2,27,1,1299
10965,2025-07-09,2,28,1,1799
10966,2025-07-09,2,29,9,22491
10967,2025-07-09,2,30,6,23994
10968,2025-07-09,2,31,4,7996
10969,2025-07-09,2,32,8,71992
10970,2025-07-09,2,33,4,51996
10971,2025-07-09,2,34,9,170991
10972,2025-07-09,2,35,3,8997
10973,2025-07-09,2,36,5,7495
10974,2025-07-09,2,37,6,13794
10975,2025-07-09,2,38,5,44995
10976,2025-07-09,2,39,10,34990
10977,2025-07-09,2,40,6,3594
10978,2025-07-09,2,41,3,7497
10979,2025-07-09,2,42,1,1799
10980,2025-07-09,2,43,2,3998
10981,2025-07-09,2,44,3,3897
10982,2025-07-09,2,45,1,4999
10983,2025-07-09,2,46,3,2397
10984,2025-07-09,2,47,1,3499
10985,2025-07-09,2,48,4,15996
10986,2025-07-09,2,49,4,9996
10987,2025-07-09,2,50,2,2598
10988,2025-07-09,2,51,3,1497
10989,2025-07-09,2,52,2,3998
10990,2025-07-09,2,53,1,899
10991,2025-07-09,2,54,10,5990
10992,2025-07-09,2,55,5,4495
10993,2025-07-09,2,56,5,3495
10994,2025-07-09,3,1,4,11996
10995,2025-07-09,3,3,2,9998
10996,2025-07-09,3,4,2,2998
10997,2025-07-09,3,5,12,15588
10998,2025-07-09,3,7,3,23997
10999,2025-07-09,3,9,4,2396
11000,2025-07-09,3,11,2,4998
11001,2025-07-09,3,12,3,1197
11002,2025-07-09,3,15,4,19996
11003,2025-07-09,3,16,4,3196
11004,2025-07-09,3,17,1,3999
11005,2025-07-09,3,18,5,8995
11006,2025-07-09,3,19,6,113994
11007,2025-07-09,3,21,6,14994
11008,2025-07-09,3,22,2,10998
11009,2025-07-09,3,23,3,14997
11010,2025-07-09,3,25,7,34993
11011,2025-07-09,3,26,4,79996
11012,2025-07-09,3,27,1,1299
11013,2025-07-09,3,29,6,14994
11014,2025-07-09,3,30,4,15996
11015,2025-07-09,3,31,6,11994
11016,2025-07-09,3,32,7,62993
11017,2025-07-09,3,33,4,51996
11018,2025-07-09,3,34,7,132993
11019,2025-07-09,3,35,1,2999
11020,2025-07-09,3,36,4,5996
11021,2025-07-09,3,37,4,9196
11022,2025-07-09,3,38,3,26997
11023,2025-07-09,3,39,6,20994
11024,2025-07-09,3,40,5,2995
11025,2025-07-09,3,41,3,7497
11026,2025-07-09,3,43,2,3998
11027,2025-07-09,3,44,1,1299
11028,2025-07-09,3,46,1,799
11029,2025-07-09,3,47,1,3499
11030,2025-07-09,3,48,2,7998
11031,2025-07-09,3,49,5,12495
11032,2025-07-09,3,50,2,2598
11033,2025-07-09,3,51,2,998
11034,2025-07-09,3,52,1,1999
11035,2025-07-09,3,53,1,899
11036,2025-07-09,3,54,6,3594
11037,2025-07-09,3,55,5,4495
11038,2025-07-09,3,56,2,1398
11039,2025-07-09,4,1,5,14995
11040,2025-07-09,4,3,3,14997
11041,2025-07-09,4,4,3,4497
11042,2025-07-09,4,5,9,11691
11043,2025-07-09,4,6,1,899
11044,2025-07-09,4,7,9,71991
11045,2025-07-09,4,8,1,15999
11046,2025-07-09,4,9,4,2396
11047,2025-07-09,4,11,3,7497
11048,2025-07-09,4,12,6,2394
11049,2025-07-09,4,13,1,499
11050,2025-07-09,4,14,2,598
11051,2025-07-09,4,15,4,19996
11052,2025-07-09,4,16,4,3196
11053,2025-07-09,4,17,1,3999
11054,2025-07-09,4,18,6,10794
11055,2025-07-09,4,19,3,56997
11056,2025-07-09,4,21,6,14994
11057,2025-07-09,4,22,5,27495
11058,2025-07-09,4,23,4,19996
11059,2025-07-09,4,24,1,3499
11060,2025-07-09,4,25,10,49990
11061,2025-07-09,4,26,6,119994
11062,2025-07-09,4,27,1,1299
11063,2025-07-09,4,28,1,1799
11064,2025-07-09,4,29,12,29988
11065,2025-07-09,4,30,6,23994
11066,2025-07-09,4,31,8,15992
11067,2025-07-09,4,32,9,80991
11068,2025-07-09,4,33,7,90993
11069,2025-07-09,4,34,10,189990
11070,2025-07-09,4,35,4,11996
11071,2025-07-09,4,36,4,5996
11072,2025-07-09,4,37,12,27588
11073,2025-07-09,4,38,5,44995
11074,2025-07-09,4,39,10,34990
11075,2025-07-09,4,40,4,2396
11076,2025-07-09,4,41,8,19992
11077,2025-07-09,4,43,1,1999
11078,2025-07-09,4,44,4,5196
11079,2025-07-09,4,45,1,4999
11080,2025-07-09,4,46,3,2397
11081,2025-07-09,4,47,1,3499
11082,2025-07-09,4,48,2,7998
11083,2025-07-09,4,49,6,14994
11084,2025-07-09,4,50,3,3897
11085,2025-07-09,4,51,3,1497
11086,2025-07-09,4,52,2,3998
11087,2025-07-09,4,53,1,899
11088,2025-07-09,4,54,7,4193
11089,2025-07-09,4,55,8,7192
11090,2025-07-09,4,56,6,4194
11091,2025-07-09,5,1,5,14995
11092,2025-07-09,5,3,2,9998
11093,2025-07-09,5,5,9,11691
11094,2025-07-09,5,6,1,899
11095,2025-07-09,5,7,6,47994
11096,2025-07-09,5,9,3,1797
11097,2025-07-09,5,11,1,2499
11098,2025-07-09,5,12,3,1197
11099,2025-07-09,5,14,1,299
11100,2025-07-09,5,15,3,14997
11101,2025-07-09,5,16,4,3196
11102,2025-07-09,5,17,1,3999
11103,2025-07-09,5,18,6,10794
11104,2025-07-09,5,19,4,75996
11105,2025-07-09,5,21,7,17493
11106,2025-07-09,5,22,3,16497
11107,2025-07-09,5,23,1,4999
11108,2025-07-09,5,24,1,3499
11109,2025-07-09,5,25,5,24995
11110,2025-07-09,5,26,4,79996
11111,2025-07-09,5,28,1,1799
11112,2025-07-09,5,29,5,12495
11113,2025-07-09,5,30,5,19995
11114,2025-07-09,5,31,9,17991
11115,2025-07-09,5,32,4,35996
11116,2025-07-09,5,33,3,38997
11117,2025-07-09,5,34,3,56997
11118,2025-07-09,5,35,1,2999
11119,2025-07-09,5,36,2,2998
11120,2025-07-09,5,37,5,11495
11121,2025-07-09,5,38,4,35996
11122,2025-07-09,5,39,6,20994
11123,2025-07-09,5,40,2,1198
11124,2025-07-09,5,41,4,9996
11125,2025-07-09,5,43,1,1999
11126,2025-07-09,5,44,3,3897
11127,2025-07-09,5,45,1,4999
11128,2025-07-09,5,46,1,799
11129,2025-07-09,5,48,2,7998
11130,2025-07-09,5,49,4,9996
11131,2025-07-09,5,50,3,3897
11132,2025-07-09,5,51,3,1497
11133,2025-07-09,5,52,1,1999
11134,2025-07-09,5,53,2,1798
11135,2025-07-09,5,54,4,2396
11136,2025-07-09,5,55,5,4495
11137,2025-07-09,5,56,5,3495
11138,2025-07-09,6,1,2,5998
11139,2025-07-09,6,3,2,9998
11140,2025-07-09,6,4,1,1499
11141,2025-07-09,6,5,13,16887
11142,2025-07-09,6,6,2,1798
11143,2025-07-09,6,7,7,55993
11144,2025-07-09,6,8,1,15999
11145,2025-07-09,6,9,3,1797
11146,2025-07-09,6,11,2,4998
11147,2025-07-09,6,12,6,2394
11148,2025-07-09,6,13,1,499
11149,2025-07-09,6,14,1,299
11150,2025-07-09,6,15,9,44991
11151,2025-07-09,6,16,6,4794
11152,2025-07-09,6,17,3,11997
11153,2025-07-09,6,18,5,8995
11154,2025-07-09,6,19,6,113994
11155,2025-07-09,6,21,3,7497
11156,2025-07-09,6,22,5,27495
11157,2025-07-09,6,23,3,14997
11158,2025-07-09,6,24,2,6998
11159,2025-07-09,6,25,10,49990
11160,2025-07-09,6,26,2,39998
11161,2025-07-09,6,27,1,1299
11162,2025-07-09,6,28,1,1799
11163,2025-07-09,6,29,8,19992
11164,2025-07-09,6,30,5,19995
11165,2025-07-09,6,31,7,13993
11166,2025-07-09,6,32,8,71992
11167,2025-07-09,6,33,3,38997
11168,2025-07-09,6,34,5,94995
11169,2025-07-09,6,35,1,2999
11170,2025-07-09,6,36,8,11992
11171,2025-07-09,6,37,8,18392
11172,2025-07-09,6,38,5,44995
11173,2025-07-09,6,39,7,24493
11174,2025-07-09,6,40,6,3594
11175,2025-07-09,6,41,4,9996
11176,2025-07-09,6,43,2,3998
11177,2025-07-09,6,44,3,3897
11178,2025-07-09,6,45,1,4999
11179,2025-07-09,6,46,2,1598
11180,2025-07-09,6,47,1,3499
11181,2025-07-09,6,48,2,7998
11182,2025-07-09,6,49,3,7497
11183,2025-07-09,6,51,2,998
11184,2025-07-09,6,52,2,3998
11185,2025-07-09,6,53,3,2697
11186,2025-07-09,6,54,11,6589
11187,2025-07-09,6,55,4,3596
11188,2025-07-09,6,56,4,2796
11189,2025-07-10,1,1,8,23992
11190,2025-07-10,1,3,3,14997
11191,2025-07-10,1,4,3,4497
11192,2025-07-10,1,5,11,14289
11193,2025-07-10,1,6,2,1798
11194,2025-07-10,1,7,9,71991
11195,2025-07-10,1,8,1,15999
11196,2025-07-10,1,9,3,1797
11197,2025-07-10,1,11,1,2499
11198,2025-07-10,1,12,6,2394
11199,2025-07-10,1,14,3,897
11200,2025-07-10,1,15,2,9998
11201,2025-07-10,1,16,6,4794
11202,2025-07-10,1,17,1,3999
11203,2025-07-10,1,18,6,10794
11204,2025-07-10,1,19,7,132993
11205,2025-07-10,1,21,7,17493
11206,2025-07-10,1,22,5,27495
11207,2025-07-10,1,23,3,14997
11208,2025-07-10,1,24,3,10497
11209,2025-07-10,1,25,11,54989
11210,2025-07-10,1,26,5,99995
11211,2025-07-10,1,27,1,1299
11212,2025-07-10,1,28,1,1799
11213,2025-07-10,1,29,6,14994
11214,2025-07-10,1,30,6,23994
11215,2025-07-10,1,31,8,15992
11216,2025-07-10,1,32,6,53994
11217,2025-07-10,1,33,5,64995
11218,2025-07-10,1,34,6,113994
11219,2025-07-10,1,35,3,8997
11220,2025-07-10,1,36,6,8994
11221,2025-07-10,1,37,8,18392
11222,2025-07-10,1,38,6,53994
11223,2025-07-10,1,39,7,24493
11224,2025-07-10,1,40,4,2396
11225,2025-07-10,1,41,6,14994
11226,2025-07-10,1,43,1,1999
11227,2025-07-10,1,44,2,2598
11228,2025-07-10,1,45,1,4999
11229,2025-07-10,1,46,2,1598
11230,2025-07-10,1,47,1,3499
11231,2025-07-10,1,48,2,7998
11232,2025-07-10,1,49,5,12495
11233,2025-07-10,1,50,5,6495
11234,2025-07-10,1,51,4,1996
11235,2025-07-10,1,52,3,5997
11236,2025-07-10,1,53,2,1798
11237,2025-07-10,1,54,8,4792
11238,2025-07-10,1,55,6,5394
11239,2025-07-10,1,56,4,2796
11240,2025-07-10,2,1,4,11996
11241,2025-07-10,2,3,2,9998
11242,2025-07-10,2,4,1,1499
11243,2025-07-10,2,5,15,19485
11244,2025-07-10,2,7,9,71991
11245,2025-07-10,2,8,1,15999
11246,2025-07-10,2,9,5,2995
11247,2025-07-10,2,11,2,4998
11248,2025-07-10,2,12,3,1197
11249,2025-07-10,2,14,1,299
11250,2025-07-10,2,15,2,9998
11251,2025-07-10,2,16,4,3196
11252,2025-07-10,2,17,2,7998
11253,2025-07-10,2,18,3,5397
11254,2025-07-10,2,19,10,189990
11255,2025-07-10,2,21,8,19992
11256,2025-07-10,2,22,6,32994
11257,2025-07-10,2,23,1,4999
11258,2025-07-10,2,24,1,3499
11259,2025-07-10,2,25,9,44991
11260,2025-07-10,2,26,4,79996
11261,2025-07-10,2,27,1,1299
11262,2025-07-10,2,28,1,1799
11263,2025-07-10,2,29,2,4998
11264,2025-07-10,2,30,7,27993
11265,2025-07-10,2,31,6,11994
11266,2025-07-10,2,32,5,44995
11267,2025-07-10,2,33,3,38997
11268,2025-07-10,2,34,5,94995
11269,2025-07-10,2,35,3,8997
11270,2025-07-10,2,36,4,5996
11271,2025-07-10,2,37,5,11495
11272,2025-07-10,2,38,6,53994
11273,2025-07-10,2,39,9,31491
11274,2025-07-10,2,40,3,1797
11275,2025-07-10,2,41,7,17493
11276,2025-07-10,2,42,1,1799
11277,2025-07-10,2,43,2,3998
11278,2025-07-10,2,44,3,3897
11279,2025-07-10,2,46,1,799
11280,2025-07-10,2,48,2,7998
11281,2025-07-10,2,49,7,17493
11282,2025-07-10,2,50,3,3897
11283,2025-07-10,2,51,4,1996
11284,2025-07-10,2,52,2,3998
11285,2025-07-10,2,53,3,2697
11286,2025-07-10,2,54,2,1198
11287,2025-07-10,2,55,7,6293
11288,2025-07-10,2,56,6,4194
11289,2025-07-10,3,1,2,5998
11290,2025-07-10,3,3,1,4999
11291,2025-07-10,3,4,1,1499
11292,2025-07-10,3,5,9,11691
11293,2025-07-10,3,6,2,1798
11294,2025-07-10,3,7,1,7999
11295,2025-07-10,3,9,3,1797
11296,2025-07-10,3,11,2,4998
11297,2025-07-10,3,12,4,1596
11298,2025-07-10,3,14,1,299
11299,2025-07-10,3,15,3,14997
11300,2025-07-10,3,16,5,3995
11301,2025-07-10,3,17,2,7998
11302,2025-07-10,3,18,2,3598
11303,2025-07-10,3,19,4,75996
11304,2025-07-10,3,21,3,7497
11305,2025-07-10,3,22,5,27495
11306,2025-07-10,3,23,1,4999
11307,2025-07-10,3,24,1,3499
11308,2025-07-10,3,25,11,54989
11309,2025-07-10,3,26,1,19999
11310,2025-07-10,3,27,1,1299
11311,2025-07-10,3,28,1,1799
11312,2025-07-10,3,29,5,12495
11313,2025-07-10,3,30,5,19995
11314,2025-07-10,3,31,8,15992
11315,2025-07-10,3,32,6,53994
11316,2025-07-10,3,33,4,51996
11317,2025-07-10,3,34,7,132993
11318,2025-07-10,3,35,2,5998
11319,2025-07-10,3,36,4,5996
11320,2025-07-10,3,37,6,13794
11321,2025-07-10,3,38,4,35996
11322,2025-07-10,3,39,7,24493
11323,2025-07-10,3,40,6,3594
11324,2025-07-10,3,41,5,12495
11325,2025-07-10,3,43,2,3998
11326,2025-07-10,3,44,1,1299
11327,2025-07-10,3,46,2,1598
11328,2025-07-10,3,47,1,3499
11329,2025-07-10,3,48,1,3999
11330,2025-07-10,3,49,4,9996
11331,2025-07-10,3,50,2,2598
11332,2025-07-10,3,51,2,998
11333,2025-07-10,3,52,1,1999
11334,2025-07-10,3,53,1,899
11335,2025-07-10,3,54,7,4193
11336,2025-07-10,3,55,4,3596
11337,2025-07-10,3,56,4,2796
11338,2025-07-10,4,1,5,14995
11339,2025-07-10,4,3,2,9998
11340,2025-07-10,4,4,2,2998
11341,2025-07-10,4,5,15,19485
11342,2025-07-10,4,6,2,1798
11343,2025-07-10,4,7,10,79990
11344,2025-07-10,4,8,1,15999
11345,2025-07-10,4,9,5,2995
11346,2025-07-10,4,10,1,299
11347,2025-07-10,4,11,2,4998
11348,2025-07-10,4,12,6,2394
11349,2025-07-10,4,13,1,499
11350,2025-07-10,4,14,3,897
11351,2025-07-10,4,15,7,34993
11352,2025-07-10,4,16,5,3995
11353,2025-07-10,4,17,1,3999
11354,2025-07-10,4,18,9,16191
11355,2025-07-10,4,19,9,170991
11356,2025-07-10,4,21,9,22491
11357,2025-07-10,4,22,10,54990
11358,2025-07-10,4,23,2,9998
11359,2025-07-10,4,24,2,6998
11360,2025-07-10,4,25,8,39992
11361,2025-07-10,4,26,3,59997
11362,2025-07-10,4,27,1,1299
11363,2025-07-10,4,28,1,1799
11364,2025-07-10,4,29,6,14994
11365,2025-07-10,4,30,7,27993
11366,2025-07-10,4,31,11,21989
11367,2025-07-10,4,32,11,98989
11368,2025-07-10,4,33,4,51996
11369,2025-07-10,4,34,12,227988
11370,2025-07-10,4,35,3,8997
11371,2025-07-10,4,36,8,11992
11372,2025-07-10,4,37,3,6897
11373,2025-07-10,4,38,8,71992
11374,2025-07-10,4,39,8,27992
11375,2025-07-10,4,40,6,3594
11376,2025-07-10,4,41,12,29988
11377,2025-07-10,4,43,2,3998
11378,2025-07-10,4,44,3,3897
11379,2025-07-10,4,45,2,9998
11380,2025-07-10,4,46,2,1598
11381,2025-07-10,4,47,2,6998
11382,2025-07-10,4,48,3,11997
11383,2025-07-10,4,49,4,9996
11384,2025-07-10,4,50,4,5196
11385,2025-07-10,4,51,4,1996
11386,2025-07-10,4,52,2,3998
11387,2025-07-10,4,53,2,1798
11388,2025-07-10,4,54,5,2995
11389,2025-07-10,4,55,6,5394
11390,2025-07-10,4,56,6,4194
11391,2025-07-10,5,1,8,23992
11392,2025-07-10,5,3,3,14997
11393,2025-07-10,5,4,2,2998
11394,2025-07-10,5,5,10,12990
11395,2025-07-10,5,6,1,899
11396,2025-07-10,5,7,2,15998
11397,2025-07-10,5,8,1,15999
11398,2025-07-10,5,9,2,1198
11399,2025-07-10,5,11,1,2499
11400,2025-07-10,5,12,2,798
11401,2025-07-10,5,14,1,299
11402,2025-07-10,5,15,5,24995
11403,2025-07-10,5,16,2,1598
11404,2025-07-10,5,17,1,3999
11405,2025-07-10,5,18,4,7196
11406,2025-07-10,5,19,8,151992
11407,2025-07-10,5,21,8,19992
11408,2025-07-10,5,22,4,21996
11409,2025-07-10,5,23,1,4999
11410,2025-07-10,5,25,7,34993
11411,2025-07-10,5,26,2,39998
11412,2025-07-10,5,27,1,1299
11413,2025-07-10,5,28,1,1799
11414,2025-07-10,5,29,8,19992
11415,2025-07-10,5,30,3,11997
11416,2025-07-10,5,31,5,9995
11417,2025-07-10,5,32,6,53994
11418,2025-07-10,5,33,4,51996
11419,2025-07-10,5,34,8,151992
11420,2025-07-10,5,35,3,8997
11421,2025-07-10,5,36,4,5996
11422,2025-07-10,5,37,6,13794
11423,2025-07-10,5,38,5,44995
11424,2025-07-10,5,39,5,17495
11425,2025-07-10,5,40,1,599
11426,2025-07-10,5,41,3,7497
11427,2025-07-10,5,43,1,1999
11428,2025-07-10,5,44,2,2598
11429,2025-07-10,5,46,2,1598
11430,2025-07-10,5,47,1,3499
11431,2025-07-10,5,48,1,3999
11432,2025-07-10,5,49,2,4998
11433,2025-07-10,5,50,2,2598
11434,2025-07-10,5,51,2,998
11435,2025-07-10,5,52,1,1999
11436,2025-07-10,5,53,1,899
11437,2025-07-10,5,54,3,1797
11438,2025-07-10,5,55,6,5394
11439,2025-07-10,5,56,4,2796
11440,2025-07-10,6,1,4,11996
11441,2025-07-10,6,3,2,9998
11442,2025-07-10,6,4,1,1499
11443,2025-07-10,6,5,14,18186
11444,2025-07-10,6,6,1,899
11445,2025-07-10,6,7,8,63992
11446,2025-07-10,6,9,5,2995
11447,2025-07-10,6,11,2,4998
11448,2025-07-10,6,12,5,1995
11449,2025-07-10,6,14,2,598
11450,2025-07-10,6,15,6,29994
11451,2025-07-10,6,16,4,3196
11452,2025-07-10,6,17,3,11997
11453,2025-07-10,6,18,3,5397
11454,2025-07-10,6,19,7,132993
11455,2025-07-10,6,21,8,19992
11456,2025-07-10,6,22,7,38493
11457,2025-07-10,6,23,3,14997
11458,2025-07-10,6,24,1,3499
11459,2025-07-10,6,25,13,64987
11460,2025-07-10,6,26,5,99995
11461,2025-07-10,6,27,1,1299
11462,2025-07-10,6,29,8,19992
11463,2025-07-10,6,30,4,15996
11464,2025-07-10,6,31,4,7996
11465,2025-07-10,6,32,7,62993
11466,2025-07-10,6,33,5,64995
11467,2025-07-10,6,34,7,132993
11468,2025-07-10,6,35,3,8997
11469,2025-07-10,6,36,5,7495
11470,2025-07-10,6,37,6,13794
11471,2025-07-10,6,38,4,35996
11472,2025-07-10,6,39,6,20994
11473,2025-07-10,6,40,5,2995
11474,2025-07-10,6,41,8,19992
11475,2025-07-10,6,43,2,3998
11476,2025-07-10,6,44,2,2598
11477,2025-07-10,6,45,1,4999
11478,2025-07-10,6,46,3,2397
11479,2025-07-10,6,47,1,3499
11480,2025-07-10,6,48,2,7998
11481,2025-07-10,6,49,5,12495
11482,2025-07-10,6,50,1,1299
11483,2025-07-10,6,51,2,998
11484,2025-07-10,6,52,1,1999
11485,2025-07-10,6,53,2,1798
11486,2025-07-10,6,54,9,5391
11487,2025-07-10,6,55,6,5394
11488,2025-07-10,6,56,4,2796
11489,2025-07-11,1,1,19,56981
11490,2025-07-11,1,3,3,14997
11491,2025-07-11,1,4,2,2998
11492,2025-07-11,1,5,15,19485
11493,2025-07-11,1,7,11,87989
11494,2025-07-11,1,8,1,15999
11495,2025-07-11,1,9,5,2995
11496,2025-07-11,1,10,1,299
11497,2025-07-11,1,11,3,7497
11498,2025-07-11,1,12,5,1995
11499,2025-07-11,1,14,1,299
11500,2025-07-11,1,15,5,24995
11501,2025-07-11,1,16,3,2397
11502,2025-07-11,1,17,1,3999
11503,2025-07-11,1,18,4,7196
11504,2025-07-11,1,19,8,151992
11505,2025-07-11,1,21,7,17493
11506,2025-07-11,1,22,8,43992
11507,2025-07-11,1,23,4,19996
11508,2025-07-11,1,24,3,10497
11509,2025-07-11,1,25,13,64987
11510,2025-07-11,1,26,2,39998
11511,2025-07-11,1,27,1,1299
11512,2025-07-11,1,28,2,3598
11513,2025-07-11,1,29,7,17493
11514,2025-07-11,1,30,8,31992
11515,2025-07-11,1,31,8,15992
11516,2025-07-11,1,32,5,44995
11517,2025-07-11,1,33,6,77994
11518,2025-07-11,1,34,6,113994
11519,2025-07-11,1,35,6,17994
11520,2025-07-11,1,36,3,4497
11521,2025-07-11,1,37,10,22990
11522,2025-07-11,1,38,7,62993
11523,2025-07-11,1,39,10,34990
11524,2025-07-11,1,40,4,2396
11525,2025-07-11,1,41,6,14994
11526,2025-07-11,1,42,1,1799
11527,2025-07-11,1,43,2,3998
11528,2025-07-11,1,44,1,1299
11529,2025-07-11,1,46,1,799
11530,2025-07-11,1,47,1,3499
11531,2025-07-11,1,48,3,11997
11532,2025-07-11,1,49,7,17493
11533,2025-07-11,1,50,2,2598
11534,2025-07-11,1,51,3,1497
11535,2025-07-11,1,52,2,3998
11536,2025-07-11,1,53,3,2697
11537,2025-07-11,1,54,9,5391
11538,2025-07-11,1,55,8,7192
11539,2025-07-11,1,56,7,4893
11540,2025-07-11,2,1,4,11996
11541,2025-07-11,2,3,2,9998
11542,2025-07-11,2,4,3,4497
11543,2025-07-11,2,5,12,15588
11544,2025-07-11,2,6,2,1798
11545,2025-07-11,2,7,7,55993
11546,2025-07-11,2,8,1,15999
11547,2025-07-11,2,9,1,599
11548,2025-07-11,2,11,1,2499
11549,2025-07-11,2,12,5,1995
11550,2025-07-11,2,14,1,299
11551,2025-07-11,2,15,6,29994
11552,2025-07-11,2,16,6,4794
11553,2025-07-11,2,17,1,3999
11554,2025-07-11,2,18,6,10794
11555,2025-07-11,2,19,3,56997
11556,2025-07-11,2,21,5,12495
11557,2025-07-11,2,22,4,21996
11558,2025-07-11,2,23,2,9998
11559,2025-07-11,2,24,2,6998
11560,2025-07-11,2,25,4,19996
11561,2025-07-11,2,26,2,39998
11562,2025-07-11,2,27,1,1299
11563,2025-07-11,2,28,1,1799
11564,2025-07-11,2,29,8,19992
11565,2025-07-11,2,30,6,23994
11566,2025-07-11,2,31,5,9995
11567,2025-07-11,2,32,9,80991
11568,2025-07-11,2,33,3,38997
11569,2025-07-11,2,34,7,132993
11570,2025-07-11,2,35,5,14995
11571,2025-07-11,2,36,5,7495
11572,2025-07-11,2,37,7,16093
11573,2025-07-11,2,38,4,35996
11574,2025-07-11,2,39,10,34990
11575,2025-07-11,2,40,6,3594
11576,2025-07-11,2,41,6,14994
11577,2025-07-11,2,43,1,1999
11578,2025-07-11,2,44,2,2598
11579,2025-07-11,2,45,1,4999
11580,2025-07-11,2,46,2,1598
11581,2025-07-11,2,48,2,7998
11582,2025-07-11,2,49,4,9996
11583,2025-07-11,2,50,1,1299
11584,2025-07-11,2,51,4,1996
11585,2025-07-11,2,52,2,3998
11586,2025-07-11,2,53,4,3596
11587,2025-07-11,2,54,10,5990
11588,2025-07-11,2,55,5,4495
11589,2025-07-11,2,56,2,1398
11590,2025-07-11,3,1,2,5998
11591,2025-07-11,3,3,1,4999
11592,2025-07-11,3,4,2,2998
11593,2025-07-11,3,5,5,6495
11594,2025-07-11,3,6,1,899
11595,2025-07-11,3,7,7,55993
11596,2025-07-11,3,8,1,15999
11597,2025-07-11,3,9,3,1797
11598,2025-07-11,3,11,2,4998
11599,2025-07-11,3,12,3,1197
11600,2025-07-11,3,14,1,299
11601,2025-07-11,3,15,6,29994
11602,2025-07-11,3,16,3,2397
11603,2025-07-11,3,17,1,3999
11604,2025-07-11,3,18,5,8995
11605,2025-07-11,3,19,3,56997
11606,2025-07-11,3,21,4,9996
11607,2025-07-11,3,22,3,16497
11608,2025-07-11,3,23,2,9998
11609,2025-07-11,3,24,1,3499
11610,2025-07-11,3,25,10,49990
11611,2025-07-11,3,26,2,39998
11612,2025-07-11,3,27,1,1299
11613,2025-07-11,3,29,10,24990
11614,2025-07-11,3,30,2,7998
11615,2025-07-11,3,31,5,9995
11616,2025-07-11,3,32,6,53994
11617,2025-07-11,3,33,5,64995
11618,2025-07-11,3,34,4,75996
11619,2025-07-11,3,35,3,8997
11620,2025-07-11,3,36,6,8994
11621,2025-07-11,3,37,6,13794
11622,2025-07-11,3,38,2,17998
11623,2025-07-11,3,39,7,24493
11624,2025-07-11,3,40,4,2396
11625,2025-07-11,3,41,4,9996
11626,2025-07-11,3,43,1,1999
11627,2025-07-11,3,44,1,1299
11628,2025-07-11,3,46,2,1598
11629,2025-07-11,3,47,1,3499
11630,2025-07-11,3,48,1,3999
11631,2025-07-11,3,49,3,7497
11632,2025-07-11,3,50,2,2598
11633,2025-07-11,3,51,4,1996
11634,2025-07-11,3,52,1,1999
11635,2025-07-11,3,53,2,1798
11636,2025-07-11,3,54,4,2396
11637,2025-07-11,3,55,2,1798
11638,2025-07-11,3,56,2,1398
11639,2025-07-11,4,1,10,29990
11640,2025-07-11,4,3,2,9998
11641,2025-07-11,4,4,3,4497
11642,2025-07-11,4,5,8,10392
11643,2025-07-11,4,6,2,1798
11644,2025-07-11,4,7,12,95988
11645,2025-07-11,4,8,1,15999
11646,2025-07-11,4,9,7,4193
11647,2025-07-11,4,10,1,299
11648,2025-07-11,4,11,3,7497
11649,2025-07-11,4,12,4,1596
11650,2025-07-11,4,14,3,897
11651,2025-07-11,4,15,5,24995
11652,2025-07-11,4,16,5,3995
11653,2025-07-11,4,17,4,15996
11654,2025-07-11,4,18,6,10794
11655,2025-07-11,4,19,6,113994
11656,2025-07-11,4,21,7,17493
11657,2025-07-11,4,22,7,38493
11658,2025-07-11,4,24,1,3499
11659,2025-07-11,4,25,14,69986
11660,2025-07-11,4,26,5,99995
11661,2025-07-11,4,27,1,1299
11662,2025-07-11,4,28,1,1799
11663,2025-07-11,4,29,7,17493
11664,2025-07-11,4,30,8,31992
11665,2025-07-11,4,31,8,15992
11666,2025-07-11,4,32,9,80991
11667,2025-07-11,4,33,4,51996
11668,2025-07-11,4,34,9,170991
11669,2025-07-11,4,35,5,14995
11670,2025-07-11,4,36,4,5996
11671,2025-07-11,4,37,9,20691
11672,2025-07-11,4,38,9,80991
11673,2025-07-11,4,39,8,27992
11674,2025-07-11,4,40,5,2995
11675,2025-07-11,4,41,5,12495
11676,2025-07-11,4,43,2,3998
11677,2025-07-11,4,44,2,2598
11678,2025-07-11,4,45,1,4999
11679,2025-07-11,4,46,2,1598
11680,2025-07-11,4,47,2,6998
11681,2025-07-11,4,48,1,3999
11682,2025-07-11,4,49,7,17493
11683,2025-07-11,4,50,4,5196
11684,2025-07-11,4,51,3,1497
11685,2025-07-11,4,52,2,3998
11686,2025-07-11,4,53,1,899
11687,2025-07-11,4,54,7,4193
11688,2025-07-11,4,55,5,4495
11689,2025-07-11,4,56,6,4194
11690,2025-07-11,5,1,2,5998
11691,2025-07-11,5,3,2,9998
11692,2025-07-11,5,4,2,2998
11693,2025-07-11,5,5,10,12990
11694,2025-07-11,5,6,1,899
11695,2025-07-11,5,7,7,55993
11696,2025-07-11,5,8,1,15999
11697,2025-07-11,5,9,3,1797
11698,2025-07-11,5,11,2,4998
11699,2025-07-11,5,12,3,1197
11700,2025-07-11,5,14,1,299
11701,2025-07-11,5,15,8,39992
11702,2025-07-11,5,16,2,1598
11703,2025-07-11,5,17,2,7998
11704,2025-07-11,5,18,4,7196
11705,2025-07-11,5,19,6,113994
11706,2025-07-11,5,21,6,14994
11707,2025-07-11,5,22,5,27495
11708,2025-07-11,5,23,3,14997
11709,2025-07-11,5,24,1,3499
11710,2025-07-11,5,25,2,9998
11711,2025-07-11,5,26,2,39998
11712,2025-07-11,5,27,1,1299
11713,2025-07-11,5,28,1,1799
11714,2025-07-11,5,29,8,19992
11715,2025-07-11,5,30,5,19995
11716,2025-07-11,5,31,6,11994
11717,2025-07-11,5,32,4,35996
11718,2025-07-11,5,33,1,12999
11719,2025-07-11,5,34,6,113994
11720,2025-07-11,5,35,4,11996
11721,2025-07-11,5,36,2,2998
11722,2025-07-11,5,37,6,13794
11723,2025-07-11,5,38,1,8999
11724,2025-07-11,5,39,6,20994
11725,2025-07-11,5,40,4,2396
11726,2025-07-11,5,41,3,7497
11727,2025-07-11,5,43,1,1999
11728,2025-07-11,5,44,2,2598
11729,2025-07-11,5,46,2,1598
11730,2025-07-11,5,47,1,3499
11731,2025-07-11,5,48,1,3999
11732,2025-07-11,5,49,5,12495
11733,2025-07-11,5,50,2,2598
11734,2025-07-11,5,51,2,998
11735,2025-07-11,5,52,1,1999
11736,2025-07-11,5,53,1,899
11737,2025-07-11,5,54,7,4193
11738,2025-07-11,5,55,5,4495
11739,2025-07-11,5,56,5,3495
11740,2025-07-11,6,1,4,11996
11741,2025-07-11,6,3,2,9998
11742,2025-07-11,6,4,1,1499
11743,2025-07-11,6,5,9,11691
11744,2025-07-11,6,6,1,899
11745,2025-07-11,6,7,9,71991
11746,2025-07-11,6,8,1,15999
11747,2025-07-11,6,9,3,1797
11748,2025-07-11,6,11,3,7497
11749,2025-07-11,6,12,4,1596
11750,2025-07-11,6,14,2,598
11751,2025-07-11,6,15,8,39992
11752,2025-07-11,6,16,7,5593
11753,2025-07-11,6,17,2,7998
11754,2025-07-11,6,18,7,12593
11755,2025-07-11,6,19,7,132993
11756,2025-07-11,6,21,8,19992
11757,2025-07-11,6,22,6,32994
11758,2025-07-11,6,23,2,9998
11759,2025-07-11,6,24,2,6998
11760,2025-07-11,6,25,10,49990
11761,2025-07-11,6,26,4,79996
11762,2025-07-11,6,27,1,1299
11763,2025-07-11,6,28,1,1799
11764,2025-07-11,6,29,8,19992
11765,2025-07-11,6,30,5,19995
11766,2025-07-11,6,31,7,13993
11767,2025-07-11,6,32,9,80991
11768,2025-07-11,6,33,4,51996
11769,2025-07-11,6,34,9,170991
11770,2025-07-11,6,35,2,5998
11771,2025-07-11,6,36,7,10493
11772,2025-07-11,6,37,7,16093
11773,2025-07-11,6,38,5,44995
11774,2025-07-11,6,39,9,31491
11775,2025-07-11,6,40,4,2396
11776,2025-07-11,6,41,7,17493
11777,2025-07-11,6,43,2,3998
11778,2025-07-11,6,44,3,3897
11779,2025-07-11,6,45,1,4999
11780,2025-07-11,6,46,3,2397
11781,2025-07-11,6,47,1,3499
11782,2025-07-11,6,48,2,7998
11783,2025-07-11,6,49,8,19992
11784,2025-07-11,6,50,1,1299
11785,2025-07-11,6,51,3,1497
11786,2025-07-11,6,52,2,3998
11787,2025-07-11,6,53,2,1798
11788,2025-07-11,6,54,10,5990
11789,2025-07-11,6,55,6,5394
11790,2025-07-11,6,56,2,1398
11791,2025-07-12,1,1,6,17994
11792,2025-07-12,1,3,3,14997
11793,2025-07-12,1,4,4,5996
11794,2025-07-12,1,5,18,23382
11795,2025-07-12,1,6,2,1798
11796,2025-07-12,1,7,11,87989
11797,2025-07-12,1,8,2,31998
11798,2025-07-12,1,9,8,4792
11799,2025-07-12,1,11,5,12495
11800,2025-07-12,1,12,9,3591
11801,2025-07-12,1,14,2,598
11802,2025-07-12,1,15,11,54989
11803,2025-07-12,1,16,9,7191
11804,2025-07-12,1,17,3,11997
11805,2025-07-12,1,18,9,16191
11806,2025-07-12,1,19,14,265986
11807,2025-07-12,1,20,1,1299
11808,2025-07-12,1,21,7,17493
11809,2025-07-12,1,22,11,60489
11810,2025-07-12,1,23,6,29994
11811,2025-07-12,1,24,1,3499
11812,2025-07-12,1,25,8,39992
11813,2025-07-12,1,26,4,79996
11814,2025-07-12,1,27,2,2598
11815,2025-07-12,1,28,2,3598
11816,2025-07-12,1,29,10,24990
11817,2025-07-12,1,30,8,31992
11818,2025-07-12,1,31,11,21989
11819,2025-07-12,1,32,13,116987
11820,2025-07-12,1,33,8,103992
11821,2025-07-12,1,34,10,189990
11822,2025-07-12,1,35,4,11996
11823,2025-07-12,1,36,9,13491
11824,2025-07-12,1,37,11,25289
11825,2025-07-12,1,38,10,89990
11826,2025-07-12,1,39,6,20994
11827,2025-07-12,1,40,5,2995
11828,2025-07-12,1,41,10,24990
11829,2025-07-12,1,42,1,1799
11830,2025-07-12,1,43,4,7996
11831,2025-07-12,1,44,4,5196
11832,2025-07-12,1,45,1,4999
11833,2025-07-12,1,46,4,3196
11834,2025-07-12,1,47,2,6998
11835,2025-07-12,1,48,3,11997
11836,2025-07-12,1,49,4,9996
11837,2025-07-12,1,50,6,7794
11838,2025-07-12,1,51,2,998
11839,2025-07-12,1,52,2,3998
11840,2025-07-12,1,53,2,1798
11841,2025-07-12,1,54,8,4792
11842,2025-07-12,1,55,11,9889
11843,2025-07-12,1,56,5,3495
11844,2025-07-12,2,1,5,14995
11845,2025-07-12,2,2,1,1999
11846,2025-07-12,2,3,3,14997
11847,2025-07-12,2,4,2,2998
11848,2025-07-12,2,5,8,10392
11849,2025-07-12,2,6,2,1798
11850,2025-07-12,2,7,9,71991
11851,2025-07-12,2,8,2,31998
11852,2025-07-12,2,9,7,4193
11853,2025-07-12,2,11,4,9996
11854,2025-07-12,2,12,4,1596
11855,2025-07-12,2,14,2,598
11856,2025-07-12,2,15,1,4999
11857,2025-07-12,2,16,5,3995
11858,2025-07-12,2,17,2,7998
11859,2025-07-12,2,18,4,7196
11860,2025-07-12,2,19,2,37998
11861,2025-07-12,2,21,6,14994
11862,2025-07-12,2,22,8,43992
11863,2025-07-12,2,23,4,19996
11864,2025-07-12,2,24,2,6998
11865,2025-07-12,2,25,12,59988
11866,2025-07-12,2,26,3,59997
11867,2025-07-12,2,27,2,2598
11868,2025-07-12,2,28,1,1799
11869,2025-07-12,2,29,7,17493
11870,2025-07-12,2,30,6,23994
11871,2025-07-12,2,31,14,27986
11872,2025-07-12,2,32,10,89990
11873,2025-07-12,2,33,3,38997
11874,2025-07-12,2,34,16,303984
11875,2025-07-12,2,35,6,17994
11876,2025-07-12,2,36,5,7495
11877,2025-07-12,2,37,10,22990
11878,2025-07-12,2,38,6,53994
11879,2025-07-12,2,39,6,20994
11880,2025-07-12,2,40,6,3594
11881,2025-07-12,2,41,7,17493
11882,2025-07-12,2,43,3,5997
11883,2025-07-12,2,44,5,6495
11884,2025-07-12,2,45,1,4999
11885,2025-07-12,2,46,2,1598
11886,2025-07-12,2,47,1,3499
11887,2025-07-12,2,48,4,15996
11888,2025-07-12,2,49,8,19992
11889,2025-07-12,2,50,3,3897
11890,2025-07-12,2,51,3,1497
11891,2025-07-12,2,52,2,3998
11892,2025-07-12,2,53,2,1798
11893,2025-07-12,2,54,8,4792
11894,2025-07-12,2,55,7,6293
11895,2025-07-12,2,56,8,5592
11896,2025-07-12,3,1,10,29990
11897,2025-07-12,3,3,3,14997
11898,2025-07-12,3,4,2,2998
11899,2025-07-12,3,5,10,12990
11900,2025-07-12,3,6,2,1798
11901,2025-07-12,3,7,7,55993
11902,2025-07-12,3,8,2,31998
11903,2025-07-12,3,9,6,3594
11904,2025-07-12,3,11,1,2499
11905,2025-07-12,3,12,4,1596
11906,2025-07-12,3,13,1,499
11907,2025-07-12,3,14,2,598
11908,2025-07-12,3,15,8,39992
11909,2025-07-12,3,16,5,3995
11910,2025-07-12,3,17,2,7998
11911,2025-07-12,3,18,5,8995
11912,2025-07-12,3,19,11,208989
11913,2025-07-12,3,21,8,19992
11914,2025-07-12,3,22,4,21996
11915,2025-07-12,3,23,3,14997
11916,2025-07-12,3,24,2,6998
11917,2025-07-12,3,25,9,44991
11918,2025-07-12,3,26,3,59997
11919,2025-07-12,3,27,1,1299
11920,2025-07-12,3,28,1,1799
11921,2025-07-12,3,29,10,24990
11922,2025-07-12,3,30,8,31992
11923,2025-07-12,3,31,13,25987
11924,2025-07-12,3,32,8,71992
11925,2025-07-12,3,33,5,64995
11926,2025-07-12,3,34,9,170991
11927,2025-07-12,3,35,4,11996
11928,2025-07-12,3,36,4,5996
11929,2025-07-12,3,37,6,13794
11930,2025-07-12,3,38,5,44995
11931,2025-07-12,3,39,9,31491
11932,2025-07-12,3,40,4,2396
11933,2025-07-12,3,41,9,22491
11934,2025-07-12,3,43,2,3998
11935,2025-07-12,3,44,2,2598
11936,2025-07-12,3,46,2,1598
11937,2025-07-12,3,47,1,3499
11938,2025-07-12,3,48,2,7998
11939,2025-07-12,3,49,4,9996
11940,2025-07-12,3,50,2,2598
11941,2025-07-12,3,51,4,1996
11942,2025-07-12,3,52,3,5997
11943,2025-07-12,3,53,4,3596
11944,2025-07-12,3,54,11,6589
11945,2025-07-12,3,55,6,5394
11946,2025-07-12,3,56,7,4893
11947,2025-07-12,4,1,8,23992
11948,2025-07-12,4,2,1,1999
11949,2025-07-12,4,3,4,19996
11950,2025-07-12,4,4,3,4497
11951,2025-07-12,4,5,22,28578
11952,2025-07-12,4,6,1,899
11953,2025-07-12,4,7,17,135983
11954,2025-07-12,4,8,2,31998
11955,2025-07-12,4,9,4,2396
11956,2025-07-12,4,10,1,299
11957,2025-07-12,4,11,4,9996
11958,2025-07-12,4,12,8,3192
11959,2025-07-12,4,13,1,499
11960,2025-07-12,4,14,4,1196
11961,2025-07-12,4,15,8,39992
11962,2025-07-12,4,16,9,7191
11963,2025-07-12,4,17,3,11997
11964,2025-07-12,4,18,7,12593
11965,2025-07-12,4,19,11,208989
11966,2025-07-12,4,20,1,1299
11967,2025-07-12,4,21,12,29988
11968,2025-07-12,4,22,12,65988
11969,2025-07-12,4,23,4,19996
11970,2025-07-12,4,24,2,6998
11971,2025-07-12,4,25,13,64987
11972,2025-07-12,4,26,8,159992
11973,2025-07-12,4,27,1,1299
11974,2025-07-12,4,28,2,3598
11975,2025-07-12,4,29,18,44982
11976,2025-07-12,4,30,8,31992
11977,2025-07-12,4,31,7,13993
11978,2025-07-12,4,32,15,134985
11979,2025-07-12,4,33,7,90993
11980,2025-07-12,4,34,14,265986
11981,2025-07-12,4,35,2,5998
11982,2025-07-12,4,36,5,7495
11983,2025-07-12,4,37,6,13794
11984,2025-07-12,4,38,12,107988
11985,2025-07-12,4,39,12,41988
11986,2025-07-12,4,40,8,4792
11987,2025-07-12,4,41,10,24990
11988,2025-07-12,4,42,1,1799
11989,2025-07-12,4,43,3,5997
11990,2025-07-12,4,44,5,6495
11991,2025-07-12,4,46,2,1598
11992,2025-07-12,4,47,2,6998
11993,2025-07-12,4,48,4,15996
11994,2025-07-12,4,49,11,27489
11995,2025-07-12,4,50,2,2598
11996,2025-07-12,4,51,6,2994
11997,2025-07-12,4,52,2,3998
11998,2025-07-12,4,53,4,3596
11999,2025-07-12,4,54,5,2995
12000,2025-07-12,4,55,11,9889
12001,2025-07-12,4,56,7,4893
12002,2025-07-12,5,1,8,23992
12003,2025-07-12,5,3,2,9998
12004,2025-07-12,5,4,2,2998
12005,2025-07-12,5,5,7,9093
12006,2025-07-12,5,6,2,1798
12007,2025-07-12,5,7,8,63992
12008,2025-07-12,5,9,6,3594
12009,2025-07-12,5,11,2,4998
12010,2025-07-12,5,12,6,2394
12011,2025-07-12,5,14,2,598
12012,2025-07-12,5,15,6,29994
12013,2025-07-12,5,16,1,799
12014,2025-07-12,5,18,6,10794
12015,2025-07-12,5,19,10,189990
12016,2025-07-12,5,21,7,17493
12017,2025-07-12,5,22,7,38493
12018,2025-07-12,5,23,3,14997
12019,2025-07-12,5,24,1,3499
12020,2025-07-12,5,25,10,49990
12021,2025-07-12,5,26,5,99995
12022,2025-07-12,5,27,1,1299
12023,2025-07-12,5,28,1,1799
12024,2025-07-12,5,29,10,24990
12025,2025-07-12,5,30,6,23994
12026,2025-07-12,5,31,11,21989
12027,2025-07-12,5,32,8,71992
12028,2025-07-12,5,33,5,64995
12029,2025-07-12,5,34,6,113994
12030,2025-07-12,5,35,2,5998
12031,2025-07-12,5,36,5,7495
12032,2025-07-12,5,37,7,16093
12033,2025-07-12,5,38,4,35996
12034,2025-07-12,5,39,8,27992
12035,2025-07-12,5,40,1,599
12036,2025-07-12,5,41,5,12495
12037,2025-07-12,5,43,3,5997
12038,2025-07-12,5,44,3,3897
12039,2025-07-12,5,45,1,4999
12040,2025-07-12,5,46,2,1598
12041,2025-07-12,5,47,1,3499
12042,2025-07-12,5,48,3,11997
12043,2025-07-12,5,49,4,9996
12044,2025-07-12,5,50,3,3897
12045,2025-07-12,5,51,3,1497
12046,2025-07-12,5,52,2,3998
12047,2025-07-12,5,53,1,899
12048,2025-07-12,5,54,12,7188
12049,2025-07-12,5,55,4,3596
12050,2025-07-12,6,1,7,20993
12051,2025-07-12,6,2,1,1999
12052,2025-07-12,6,3,3,14997
12053,2025-07-12,6,4,3,4497
12054,2025-07-12,6,5,11,14289
12055,2025-07-12,6,6,1,899
12056,2025-07-12,6,7,10,79990
12057,2025-07-12,6,8,1,15999
12058,2025-07-12,6,9,7,4193
12059,2025-07-12,6,11,2,4998
12060,2025-07-12,6,12,2,798
12061,2025-07-12,6,13,1,499
12062,2025-07-12,6,14,1,299
12063,2025-07-12,6,15,8,39992
12064,2025-07-12,6,16,8,6392
12065,2025-07-12,6,17,3,11997
12066,2025-07-12,6,18,6,10794
12067,2025-07-12,6,19,9,170991
12068,2025-07-12,6,21,7,17493
12069,2025-07-12,6,22,7,38493
12070,2025-07-12,6,23,6,29994
12071,2025-07-12,6,24,3,10497
12072,2025-07-12,6,25,10,49990
12073,2025-07-12,6,26,7,139993
12074,2025-07-12,6,28,1,1799
12075,2025-07-12,6,29,10,24990
12076,2025-07-12,6,30,8,31992
12077,2025-07-12,6,31,8,15992
12078,2025-07-12,6,32,9,80991
12079,2025-07-12,6,33,8,103992
12080,2025-07-12,6,34,4,75996
12081,2025-07-12,6,35,2,5998
12082,2025-07-12,6,36,5,7495
12083,2025-07-12,6,37,6,13794
12084,2025-07-12,6,38,9,80991
12085,2025-07-12,6,39,12,41988
12086,2025-07-12,6,40,9,5391
12087,2025-07-12,6,41,8,19992
12088,2025-07-12,6,43,4,7996
12089,2025-07-12,6,44,3,3897
12090,2025-07-12,6,45,1,4999
12091,2025-07-12,6,46,3,2397
12092,2025-07-12,6,47,2,6998
12093,2025-07-12,6,48,2,7998
12094,2025-07-12,6,49,5,12495
12095,2025-07-12,6,50,4,5196
12096,2025-07-12,6,51,5,2495
12097,2025-07-12,6,52,2,3998
12098,2025-07-12,6,53,3,2697
12099,2025-07-12,6,54,10,5990
12100,2025-07-12,6,55,7,6293
12101,2025-07-12,6,56,11,7689
12102,2025-07-13,1,1,23,68977
12103,2025-07-13,1,2,1,1999
12104,2025-07-13,1,4,3,4497
12105,2025-07-13,1,5,15,19485
12106,2025-07-13,1,6,2,1798
12107,2025-07-13,1,7,10,79990
12108,2025-07-13,1,8,2,31998
12109,2025-07-13,1,9,6,3594
12110,2025-07-13,1,11,2,4998
12111,2025-07-13,1,12,9,3591
12112,2025-07-13,1,14,3,897
12113,2025-07-13,1,15,10,49990
12114,2025-07-13,1,16,7,5593
12115,2025-07-13,1,17,2,7998
12116,2025-07-13,1,18,11,19789
12117,2025-07-13,1,19,15,284985
12118,2025-07-13,1,21,7,17493
12119,2025-07-13,1,22,5,27495
12120,2025-07-13,1,23,2,9998
12121,2025-07-13,1,24,1,3499
12122,2025-07-13,1,25,12,59988
12123,2025-07-13,1,26,4,79996
12124,2025-07-13,1,27,1,1299
12125,2025-07-13,1,28,3,5397
12126,2025-07-13,1,29,7,17493
12127,2025-07-13,1,30,14,55986
12128,2025-07-13,1,31,12,23988
12129,2025-07-13,1,32,6,53994
12130,2025-07-13,1,33,6,77994
12131,2025-07-13,1,34,18,341982
12132,2025-07-13,1,35,5,14995
12133,2025-07-13,1,36,7,10493
12134,2025-07-13,1,37,11,25289
12135,2025-07-13,1,38,10,89990
12136,2025-07-13,1,39,15,52485
12137,2025-07-13,1,40,4,2396
12138,2025-07-13,1,41,6,14994
12139,2025-07-13,1,42,1,1799
12140,2025-07-13,1,43,4,7996
12141,2025-07-13,1,44,4,5196
12142,2025-07-13,1,45,2,9998
12143,2025-07-13,1,46,4,3196
12144,2025-07-13,1,47,2,6998
12145,2025-07-13,1,48,5,19995
12146,2025-07-13,1,49,9,22491
12147,2025-07-13,1,50,2,2598
12148,2025-07-13,1,51,6,2994
12149,2025-07-13,1,52,4,7996
12150,2025-07-13,1,53,3,2697
12151,2025-07-13,1,54,11,6589
12152,2025-07-13,1,55,8,7192
12153,2025-07-13,1,56,6,4194
12154,2025-07-13,2,1,4,11996
12155,2025-07-13,2,3,2,9998
12156,2025-07-13,2,4,2,2998
12157,2025-07-13,2,5,16,20784
12158,2025-07-13,2,6,2,1798
12159,2025-07-13,2,7,8,63992
12160,2025-07-13,2,8,1,15999
12161,2025-07-13,2,9,3,1797
12162,2025-07-13,2,10,1,299
12163,2025-07-13,2,11,3,7497
12164,2025-07-13,2,12,4,1596
12165,2025-07-13,2,13,1,499
12166,2025-07-13,2,14,1,299
12167,2025-07-13,2,15,7,34993
12168,2025-07-13,2,16,8,6392
12169,2025-07-13,2,17,3,11997
12170,2025-07-13,2,18,4,7196
12171,2025-07-13,2,19,6,113994
12172,2025-07-13,2,21,6,14994
12173,2025-07-13,2,22,6,32994
12174,2025-07-13,2,23,2,9998
12175,2025-07-13,2,24,2,6998
12176,2025-07-13,2,25,7,34993
12177,2025-07-13,2,26,3,59997
12178,2025-07-13,2,27,2,2598
12179,2025-07-13,2,28,2,3598
12180,2025-07-13,2,29,9,22491
12181,2025-07-13,2,30,8,31992
12182,2025-07-13,2,31,10,19990
12183,2025-07-13,2,32,15,134985
12184,2025-07-13,2,33,6,77994
12185,2025-07-13,2,34,9,170991
12186,2025-07-13,2,35,3,8997
12187,2025-07-13,2,36,6,8994
12188,2025-07-13,2,37,9,20691
12189,2025-07-13,2,38,11,98989
12190,2025-07-13,2,39,6,20994
12191,2025-07-13,2,40,7,4193
12192,2025-07-13,2,41,8,19992
12193,2025-07-13,2,42,1,1799
12194,2025-07-13,2,43,2,3998
12195,2025-07-13,2,44,2,2598
12196,2025-07-13,2,45,1,4999
12197,2025-07-13,2,46,4,3196
12198,2025-07-13,2,47,1,3499
12199,2025-07-13,2,48,2,7998
12200,2025-07-13,2,49,4,9996
12201,2025-07-13,2,50,4,5196
12202,2025-07-13,2,51,4,1996
12203,2025-07-13,2,52,2,3998
12204,2025-07-13,2,53,4,3596
12205,2025-07-13,2,54,8,4792
12206,2025-07-13,2,55,7,6293
12207,2025-07-13,2,56,7,4893
12208,2025-07-13,3,1,9,26991
12209,2025-07-13,3,3,2,9998
12210,2025-07-13,3,4,1,1499
12211,2025-07-13,3,5,15,19485
12212,2025-07-13,3,6,2,1798
12213,2025-07-13,3,7,10,79990
12214,2025-07-13,3,8,1,15999
12215,2025-07-13,3,9,5,2995
12216,2025-07-13,3,11,3,7497
12217,2025-07-13,3,12,3,1197
12218,2025-07-13,3,14,2,598
12219,2025-07-13,3,15,6,29994
12220,2025-07-13,3,16,5,3995
12221,2025-07-13,3,17,1,3999
12222,2025-07-13,3,18,5,8995
12223,2025-07-13,3,19,9,170991
12224,2025-07-13,3,21,3,7497
12225,2025-07-13,3,22,2,10998
12226,2025-07-13,3,23,3,14997
12227,2025-07-13,3,24,1,3499
12228,2025-07-13,3,25,8,39992
12229,2025-07-13,3,26,2,39998
12230,2025-07-13,3,27,1,1299
12231,2025-07-13,3,28,2,3598
12232,2025-07-13,3,29,11,27489
12233,2025-07-13,3,30,7,27993
12234,2025-07-13,3,31,7,13993
12235,2025-07-13,3,32,7,62993
12236,2025-07-13,3,33,4,51996
12237,2025-07-13,3,34,9,170991
12238,2025-07-13,3,35,3,8997
12239,2025-07-13,3,36,4,5996
12240,2025-07-13,3,37,5,11495
12241,2025-07-13,3,38,3,26997
12242,2025-07-13,3,39,7,24493
12243,2025-07-13,3,40,6,3594
12244,2025-07-13,3,41,6,14994
12245,2025-07-13,3,43,2,3998
12246,2025-07-13,3,44,4,5196
12247,2025-07-13,3,45,1,4999
12248,2025-07-13,3,46,2,1598
12249,2025-07-13,3,47,1,3499
12250,2025-07-13,3,48,3,11997
12251,2025-07-13,3,49,4,9996
12252,2025-07-13,3,50,5,6495
12253,2025-07-13,3,51,4,1996
12254,2025-07-13,3,52,1,1999
12255,2025-07-13,3,54,8,4792
12256,2025-07-13,3,55,3,2697
12257,2025-07-13,3,56,9,6291
12258,2025-07-13,4,1,7,20993
12259,2025-07-13,4,3,3,14997
12260,2025-07-13,4,4,3,4497
12261,2025-07-13,4,5,9,11691
12262,2025-07-13,4,6,2,1798
12263,2025-07-13,4,7,16,127984
12264,2025-07-13,4,8,3,47997
12265,2025-07-13,4,9,5,2995
12266,2025-07-13,4,10,1,299
12267,2025-07-13,4,11,3,7497
12268,2025-07-13,4,12,5,1995
12269,2025-07-13,4,13,1,499
12270,2025-07-13,4,14,2,598
12271,2025-07-13,4,15,13,64987
12272,2025-07-13,4,16,7,5593
12273,2025-07-13,4,17,3,11997
12274,2025-07-13,4,18,5,8995
12275,2025-07-13,4,19,9,170991
12276,2025-07-13,4,21,8,19992
12277,2025-07-13,4,22,6,32994
12278,2025-07-13,4,23,7,34993
12279,2025-07-13,4,24,2,6998
12280,2025-07-13,4,25,12,59988
12281,2025-07-13,4,26,4,79996
12282,2025-07-13,4,27,3,3897
12283,2025-07-13,4,28,2,3598
12284,2025-07-13,4,29,6,14994
12285,2025-07-13,4,30,10,39990
12286,2025-07-13,4,31,12,23988
12287,2025-07-13,4,32,7,62993
12288,2025-07-13,4,33,9,116991
12289,2025-07-13,4,34,18,341982
12290,2025-07-13,4,35,3,8997
12291,2025-07-13,4,36,6,8994
12292,2025-07-13,4,37,18,41382
12293,2025-07-13,4,38,7,62993
12294,2025-07-13,4,39,5,17495
12295,2025-07-13,4,40,6,3594
12296,2025-07-13,4,41,9,22491
12297,2025-07-13,4,42,1,1799
12298,2025-07-13,4,43,2,3998
12299,2025-07-13,4,44,4,5196
12300,2025-07-13,4,45,1,4999
12301,2025-07-13,4,46,3,2397
12302,2025-07-13,4,47,2,6998
12303,2025-07-13,4,48,2,7998
12304,2025-07-13,4,49,11,27489
12305,2025-07-13,4,50,8,10392
12306,2025-07-13,4,51,7,3493
12307,2025-07-13,4,52,4,7996
12308,2025-07-13,4,53,4,3596
12309,2025-07-13,4,54,11,6589
12310,2025-07-13,4,55,9,8091
12311,2025-07-13,4,56,4,2796
12312,2025-07-13,5,1,8,23992
12313,2025-07-13,5,3,2,9998
12314,2025-07-13,5,4,2,2998
12315,2025-07-13,5,5,14,18186
12316,2025-07-13,5,6,1,899
12317,2025-07-13,5,7,11,87989
12318,2025-07-13,5,8,1,15999
12319,2025-07-13,5,9,4,2396
12320,2025-07-13,5,11,2,4998
12321,2025-07-13,5,12,4,1596
12322,2025-07-13,5,14,1,299
12323,2025-07-13,5,15,3,14997
12324,2025-07-13,5,16,2,1598
12325,2025-07-13,5,17,1,3999
12326,2025-07-13,5,18,7,12593
12327,2025-07-13,5,19,5,94995
12328,2025-07-13,5,21,4,9996
12329,2025-07-13,5,22,5,27495
12330,2025-07-13,5,23,3,14997
12331,2025-07-13,5,24,1,3499
12332,2025-07-13,5,25,10,49990
12333,2025-07-13,5,26,2,39998
12334,2025-07-13,5,28,1,1799
12335,2025-07-13,5,29,9,22491
12336,2025-07-13,5,30,10,39990
12337,2025-07-13,5,31,6,11994
12338,2025-07-13,5,32,6,53994
12339,2025-07-13,5,33,4,51996
12340,2025-07-13,5,34,7,132993
12341,2025-07-13,5,35,2,5998
12342,2025-07-13,5,36,7,10493
12343,2025-07-13,5,37,8,18392
12344,2025-07-13,5,38,3,26997
12345,2025-07-13,5,39,6,20994
12346,2025-07-13,5,40,3,1797
12347,2025-07-13,5,41,8,19992
12348,2025-07-13,5,43,1,1999
12349,2025-07-13,5,44,1,1299
12350,2025-07-13,5,45,1,4999
12351,2025-07-13,5,46,1,799
12352,2025-07-13,5,47,1,3499
12353,2025-07-13,5,48,4,15996
12354,2025-07-13,5,49,4,9996
12355,2025-07-13,5,50,5,6495
12356,2025-07-13,5,51,4,1996
12357,2025-07-13,5,52,1,1999
12358,2025-07-13,5,53,3,2697
12359,2025-07-13,5,54,4,2396
12360,2025-07-13,5,55,4,3596
12361,2025-07-13,5,56,6,4194
12362,2025-07-13,6,1,6,17994
12363,2025-07-13,6,3,2,9998
12364,2025-07-13,6,4,2,2998
12365,2025-07-13,6,5,17,22083
12366,2025-07-13,6,6,2,1798
12367,2025-07-13,6,7,12,95988
12368,2025-07-13,6,8,1,15999
12369,2025-07-13,6,9,3,1797
12370,2025-07-13,6,10,1,299
12371,2025-07-13,6,11,2,4998
12372,2025-07-13,6,12,7,2793
12373,2025-07-13,6,14,2,598
12374,2025-07-13,6,15,8,39992
12375,2025-07-13,6,16,8,6392
12376,2025-07-13,6,17,4,15996
12377,2025-07-13,6,18,6,10794
12378,2025-07-13,6,19,8,151992
12379,2025-07-13,6,20,1,1299
12380,2025-07-13,6,21,11,27489
12381,2025-07-13,6,22,7,38493
12382,2025-07-13,6,23,5,24995
12383,2025-07-13,6,24,2,6998
12384,2025-07-13,6,25,10,49990
12385,2025-07-13,6,26,4,79996
12386,2025-07-13,6,28,1,1799
12387,2025-07-13,6,29,16,39984
12388,2025-07-13,6,30,6,23994
12389,2025-07-13,6,31,12,23988
12390,2025-07-13,6,32,10,89990
12391,2025-07-13,6,33,6,77994
12392,2025-07-13,6,34,7,132993
12393,2025-07-13,6,35,5,14995
12394,2025-07-13,6,36,6,8994
12395,2025-07-13,6,37,5,11495
12396,2025-07-13,6,38,8,71992
12397,2025-07-13,6,39,6,20994
12398,2025-07-13,6,40,7,4193
12399,2025-07-13,6,41,9,22491
12400,2025-07-13,6,43,3,5997
12401,2025-07-13,6,44,6,7794
12402,2025-07-13,6,45,2,9998
12403,2025-07-13,6,46,3,2397
12404,2025-07-13,6,47,2,6998
12405,2025-07-13,6,48,4,15996
12406,2025-07-13,6,49,4,9996
12407,2025-07-13,6,50,2,2598
12408,2025-07-13,6,51,5,2495
12409,2025-07-13,6,52,3,5997
12410,2025-07-13,6,53,3,2697
12411,2025-07-13,6,54,8,4792
12412,2025-07-13,6,55,7,6293
12413,2025-07-13,6,56,7,4893
12414,2025-07-14,1,1,18,53982
12415,2025-07-14,1,3,2,9998
12416,2025-07-14,1,4,4,5996
12417,2025-07-14,1,5,12,15588
12418,2025-07-14,1,6,2,1798
12419,2025-07-14,1,7,6,47994
12420,2025-07-14,1,8,1,15999
12421,2025-07-14,1,9,4,2396
12422,2025-07-14,1,10,1,299
12423,2025-07-14,1,11,2,4998
12424,2025-07-14,1,12,3,1197
12425,2025-07-14,1,14,2,598
12426,2025-07-14,1,15,6,29994
12427,2025-07-14,1,16,8,6392
12428,2025-07-14,1,17,2,7998
12429,2025-07-14,1,18,6,10794
12430,2025-07-14,1,19,7,132993
12431,2025-07-14,1,20,1,1299
12432,2025-07-14,1,21,12,29988
12433,2025-07-14,1,22,9,49491
12434,2025-07-14,1,23,4,19996
12435,2025-07-14,1,24,3,10497
12436,2025-07-14,1,25,10,49990
12437,2025-07-14,1,26,5,99995
12438,2025-07-14,1,27,1,1299
12439,2025-07-14,1,28,1,1799
12440,2025-07-14,1,29,12,29988
12441,2025-07-14,1,30,5,19995
12442,2025-07-14,1,31,5,9995
12443,2025-07-14,1,32,7,62993
12444,2025-07-14,1,33,6,77994
12445,2025-07-14,1,34,5,94995
12446,2025-07-14,1,35,3,8997
12447,2025-07-14,1,36,7,10493
12448,2025-07-14,1,37,10,22990
12449,2025-07-14,1,38,5,44995
12450,2025-07-14,1,39,6,20994
12451,2025-07-14,1,40,6,3594
12452,2025-07-14,1,41,6,14994
12453,2025-07-14,1,42,1,1799
12454,2025-07-14,1,43,2,3998
12455,2025-07-14,1,44,2,2598
12456,2025-07-14,1,45,2,9998
12457,2025-07-14,1,46,3,2397
12458,2025-07-14,1,48,3,11997
12459,2025-07-14,1,49,6,14994
12460,2025-07-14,1,50,4,5196
12461,2025-07-14,1,51,2,998
12462,2025-07-14,1,52,2,3998
12463,2025-07-14,1,53,3,2697
12464,2025-07-14,1,54,4,2396
12465,2025-07-14,1,55,4,3596
12466,2025-07-14,1,56,5,3495
12467,2025-07-14,2,1,6,17994
12468,2025-07-14,2,2,1,1999
12469,2025-07-14,2,3,2,9998
12470,2025-07-14,2,4,2,2998
12471,2025-07-14,2,5,12,15588
12472,2025-07-14,2,6,1,899
12473,2025-07-14,2,7,11,87989
12474,2025-07-14,2,8,1,15999
12475,2025-07-14,2,9,2,1198
12476,2025-07-14,2,11,2,4998
12477,2025-07-14,2,12,3,1197
12478,2025-07-14,2,13,1,499
12479,2025-07-14,2,14,3,897
12480,2025-07-14,2,15,2,9998
12481,2025-07-14,2,16,4,3196
12482,2025-07-14,2,17,2,7998
12483,2025-07-14,2,18,6,10794
12484,2025-07-14,2,19,8,151992
12485,2025-07-14,2,21,6,14994
12486,2025-07-14,2,22,5,27495
12487,2025-07-14,2,23,2,9998
12488,2025-07-14,2,24,1,3499
12489,2025-07-14,2,25,5,24995
12490,2025-07-14,2,26,2,39998
12491,2025-07-14,2,27,1,1299
12492,2025-07-14,2,28,1,1799
12493,2025-07-14,2,29,5,12495
12494,2025-07-14,2,30,5,19995
12495,2025-07-14,2,31,5,9995
12496,2025-07-14,2,32,8,71992
12497,2025-07-14,2,33,4,51996
12498,2025-07-14,2,34,8,151992
12499,2025-07-14,2,35,3,8997
12500,2025-07-14,2,36,4,5996
12501,2025-07-14,2,37,4,9196
12502,2025-07-14,2,38,4,35996
12503,2025-07-14,2,39,6,20994
12504,2025-07-14,2,40,1,599
12505,2025-07-14,2,41,7,17493
12506,2025-07-14,2,43,1,1999
12507,2025-07-14,2,44,2,2598
12508,2025-07-14,2,45,1,4999
12509,2025-07-14,2,46,3,2397
12510,2025-07-14,2,47,1,3499
12511,2025-07-14,2,48,2,7998
12512,2025-07-14,2,49,7,17493
12513,2025-07-14,2,50,3,3897
12514,2025-07-14,2,51,2,998
12515,2025-07-14,2,52,2,3998
12516,2025-07-14,2,53,3,2697
12517,2025-07-14,2,54,10,5990
12518,2025-07-14,2,55,3,2697
12519,2025-07-14,2,56,4,2796
12520,2025-07-14,3,1,6,17994
12521,2025-07-14,3,3,2,9998
12522,2025-07-14,3,4,2,2998
12523,2025-07-14,3,5,10,12990
12524,2025-07-14,3,6,1,899
12525,2025-07-14,3,7,8,63992
12526,2025-07-14,3,8,1,15999
12527,2025-07-14,3,9,2,1198
12528,2025-07-14,3,11,2,4998
12529,2025-07-14,3,12,4,1596
12530,2025-07-14,3,13,1,499
12531,2025-07-14,3,14,2,598
12532,2025-07-14,3,15,3,14997
12533,2025-07-14,3,16,2,1598
12534,2025-07-14,3,17,2,7998
12535,2025-07-14,3,18,5,8995
12536,2025-07-14,3,19,5,94995
12537,2025-07-14,3,21,9,22491
12538,2025-07-14,3,22,5,27495
12539,2025-07-14,3,23,3,14997
12540,2025-07-14,3,24,1,3499
12541,2025-07-14,3,25,5,24995
12542,2025-07-14,3,26,2,39998
12543,2025-07-14,3,27,1,1299
12544,2025-07-14,3,28,1,1799
12545,2025-07-14,3,29,7,17493
12546,2025-07-14,3,30,5,19995
12547,2025-07-14,3,31,4,7996
12548,2025-07-14,3,32,5,44995
12549,2025-07-14,3,33,2,25998
12550,2025-07-14,3,34,5,94995
12551,2025-07-14,3,35,3,8997
12552,2025-07-14,3,36,4,5996
12553,2025-07-14,3,37,5,11495
12554,2025-07-14,3,38,4,35996
12555,2025-07-14,3,39,7,24493
12556,2025-07-14,3,40,2,1198
12557,2025-07-14,3,41,5,12495
12558,2025-07-14,3,43,1,1999
12559,2025-07-14,3,44,2,2598
12560,2025-07-14,3,46,1,799
12561,2025-07-14,3,47,1,3499
12562,2025-07-14,3,48,1,3999
12563,2025-07-14,3,49,2,4998
12564,2025-07-14,3,50,2,2598
12565,2025-07-14,3,51,3,1497
12566,2025-07-14,3,53,3,2697
12567,2025-07-14,3,54,7,4193
12568,2025-07-14,3,55,3,2697
12569,2025-07-14,3,56,4,2796
12570,2025-07-14,4,1,3,8997
12571,2025-07-14,4,2,1,1999
12572,2025-07-14,4,3,3,14997
12573,2025-07-14,4,4,3,4497
12574,2025-07-14,4,5,17,22083
12575,2025-07-14,4,6,1,899
12576,2025-07-14,4,7,13,103987
12577,2025-07-14,4,8,1,15999
12578,2025-07-14,4,9,4,2396
12579,2025-07-14,4,11,4,9996
12580,2025-07-14,4,12,3,1197
12581,2025-07-14,4,13,1,499
12582,2025-07-14,4,14,2,598
12583,2025-07-14,4,15,1,4999
12584,2025-07-14,4,16,6,4794
12585,2025-07-14,4,17,4,15996
12586,2025-07-14,4,18,5,8995
12587,2025-07-14,4,19,11,208989
12588,2025-07-14,4,21,9,22491
12589,2025-07-14,4,22,12,65988
12590,2025-07-14,4,23,3,14997
12591,2025-07-14,4,24,2,6998
12592,2025-07-14,4,25,12,59988
12593,2025-07-14,4,26,4,79996
12594,2025-07-14,4,27,1,1299
12595,2025-07-14,4,28,1,1799
12596,2025-07-14,4,29,10,24990
12597,2025-07-14,4,30,4,15996
12598,2025-07-14,4,31,8,15992
12599,2025-07-14,4,32,10,89990
12600,2025-07-14,4,33,6,77994
12601,2025-07-14,4,34,10,189990
12602,2025-07-14,4,35,5,14995
12603,2025-07-14,4,36,6,8994
12604,2025-07-14,4,37,9,20691
12605,2025-07-14,4,38,4,35996
12606,2025-07-14,4,39,11,38489
12607,2025-07-14,4,40,7,4193
12608,2025-07-14,4,41,9,22491
12609,2025-07-14,4,43,3,5997
12610,2025-07-14,4,44,5,6495
12611,2025-07-14,4,45,1,4999
12612,2025-07-14,4,46,3,2397
12613,2025-07-14,4,47,1,3499
12614,2025-07-14,4,48,2,7998
12615,2025-07-14,4,49,5,12495
12616,2025-07-14,4,50,4,5196
12617,2025-07-14,4,51,5,2495
12618,2025-07-14,4,52,1,1999
12619,2025-07-14,4,53,4,3596
12620,2025-07-14,4,54,12,7188
12621,2025-07-14,4,55,8,7192
12622,2025-07-14,4,56,5,3495
12623,2025-07-14,5,1,4,11996
12624,2025-07-14,5,3,1,4999
12625,2025-07-14,5,4,1,1499
12626,2025-07-14,5,5,7,9093
12627,2025-07-14,5,6,2,1798
12628,2025-07-14,5,7,5,39995
12629,2025-07-14,5,8,1,15999
12630,2025-07-14,5,9,3,1797
12631,2025-07-14,5,10,1,299
12632,2025-07-14,5,11,1,2499
12633,2025-07-14,5,12,4,1596
12634,2025-07-14,5,14,2,598
12635,2025-07-14,5,15,5,24995
12636,2025-07-14,5,16,3,2397
12637,2025-07-14,5,17,1,3999
12638,2025-07-14,5,18,5,8995
12639,2025-07-14,5,19,3,56997
12640,2025-07-14,5,21,3,7497
12641,2025-07-14,5,22,4,21996
12642,2025-07-14,5,23,2,9998
12643,2025-07-14,5,25,6,29994
12644,2025-07-14,5,26,2,39998
12645,2025-07-14,5,27,1,1299
12646,2025-07-14,5,28,1,1799
12647,2025-07-14,5,29,6,14994
12648,2025-07-14,5,30,4,15996
12649,2025-07-14,5,31,4,7996
12650,2025-07-14,5,32,7,62993
12651,2025-07-14,5,33,1,12999
12652,2025-07-14,5,34,5,94995
12653,2025-07-14,5,35,3,8997
12654,2025-07-14,5,36,3,4497
12655,2025-07-14,5,37,5,11495
12656,2025-07-14,5,38,3,26997
12657,2025-07-14,5,39,4,13996
12658,2025-07-14,5,40,1,599
12659,2025-07-14,5,41,4,9996
12660,2025-07-14,5,43,1,1999
12661,2025-07-14,5,44,3,3897
12662,2025-07-14,5,45,1,4999
12663,2025-07-14,5,46,1,799
12664,2025-07-14,5,47,1,3499
12665,2025-07-14,5,48,3,11997
12666,2025-07-14,5,49,6,14994
12667,2025-07-14,5,50,1,1299
12668,2025-07-14,5,51,4,1996
12669,2025-07-14,5,52,2,3998
12670,2025-07-14,5,53,1,899
12671,2025-07-14,5,54,5,2995
12672,2025-07-14,5,55,4,3596
12673,2025-07-14,5,56,4,2796
12674,2025-07-14,6,1,4,11996
12675,2025-07-14,6,2,1,1999
12676,2025-07-14,6,3,3,14997
12677,2025-07-14,6,4,3,4497
12678,2025-07-14,6,5,10,12990
12679,2025-07-14,6,6,1,899
12680,2025-07-14,6,7,8,63992
12681,2025-07-14,6,8,1,15999
12682,2025-07-14,6,9,4,2396
12683,2025-07-14,6,10,1,299
12684,2025-07-14,6,11,3,7497
12685,2025-07-14,6,12,4,1596
12686,2025-07-14,6,15,4,19996
12687,2025-07-14,6,16,2,1598
12688,2025-07-14,6,17,3,11997
12689,2025-07-14,6,18,5,8995
12690,2025-07-14,6,19,8,151992
12691,2025-07-14,6,21,7,17493
12692,2025-07-14,6,22,6,32994
12693,2025-07-14,6,23,1,4999
12694,2025-07-14,6,24,2,6998
12695,2025-07-14,6,25,10,49990
12696,2025-07-14,6,26,3,59997
12697,2025-07-14,6,28,1,1799
12698,2025-07-14,6,29,2,4998
12699,2025-07-14,6,30,6,23994
12700,2025-07-14,6,31,5,9995
12701,2025-07-14,6,32,6,53994
12702,2025-07-14,6,33,3,38997
12703,2025-07-14,6,34,9,170991
12704,2025-07-14,6,35,4,11996
12705,2025-07-14,6,36,5,7495
12706,2025-07-14,6,37,9,20691
12707,2025-07-14,6,38,5,44995
12708,2025-07-14,6,39,9,31491
12709,2025-07-14,6,40,4,2396
12710,2025-07-14,6,41,6,14994
12711,2025-07-14,6,42,1,1799
12712,2025-07-14,6,43,3,5997
12713,2025-07-14,6,44,2,2598
12714,2025-07-14,6,46,2,1598
12715,2025-07-14,6,48,2,7998
12716,2025-07-14,6,49,9,22491
12717,2025-07-14,6,50,5,6495
12718,2025-07-14,6,51,4,1996
12719,2025-07-14,6,52,1,1999
12720,2025-07-14,6,53,2,1798
12721,2025-07-14,6,54,13,7787
12722,2025-07-14,6,55,4,3596
12723,2025-07-14,6,56,3,2097
12724,2025-07-15,1,1,27,80973
12725,2025-07-15,1,3,2,9998
12726,2025-07-15,1,4,1,1499
12727,2025-07-15,1,5,17,22083
12728,2025-07-15,1,6,1,899
12729,2025-07-15,1,7,10,79990
12730,2025-07-15,1,9,5,2995
12731,2025-07-15,1,10,1,299
12732,2025-07-15,1,11,3,7497
12733,2025-07-15,1,12,5,1995
12734,2025-07-15,1,14,1,299
12735,2025-07-15,1,15,7,34993
12736,2025-07-15,1,16,3,2397
12737,2025-07-15,1,17,3,11997
12738,2025-07-15,1,18,5,8995
12739,2025-07-15,1,19,6,113994
12740,2025-07-15,1,21,10,24990
12741,2025-07-15,1,22,4,21996
12742,2025-07-15,1,23,3,14997
12743,2025-07-15,1,24,2,6998
12744,2025-07-15,1,25,12,59988
12745,2025-07-15,1,26,3,59997
12746,2025-07-15,1,27,1,1299
12747,2025-07-15,1,28,1,1799
12748,2025-07-15,1,29,9,22491
12749,2025-07-15,1,30,7,27993
12750,2025-07-15,1,31,6,11994
12751,2025-07-15,1,32,7,62993
12752,2025-07-15,1,33,2,25998
12753,2025-07-15,1,34,11,208989
12754,2025-07-15,1,35,5,14995
12755,2025-07-15,1,36,4,5996
12756,2025-07-15,1,37,7,16093
12757,2025-07-15,1,38,5,44995
12758,2025-07-15,1,39,10,34990
12759,2025-07-15,1,40,6,3594
12760,2025-07-15,1,41,3,7497
12761,2025-07-15,1,43,3,5997
12762,2025-07-15,1,44,2,2598
12763,2025-07-15,1,45,1,4999
12764,2025-07-15,1,46,2,1598
12765,2025-07-15,1,47,1,3499
12766,2025-07-15,1,48,3,11997
12767,2025-07-15,1,49,6,14994
12768,2025-07-15,1,50,4,5196
12769,2025-07-15,1,51,4,1996
12770,2025-07-15,1,52,2,3998
12771,2025-07-15,1,53,2,1798
12772,2025-07-15,1,54,8,4792
12773,2025-07-15,1,55,4,3596
12774,2025-07-15,1,56,7,4893
12775,2025-07-15,2,1,5,14995
12776,2025-07-15,2,3,3,14997
12777,2025-07-15,2,4,3,4497
12778,2025-07-15,2,5,13,16887
12779,2025-07-15,2,6,2,1798
12780,2025-07-15,2,7,2,15998
12781,2025-07-15,2,9,2,1198
12782,2025-07-15,2,11,2,4998
12783,2025-07-15,2,12,5,1995
12784,2025-07-15,2,14,3,897
12785,2025-07-15,2,15,5,24995
12786,2025-07-15,2,16,2,1598
12787,2025-07-15,2,17,2,7998
12788,2025-07-15,2,18,3,5397
12789,2025-07-15,2,19,2,37998
12790,2025-07-15,2,21,9,22491
12791,2025-07-15,2,22,5,27495
12792,2025-07-15,2,23,4,19996
12793,2025-07-15,2,24,1,3499
12794,2025-07-15,2,25,7,34993
12795,2025-07-15,2,26,3,59997
12796,2025-07-15,2,27,1,1299
12797,2025-07-15,2,28,2,3598
12798,2025-07-15,2,29,6,14994
12799,2025-07-15,2,30,3,11997
12800,2025-07-15,2,31,7,13993
12801,2025-07-15,2,32,3,26997
12802,2025-07-15,2,33,5,64995
12803,2025-07-15,2,34,6,113994
12804,2025-07-15,2,35,3,8997
12805,2025-07-15,2,36,4,5996
12806,2025-07-15,2,37,8,18392
12807,2025-07-15,2,38,7,62993
12808,2025-07-15,2,39,8,27992
12809,2025-07-15,2,40,5,2995
12810,2025-07-15,2,41,4,9996
12811,2025-07-15,2,42,1,1799
12812,2025-07-15,2,43,2,3998
12813,2025-07-15,2,44,2,2598
12814,2025-07-15,2,46,1,799
12815,2025-07-15,2,47,1,3499
12816,2025-07-15,2,48,3,11997
12817,2025-07-15,2,49,2,4998
12818,2025-07-15,2,50,4,5196
12819,2025-07-15,2,51,3,1497
12820,2025-07-15,2,52,1,1999
12821,2025-07-15,2,53,3,2697
12822,2025-07-15,2,54,5,2995
12823,2025-07-15,2,55,4,3596
12824,2025-07-15,2,56,5,3495
12825,2025-07-15,3,1,4,11996
12826,2025-07-15,3,3,2,9998
12827,2025-07-15,3,4,1,1499
12828,2025-07-15,3,5,9,11691
12829,2025-07-15,3,6,1,899
12830,2025-07-15,3,7,4,31996
12831,2025-07-15,3,8,1,15999
12832,2025-07-15,3,9,5,2995
12833,2025-07-15,3,10,1,299
12834,2025-07-15,3,11,3,7497
12835,2025-07-15,3,12,3,1197
12836,2025-07-15,3,14,1,299
12837,2025-07-15,3,15,5,24995
12838,2025-07-15,3,16,5,3995
12839,2025-07-15,3,17,2,7998
12840,2025-07-15,3,18,5,8995
12841,2025-07-15,3,19,8,151992
12842,2025-07-15,3,21,7,17493
12843,2025-07-15,3,22,5,27495
12844,2025-07-15,3,23,1,4999
12845,2025-07-15,3,24,1,3499
12846,2025-07-15,3,25,4,19996
12847,2025-07-15,3,26,2,39998
12848,2025-07-15,3,28,1,1799
12849,2025-07-15,3,29,6,14994
12850,2025-07-15,3,30,4,15996
12851,2025-07-15,3,31,7,13993
12852,2025-07-15,3,32,8,71992
12853,2025-07-15,3,33,5,64995
12854,2025-07-15,3,34,5,94995
12855,2025-07-15,3,35,2,5998
12856,2025-07-15,3,36,2,2998
12857,2025-07-15,3,37,6,13794
12858,2025-07-15,3,38,4,35996
12859,2025-07-15,3,39,2,6998
12860,2025-07-15,3,40,3,1797
12861,2025-07-15,3,41,3,7497
12862,2025-07-15,3,43,2,3998
12863,2025-07-15,3,44,2,2598
12864,2025-07-15,3,46,2,1598
12865,2025-07-15,3,48,1,3999
12866,2025-07-15,3,49,3,7497
12867,2025-07-15,3,50,3,3897
12868,2025-07-15,3,51,3,1497
12869,2025-07-15,3,52,2,3998
12870,2025-07-15,3,53,2,1798
12871,2025-07-15,3,54,6,3594
12872,2025-07-15,3,55,3,2697
12873,2025-07-15,3,56,3,2097
12874,2025-07-15,4,1,6,17994
12875,2025-07-15,4,3,3,14997
12876,2025-07-15,4,4,2,2998
12877,2025-07-15,4,5,13,16887
12878,2025-07-15,4,6,2,1798
12879,2025-07-15,4,7,4,31996
12880,2025-07-15,4,8,2,31998
12881,2025-07-15,4,9,8,4792
12882,2025-07-15,4,10,1,299
12883,2025-07-15,4,11,5,12495
12884,2025-07-15,4,12,2,798
12885,2025-07-15,4,14,3,897
12886,2025-07-15,4,15,7,34993
12887,2025-07-15,4,16,5,3995
12888,2025-07-15,4,17,3,11997
12889,2025-07-15,4,18,3,5397
12890,2025-07-15,4,19,7,132993
12891,2025-07-15,4,21,4,9996
12892,2025-07-15,4,22,3,16497
12893,2025-07-15,4,23,3,14997
12894,2025-07-15,4,24,1,3499
12895,2025-07-15,4,25,11,54989
12896,2025-07-15,4,26,3,59997
12897,2025-07-15,4,27,2,2598
12898,2025-07-15,4,28,1,1799
12899,2025-07-15,4,29,9,22491
12900,2025-07-15,4,30,8,31992
12901,2025-07-15,4,31,6,11994
12902,2025-07-15,4,32,11,98989
12903,2025-07-15,4,33,6,77994
12904,2025-07-15,4,34,4,75996
12905,2025-07-15,4,35,4,11996
12906,2025-07-15,4,36,3,4497
12907,2025-07-15,4,37,13,29887
12908,2025-07-15,4,38,5,44995
12909,2025-07-15,4,39,5,17495
12910,2025-07-15,4,40,6,3594
12911,2025-07-15,4,41,6,14994
12912,2025-07-15,4,43,2,3998
12913,2025-07-15,4,44,3,3897
12914,2025-07-15,4,45,1,4999
12915,2025-07-15,4,46,1,799
12916,2025-07-15,4,47,1,3499
12917,2025-07-15,4,48,2,7998
12918,2025-07-15,4,49,8,19992
12919,2025-07-15,4,50,5,6495
12920,2025-07-15,4,51,4,1996
12921,2025-07-15,4,52,3,5997
12922,2025-07-15,4,53,3,2697
12923,2025-07-15,4,54,8,4792
12924,2025-07-15,4,55,6,5394
12925,2025-07-15,4,56,3,2097
12926,2025-07-15,5,1,4,11996
12927,2025-07-15,5,3,2,9998
12928,2025-07-15,5,4,1,1499
12929,2025-07-15,5,5,8,10392
12930,2025-07-15,5,6,1,899
12931,2025-07-15,5,7,3,23997
12932,2025-07-15,5,9,3,1797
12933,2025-07-15,5,11,1,2499
12934,2025-07-15,5,12,2,798
12935,2025-07-15,5,14,1,299
12936,2025-07-15,5,15,4,19996
12937,2025-07-15,5,16,3,2397
12938,2025-07-15,5,17,1,3999
12939,2025-07-15,5,18,5,8995
12940,2025-07-15,5,19,3,56997
12941,2025-07-15,5,21,5,12495
12942,2025-07-15,5,22,6,32994
12943,2025-07-15,5,23,2,9998
12944,2025-07-15,5,24,1,3499
12945,2025-07-15,5,25,7,34993
12946,2025-07-15,5,26,2,39998
12947,2025-07-15,5,27,1,1299
12948,2025-07-15,5,28,1,1799
12949,2025-07-15,5,29,6,14994
12950,2025-07-15,5,30,2,7998
12951,2025-07-15,5,31,7,13993
12952,2025-07-15,5,32,4,35996
12953,2025-07-15,5,33,5,64995
12954,2025-07-15,5,34,5,94995
12955,2025-07-15,5,35,3,8997
12956,2025-07-15,5,36,4,5996
12957,2025-07-15,5,37,4,9196
12958,2025-07-15,5,38,5,44995
12959,2025-07-15,5,39,4,13996
12960,2025-07-15,5,40,3,1797
12961,2025-07-15,5,41,3,7497
12962,2025-07-15,5,42,1,1799
12963,2025-07-15,5,43,2,3998
12964,2025-07-15,5,44,1,1299
12965,2025-07-15,5,46,2,1598
12966,2025-07-15,5,47,1,3499
12967,2025-07-15,5,48,2,7998
12968,2025-07-15,5,49,3,7497
12969,2025-07-15,5,50,1,1299
12970,2025-07-15,5,51,1,499
12971,2025-07-15,5,52,2,3998
12972,2025-07-15,5,54,4,2396
12973,2025-07-15,5,55,4,3596
12974,2025-07-15,5,56,5,3495
12975,2025-07-15,6,1,4,11996
12976,2025-07-15,6,3,1,4999
12977,2025-07-15,6,4,1,1499
12978,2025-07-15,6,5,11,14289
12979,2025-07-15,6,6,3,2697
12980,2025-07-15,6,7,11,87989
12981,2025-07-15,6,8,1,15999
12982,2025-07-15,6,9,6,3594
12983,2025-07-15,6,11,2,4998
12984,2025-07-15,6,12,4,1596
12985,2025-07-15,6,13,1,499
12986,2025-07-15,6,14,1,299
12987,2025-07-15,6,15,6,29994
12988,2025-07-15,6,16,6,4794
12989,2025-07-15,6,17,2,7998
12990,2025-07-15,6,18,5,8995
12991,2025-07-15,6,19,3,56997
12992,2025-07-15,6,21,6,14994
12993,2025-07-15,6,22,3,16497
12994,2025-07-15,6,23,3,14997
12995,2025-07-15,6,24,1,3499
12996,2025-07-15,6,25,2,9998
12997,2025-07-15,6,26,3,59997
12998,2025-07-15,6,28,1,1799
12999,2025-07-15,6,29,8,19992
13000,2025-07-15,6,30,6,23994
13001,2025-07-15,6,31,6,11994
13002,2025-07-15,6,32,3,26997
13003,2025-07-15,6,33,7,90993
13004,2025-07-15,6,34,8,151992
13005,2025-07-15,6,35,3,8997
13006,2025-07-15,6,36,4,5996
13007,2025-07-15,6,37,5,11495
13008,2025-07-15,6,38,4,35996
13009,2025-07-15,6,39,7,24493
13010,2025-07-15,6,40,5,2995
13011,2025-07-15,6,41,5,12495
13012,2025-07-15,6,43,1,1999
13013,2025-07-15,6,44,2,2598
13014,2025-07-15,6,45,1,4999
13015,2025-07-15,6,46,3,2397
13016,2025-07-15,6,47,1,3499
13017,2025-07-15,6,48,2,7998
13018,2025-07-15,6,49,3,7497
13019,2025-07-15,6,50,3,3897
13020,2025-07-15,6,51,4,1996
13021,2025-07-15,6,52,2,3998
13022,2025-07-15,6,53,3,2697
13023,2025-07-15,6,54,8,4792
13024,2025-07-15,6,55,4,3596
13025,2025-07-15,6,56,7,4893
13026,2025-07-16,1,1,13,38987
13027,2025-07-16,1,3,1,4999
13028,2025-07-16,1,4,1,1499
13029,2025-07-16,1,5,14,18186
13030,2025-07-16,1,6,2,1798
13031,2025-07-16,1,7,3,23997
13032,2025-07-16,1,8,2,31998
13033,2025-07-16,1,9,3,1797
13034,2025-07-16,1,11,2,4998
13035,2025-07-16,1,12,4,1596
13036,2025-07-16,1,14,1,299
13037,2025-07-16,1,15,6,29994
13038,2025-07-16,1,16,4,3196
13039,2025-07-16,1,17,2,7998
13040,2025-07-16,1,18,3,5397
13041,2025-07-16,1,19,8,151992
13042,2025-07-16,1,21,9,22491
13043,2025-07-16,1,22,9,49491
13044,2025-07-16,1,23,2,9998
13045,2025-07-16,1,24,1,3499
13046,2025-07-16,1,25,9,44991
13047,2025-07-16,1,26,4,79996
13048,2025-07-16,1,27,1,1299
13049,2025-07-16,1,28,1,1799
13050,2025-07-16,1,29,14,34986
13051,2025-07-16,1,30,3,11997
13052,2025-07-16,1,31,9,17991
13053,2025-07-16,1,32,6,53994
13054,2025-07-16,1,33,7,90993
13055,2025-07-16,1,34,7,132993
13056,2025-07-16,1,35,4,11996
13057,2025-07-16,1,36,6,8994
13058,2025-07-16,1,37,9,20691
13059,2025-07-16,1,38,7,62993
13060,2025-07-16,1,39,7,24493
13061,2025-07-16,1,40,9,5391
13062,2025-07-16,1,41,9,22491
13063,2025-07-16,1,42,1,1799
13064,2025-07-16,1,43,3,5997
13065,2025-07-16,1,44,3,3897
13066,2025-07-16,1,45,1,4999
13067,2025-07-16,1,46,3,2397
13068,2025-07-16,1,47,1,3499
13069,2025-07-16,1,48,3,11997
13070,2025-07-16,1,49,3,7497
13071,2025-07-16,1,50,3,3897
13072,2025-07-16,1,51,2,998
13073,2025-07-16,1,52,4,7996
13074,2025-07-16,1,53,3,2697
13075,2025-07-16,1,54,12,7188
13076,2025-07-16,1,55,9,8091
13077,2025-07-16,1,56,7,4893
13078,2025-07-16,2,1,5,14995
13079,2025-07-16,2,3,3,14997
13080,2025-07-16,2,5,10,12990
13081,2025-07-16,2,6,1,899
13082,2025-07-16,2,7,9,71991
13083,2025-07-16,2,8,1,15999
13084,2025-07-16,2,9,4,2396
13085,2025-07-16,2,11,2,4998
13086,2025-07-16,2,12,5,1995
13087,2025-07-16,2,14,3,897
13088,2025-07-16,2,15,4,19996
13089,2025-07-16,2,16,6,4794
13090,2025-07-16,2,17,2,7998
13091,2025-07-16,2,18,5,8995
13092,2025-07-16,2,19,12,227988
13093,2025-07-16,2,21,6,14994
13094,2025-07-16,2,22,7,38493
13095,2025-07-16,2,23,1,4999
13096,2025-07-16,2,24,2,6998
13097,2025-07-16,2,25,11,54989
13098,2025-07-16,2,26,3,59997
13099,2025-07-16,2,27,1,1299
13100,2025-07-16,2,28,1,1799
13101,2025-07-16,2,29,6,14994
13102,2025-07-16,2,30,6,23994
13103,2025-07-16,2,31,6,11994
13104,2025-07-16,2,32,5,44995
13105,2025-07-16,2,33,3,38997
13106,2025-07-16,2,34,8,151992
13107,2025-07-16,2,35,1,2999
13108,2025-07-16,2,36,3,4497
13109,2025-07-16,2,37,9,20691
13110,2025-07-16,2,38,4,35996
13111,2025-07-16,2,39,5,17495
13112,2025-07-16,2,40,6,3594
13113,2025-07-16,2,41,7,17493
13114,2025-07-16,2,42,1,1799
13115,2025-07-16,2,43,2,3998
13116,2025-07-16,2,44,3,3897
13117,2025-07-16,2,46,2,1598
13118,2025-07-16,2,47,1,3499
13119,2025-07-16,2,48,1,3999
13120,2025-07-16,2,49,5,12495
13121,2025-07-16,2,50,2,2598
13122,2025-07-16,2,51,4,1996
13123,2025-07-16,2,52,1,1999
13124,2025-07-16,2,53,1,899
13125,2025-07-16,2,54,10,5990
13126,2025-07-16,2,55,5,4495
13127,2025-07-16,2,56,4,2796
13128,2025-07-16,3,1,4,11996
13129,2025-07-16,3,3,2,9998
13130,2025-07-16,3,4,1,1499
13131,2025-07-16,3,5,9,11691
13132,2025-07-16,3,6,1,899
13133,2025-07-16,3,7,5,39995
13134,2025-07-16,3,8,1,15999
13135,2025-07-16,3,9,3,1797
13136,2025-07-16,3,11,2,4998
13137,2025-07-16,3,12,2,798
13138,2025-07-16,3,14,1,299
13139,2025-07-16,3,15,3,14997
13140,2025-07-16,3,16,1,799
13141,2025-07-16,3,17,1,3999
13142,2025-07-16,3,18,3,5397
13143,2025-07-16,3,19,7,132993
13144,2025-07-16,3,21,4,9996
13145,2025-07-16,3,22,6,32994
13146,2025-07-16,3,23,3,14997
13147,2025-07-16,3,24,1,3499
13148,2025-07-16,3,25,7,34993
13149,2025-07-16,3,26,3,59997
13150,2025-07-16,3,28,1,1799
13151,2025-07-16,3,29,4,9996
13152,2025-07-16,3,30,6,23994
13153,2025-07-16,3,31,5,9995
13154,2025-07-16,3,32,3,26997
13155,2025-07-16,3,33,3,38997
13156,2025-07-16,3,34,6,113994
13157,2025-07-16,3,35,3,8997
13158,2025-07-16,3,36,2,2998
13159,2025-07-16,3,37,7,16093
13160,2025-07-16,3,38,6,53994
13161,2025-07-16,3,39,6,20994
13162,2025-07-16,3,40,6,3594
13163,2025-07-16,3,41,5,12495
13164,2025-07-16,3,42,1,1799
13165,2025-07-16,3,43,1,1999
13166,2025-07-16,3,44,3,3897
13167,2025-07-16,3,45,1,4999
13168,2025-07-16,3,46,2,1598
13169,2025-07-16,3,48,1,3999
13170,2025-07-16,3,49,4,9996
13171,2025-07-16,3,50,3,3897
13172,2025-07-16,3,51,2,998
13173,2025-07-16,3,52,2,3998
13174,2025-07-16,3,53,2,1798
13175,2025-07-16,3,54,7,4193
13176,2025-07-16,3,55,5,4495
13177,2025-07-16,3,56,3,2097
13178,2025-07-16,4,1,5,14995
13179,2025-07-16,4,2,1,1999
13180,2025-07-16,4,3,3,14997
13181,2025-07-16,4,4,3,4497
13182,2025-07-16,4,5,11,14289
13183,2025-07-16,4,6,1,899
13184,2025-07-16,4,7,10,79990
13185,2025-07-16,4,8,1,15999
13186,2025-07-16,4,9,3,1797
13187,2025-07-16,4,11,2,4998
13188,2025-07-16,4,12,6,2394
13189,2025-07-16,4,13,1,499
13190,2025-07-16,4,14,2,598
13191,2025-07-16,4,15,8,39992
13192,2025-07-16,4,16,6,4794
13193,2025-07-16,4,17,1,3999
13194,2025-07-16,4,18,5,8995
13195,2025-07-16,4,19,7,132993
13196,2025-07-16,4,21,10,24990
13197,2025-07-16,4,22,7,38493
13198,2025-07-16,4,23,5,24995
13199,2025-07-16,4,24,1,3499
13200,2025-07-16,4,25,8,39992
13201,2025-07-16,4,26,3,59997
13202,2025-07-16,4,27,2,2598
13203,2025-07-16,4,28,2,3598
13204,2025-07-16,4,29,10,24990
13205,2025-07-16,4,30,6,23994
13206,2025-07-16,4,31,13,25987
13207,2025-07-16,4,32,9,80991
13208,2025-07-16,4,33,5,64995
13209,2025-07-16,4,34,3,56997
13210,2025-07-16,4,35,4,11996
13211,2025-07-16,4,36,7,10493
13212,2025-07-16,4,37,7,16093
13213,2025-07-16,4,38,7,62993
13214,2025-07-16,4,39,8,27992
13215,2025-07-16,4,40,3,1797
13216,2025-07-16,4,41,3,7497
13217,2025-07-16,4,43,2,3998
13218,2025-07-16,4,44,2,2598
13219,2025-07-16,4,45,1,4999
13220,2025-07-16,4,46,2,1598
13221,2025-07-16,4,47,1,3499
13222,2025-07-16,4,48,3,11997
13223,2025-07-16,4,49,4,9996
13224,2025-07-16,4,50,3,3897
13225,2025-07-16,4,51,4,1996
13226,2025-07-16,4,52,2,3998
13227,2025-07-16,4,53,3,2697
13228,2025-07-16,4,54,11,6589
13229,2025-07-16,4,55,5,4495
13230,2025-07-16,4,56,7,4893
13231,2025-07-16,5,1,5,14995
13232,2025-07-16,5,3,2,9998
13233,2025-07-16,5,4,1,1499
13234,2025-07-16,5,5,11,14289
13235,2025-07-16,5,6,1,899
13236,2025-07-16,5,7,4,31996
13237,2025-07-16,5,9,1,599
13238,2025-07-16,5,11,1,2499
13239,2025-07-16,5,12,3,1197
13240,2025-07-16,5,14,2,598
13241,2025-07-16,5,15,5,24995
13242,2025-07-16,5,16,4,3196
13243,2025-07-16,5,17,1,3999
13244,2025-07-16,5,18,5,8995
13245,2025-07-16,5,19,7,132993
13246,2025-07-16,5,21,3,7497
13247,2025-07-16,5,22,7,38493
13248,2025-07-16,5,23,2,9998
13249,2025-07-16,5,25,6,29994
13250,2025-07-16,5,26,3,59997
13251,2025-07-16,5,29,7,17493
13252,2025-07-16,5,30,7,27993
13253,2025-07-16,5,31,7,13993
13254,2025-07-16,5,32,5,44995
13255,2025-07-16,5,33,3,38997
13256,2025-07-16,5,34,6,113994
13257,2025-07-16,5,35,3,8997
13258,2025-07-16,5,36,4,5996
13259,2025-07-16,5,37,7,16093
13260,2025-07-16,5,38,5,44995
13261,2025-07-16,5,39,5,17495
13262,2025-07-16,5,40,4,2396
13263,2025-07-16,5,41,3,7497
13264,2025-07-16,5,43,2,3998
13265,2025-07-16,5,44,3,3897
13266,2025-07-16,5,45,1,4999
13267,2025-07-16,5,46,1,799
13268,2025-07-16,5,47,1,3499
13269,2025-07-16,5,48,2,7998
13270,2025-07-16,5,49,3,7497
13271,2025-07-16,5,50,2,2598
13272,2025-07-16,5,51,3,1497
13273,2025-07-16,5,52,3,5997
13274,2025-07-16,5,53,2,1798
13275,2025-07-16,5,54,6,3594
13276,2025-07-16,5,55,3,2697
13277,2025-07-16,5,56,3,2097
13278,2025-07-16,6,1,7,20993
13279,2025-07-16,6,3,2,9998
13280,2025-07-16,6,4,2,2998
13281,2025-07-16,6,5,15,19485
13282,2025-07-16,6,6,2,1798
13283,2025-07-16,6,7,6,47994
13284,2025-07-16,6,8,1,15999
13285,2025-07-16,6,9,2,1198
13286,2025-07-16,6,10,1,299
13287,2025-07-16,6,11,2,4998
13288,2025-07-16,6,12,5,1995
13289,2025-07-16,6,14,2,598
13290,2025-07-16,6,15,5,24995
13291,2025-07-16,6,16,6,4794
13292,2025-07-16,6,17,2,7998
13293,2025-07-16,6,18,5,8995
13294,2025-07-16,6,19,8,151992
13295,2025-07-16,6,20,1,1299
13296,2025-07-16,6,21,6,14994
13297,2025-07-16,6,22,5,27495
13298,2025-07-16,6,23,3,14997
13299,2025-07-16,6,24,1,3499
13300,2025-07-16,6,25,12,59988
13301,2025-07-16,6,26,3,59997
13302,2025-07-16,6,27,1,1299
13303,2025-07-16,6,28,1,1799
13304,2025-07-16,6,29,8,19992
13305,2025-07-16,6,30,7,27993
13306,2025-07-16,6,31,8,15992
13307,2025-07-16,6,32,6,53994
13308,2025-07-16,6,33,6,77994
13309,2025-07-16,6,34,6,113994
13310,2025-07-16,6,35,2,5998
13311,2025-07-16,6,36,4,5996
13312,2025-07-16,6,37,6,13794
13313,2025-07-16,6,38,3,26997
13314,2025-07-16,6,39,7,24493
13315,2025-07-16,6,40,4,2396
13316,2025-07-16,6,41,5,12495
13317,2025-07-16,6,42,1,1799
13318,2025-07-16,6,43,3,5997
13319,2025-07-16,6,44,4,5196
13320,2025-07-16,6,45,1,4999
13321,2025-07-16,6,46,1,799
13322,2025-07-16,6,48,2,7998
13323,2025-07-16,6,49,6,14994
13324,2025-07-16,6,50,3,3897
13325,2025-07-16,6,51,4,1996
13326,2025-07-16,6,52,2,3998
13327,2025-07-16,6,53,3,2697
13328,2025-07-16,6,54,5,2995
13329,2025-07-16,6,55,4,3596
13330,2025-07-16,6,56,6,4194
13331,2025-07-17,1,1,21,62979
13332,2025-07-17,1,3,4,19996
13333,2025-07-17,1,4,3,4497
13334,2025-07-17,1,5,15,19485
13335,2025-07-17,1,6,2,1798
13336,2025-07-17,1,7,7,55993
13337,2025-07-17,1,8,1,15999
13338,2025-07-17,1,9,6,3594
13339,2025-07-17,1,10,1,299
13340,2025-07-17,1,11,2,4998
13341,2025-07-17,1,12,3,1197
13342,2025-07-17,1,13,1,499
13343,2025-07-17,1,14,2,598
13344,2025-07-17,1,15,9,44991
13345,2025-07-17,1,16,5,3995
13346,2025-07-17,1,17,2,7998
13347,2025-07-17,1,18,6,10794
13348,2025-07-17,1,19,10,189990
13349,2025-07-17,1,21,6,14994
13350,2025-07-17,1,22,6,32994
13351,2025-07-17,1,23,4,19996
13352,2025-07-17,1,24,1,3499
13353,2025-07-17,1,25,6,29994
13354,2025-07-17,1,26,2,39998
13355,2025-07-17,1,29,3,7497
13356,2025-07-17,1,30,6,23994
13357,2025-07-17,1,31,9,17991
13358,2025-07-17,1,32,5,44995
13359,2025-07-17,1,33,5,64995
13360,2025-07-17,1,34,9,170991
13361,2025-07-17,1,35,4,11996
13362,2025-07-17,1,36,5,7495
13363,2025-07-17,1,37,8,18392
13364,2025-07-17,1,38,9,80991
13365,2025-07-17,1,39,12,41988
13366,2025-07-17,1,40,3,1797
13367,2025-07-17,1,41,6,14994
13368,2025-07-17,1,42,1,1799
13369,2025-07-17,1,43,3,5997
13370,2025-07-17,1,44,2,2598
13371,2025-07-17,1,45,1,4999
13372,2025-07-17,1,46,1,799
13373,2025-07-17,1,47,1,3499
13374,2025-07-17,1,48,4,15996
13375,2025-07-17,1,49,7,17493
13376,2025-07-17,1,50,2,2598
13377,2025-07-17,1,51,5,2495
13378,2025-07-17,1,52,1,1999
13379,2025-07-17,1,53,2,1798
13380,2025-07-17,1,54,11,6589
13381,2025-07-17,1,55,7,6293
13382,2025-07-17,1,56,5,3495
13383,2025-07-17,2,1,5,14995
13384,2025-07-17,2,3,2,9998
13385,2025-07-17,2,4,2,2998
13386,2025-07-17,2,5,18,23382
13387,2025-07-17,2,6,1,899
13388,2025-07-17,2,7,7,55993
13389,2025-07-17,2,8,1,15999
13390,2025-07-17,2,9,3,1797
13391,2025-07-17,2,11,2,4998
13392,2025-07-17,2,12,4,1596
13393,2025-07-17,2,14,2,598
13394,2025-07-17,2,15,7,34993
13395,2025-07-17,2,16,6,4794
13396,2025-07-17,2,17,3,11997
13397,2025-07-17,2,18,3,5397
13398,2025-07-17,2,19,8,151992
13399,2025-07-17,2,21,2,4998
13400,2025-07-17,2,22,7,38493
13401,2025-07-17,2,23,2,9998
13402,2025-07-17,2,24,1,3499
13403,2025-07-17,2,25,8,39992
13404,2025-07-17,2,26,2,39998
13405,2025-07-17,2,28,1,1799
13406,2025-07-17,2,29,8,19992
13407,2025-07-17,2,30,6,23994
13408,2025-07-17,2,31,5,9995
13409,2025-07-17,2,32,8,71992
13410,2025-07-17,2,33,4,51996
13411,2025-07-17,2,34,4,75996
13412,2025-07-17,2,35,3,8997
13413,2025-07-17,2,36,2,2998
13414,2025-07-17,2,37,6,13794
13415,2025-07-17,2,38,5,44995
13416,2025-07-17,2,39,7,24493
13417,2025-07-17,2,40,5,2995
13418,2025-07-17,2,41,5,12495
13419,2025-07-17,2,43,1,1999
13420,2025-07-17,2,44,2,2598
13421,2025-07-17,2,46,1,799
13422,2025-07-17,2,47,1,3499
13423,2025-07-17,2,48,2,7998
13424,2025-07-17,2,49,5,12495
13425,2025-07-17,2,50,3,3897
13426,2025-07-17,2,51,4,1996
13427,2025-07-17,2,52,1,1999
13428,2025-07-17,2,53,3,2697
13429,2025-07-17,2,54,4,2396
13430,2025-07-17,2,55,5,4495
13431,2025-07-17,2,56,4,2796
13432,2025-07-17,3,1,5,14995
13433,2025-07-17,3,3,2,9998
13434,2025-07-17,3,4,2,2998
13435,2025-07-17,3,5,6,7794
13436,2025-07-17,3,6,1,899
13437,2025-07-17,3,7,8,63992
13438,2025-07-17,3,8,1,15999
13439,2025-07-17,3,9,4,2396
13440,2025-07-17,3,11,2,4998
13441,2025-07-17,3,12,2,798
13442,2025-07-17,3,14,1,299
13443,2025-07-17,3,15,2,9998
13444,2025-07-17,3,16,4,3196
13445,2025-07-17,3,17,2,7998
13446,2025-07-17,3,18,1,1799
13447,2025-07-17,3,19,3,56997
13448,2025-07-17,3,21,6,14994
13449,2025-07-17,3,22,4,21996
13450,2025-07-17,3,23,3,14997
13451,2025-07-17,3,25,5,24995
13452,2025-07-17,3,26,2,39998
13453,2025-07-17,3,27,1,1299
13454,2025-07-17,3,28,1,1799
13455,2025-07-17,3,29,6,14994
13456,2025-07-17,3,30,5,19995
13457,2025-07-17,3,31,2,3998
13458,2025-07-17,3,32,6,53994
13459,2025-07-17,3,33,4,51996
13460,2025-07-17,3,34,4,75996
13461,2025-07-17,3,35,2,5998
13462,2025-07-17,3,36,3,4497
13463,2025-07-17,3,37,8,18392
13464,2025-07-17,3,38,4,35996
13465,2025-07-17,3,39,3,10497
13466,2025-07-17,3,40,4,2396
13467,2025-07-17,3,41,6,14994
13468,2025-07-17,3,43,1,1999
13469,2025-07-17,3,44,1,1299
13470,2025-07-17,3,46,1,799
13471,2025-07-17,3,49,2,4998
13472,2025-07-17,3,50,2,2598
13473,2025-07-17,3,51,2,998
13474,2025-07-17,3,52,1,1999
13475,2025-07-17,3,53,3,2697
13476,2025-07-17,3,54,7,4193
13477,2025-07-17,3,55,4,3596
13478,2025-07-17,3,56,5,3495
13479,2025-07-17,4,1,4,11996
13480,2025-07-17,4,2,1,1999
13481,2025-07-17,4,3,3,14997
13482,2025-07-17,4,4,3,4497
13483,2025-07-17,4,5,15,19485
13484,2025-07-17,4,6,2,1798
13485,2025-07-17,4,7,5,39995
13486,2025-07-17,4,8,1,15999
13487,2025-07-17,4,9,9,5391
13488,2025-07-17,4,11,1,2499
13489,2025-07-17,4,12,4,1596
13490,2025-07-17,4,13,1,499
13491,2025-07-17,4,14,2,598
13492,2025-07-17,4,15,4,19996
13493,2025-07-17,4,16,5,3995
13494,2025-07-17,4,17,1,3999
13495,2025-07-17,4,18,6,10794
13496,2025-07-17,4,19,11,208989
13497,2025-07-17,4,21,4,9996
13498,2025-07-17,4,22,9,49491
13499,2025-07-17,4,23,3,14997
13500,2025-07-17,4,24,2,6998
13501,2025-07-17,4,25,10,49990
13502,2025-07-17,4,26,4,79996
13503,2025-07-17,4,27,1,1299
13504,2025-07-17,4,28,1,1799
13505,2025-07-17,4,29,10,24990
13506,2025-07-17,4,30,6,23994
13507,2025-07-17,4,31,5,9995
13508,2025-07-17,4,32,6,53994
13509,2025-07-17,4,33,3,38997
13510,2025-07-17,4,34,13,246987
13511,2025-07-17,4,35,4,11996
13512,2025-07-17,4,36,7,10493
13513,2025-07-17,4,37,9,20691
13514,2025-07-17,4,38,4,35996
13515,2025-07-17,4,39,4,13996
13516,2025-07-17,4,40,4,2396
13517,2025-07-17,4,41,6,14994
13518,2025-07-17,4,43,3,5997
13519,2025-07-17,4,44,5,6495
13520,2025-07-17,4,46,1,799
13521,2025-07-17,4,47,2,6998
13522,2025-07-17,4,48,5,19995
13523,2025-07-17,4,49,8,19992
13524,2025-07-17,4,50,4,5196
13525,2025-07-17,4,51,3,1497
13526,2025-07-17,4,52,2,3998
13527,2025-07-17,4,53,2,1798
13528,2025-07-17,4,54,8,4792
13529,2025-07-17,4,55,6,5394
13530,2025-07-17,4,56,6,4194
13531,2025-07-17,5,1,4,11996
13532,2025-07-17,5,3,2,9998
13533,2025-07-17,5,4,1,1499
13534,2025-07-17,5,5,14,18186
13535,2025-07-17,5,6,1,899
13536,2025-07-17,5,7,5,39995
13537,2025-07-17,5,8,1,15999
13538,2025-07-17,5,9,2,1198
13539,2025-07-17,5,12,3,1197
13540,2025-07-17,5,14,2,598
13541,2025-07-17,5,15,1,4999
13542,2025-07-17,5,16,4,3196
13543,2025-07-17,5,17,1,3999
13544,2025-07-17,5,18,3,5397
13545,2025-07-17,5,19,9,170991
13546,2025-07-17,5,21,5,12495
13547,2025-07-17,5,22,4,21996
13548,2025-07-17,5,23,1,4999
13549,2025-07-17,5,24,2,6998
13550,2025-07-17,5,25,6,29994
13551,2025-07-17,5,26,3,59997
13552,2025-07-17,5,27,1,1299
13553,2025-07-17,5,28,1,1799
13554,2025-07-17,5,29,8,19992
13555,2025-07-17,5,30,6,23994
13556,2025-07-17,5,31,6,11994
13557,2025-07-17,5,32,1,8999
13558,2025-07-17,5,33,1,12999
13559,2025-07-17,5,34,7,132993
13560,2025-07-17,5,35,3,8997
13561,2025-07-17,5,36,3,4497
13562,2025-07-17,5,37,4,9196
13563,2025-07-17,5,38,5,44995
13564,2025-07-17,5,39,5,17495
13565,2025-07-17,5,40,4,2396
13566,2025-07-17,5,41,5,12495
13567,2025-07-17,5,43,1,1999
13568,2025-07-17,5,44,2,2598
13569,2025-07-17,5,45,1,4999
13570,2025-07-17,5,46,1,799
13571,2025-07-17,5,47,1,3499
13572,2025-07-17,5,48,2,7998
13573,2025-07-17,5,49,4,9996
13574,2025-07-17,5,50,2,2598
13575,2025-07-17,5,51,3,1497
13576,2025-07-17,5,52,1,1999
13577,2025-07-17,5,53,2,1798
13578,2025-07-17,5,54,6,3594
13579,2025-07-17,5,55,3,2697
13580,2025-07-17,5,56,4,2796
13581,2025-07-17,6,1,4,11996
13582,2025-07-17,6,3,3,14997
13583,2025-07-17,6,4,3,4497
13584,2025-07-17,6,5,11,14289
13585,2025-07-17,6,6,1,899
13586,2025-07-17,6,7,9,71991
13587,2025-07-17,6,8,1,15999
13588,2025-07-17,6,9,5,2995
13589,2025-07-17,6,11,2,4998
13590,2025-07-17,6,12,4,1596
13591,2025-07-17,6,14,2,598
13592,2025-07-17,6,15,4,19996
13593,2025-07-17,6,16,5,3995
13594,2025-07-17,6,17,2,7998
13595,2025-07-17,6,18,4,7196
13596,2025-07-17,6,19,8,151992
13597,2025-07-17,6,21,3,7497
13598,2025-07-17,6,22,3,16497
13599,2025-07-17,6,23,4,19996
13600,2025-07-17,6,25,9,44991
13601,2025-07-17,6,26,5,99995
13602,2025-07-17,6,27,1,1299
13603,2025-07-17,6,28,1,1799
13604,2025-07-17,6,29,9,22491
13605,2025-07-17,6,30,3,11997
13606,2025-07-17,6,31,8,15992
13607,2025-07-17,6,32,10,89990
13608,2025-07-17,6,33,6,77994
13609,2025-07-17,6,34,7,132993
13610,2025-07-17,6,35,6,17994
13611,2025-07-17,6,36,5,7495
13612,2025-07-17,6,37,4,9196
13613,2025-07-17,6,38,4,35996
13614,2025-07-17,6,39,13,45487
13615,2025-07-17,6,40,4,2396
13616,2025-07-17,6,41,5,12495
13617,2025-07-17,6,43,2,3998
13618,2025-07-17,6,44,3,3897
13619,2025-07-17,6,45,1,4999
13620,2025-07-17,6,46,2,1598
13621,2025-07-17,6,47,1,3499
13622,2025-07-17,6,48,3,11997
13623,2025-07-17,6,49,5,12495
13624,2025-07-17,6,50,2,2598
13625,2025-07-17,6,51,2,998
13626,2025-07-17,6,52,2,3998
13627,2025-07-17,6,53,2,1798
13628,2025-07-17,6,54,13,7787
13629,2025-07-17,6,55,9,8091
13630,2025-07-17,6,56,8,5592
13631,2025-07-18,1,1,12,35988
13632,2025-07-18,1,3,2,9998
13633,2025-07-18,1,4,4,5996
13634,2025-07-18,1,5,16,20784
13635,2025-07-18,1,6,2,1798
13636,2025-07-18,1,7,6,47994
13637,2025-07-18,1,8,1,15999
13638,2025-07-18,1,9,4,2396
13639,2025-07-18,1,10,1,299
13640,2025-07-18,1,11,1,2499
13641,2025-07-18,1,12,6,2394
13642,2025-07-18,1,13,1,499
13643,2025-07-18,1,14,3,897
13644,2025-07-18,1,15,8,39992
13645,2025-07-18,1,16,2,1598
13646,2025-07-18,1,18,3,5397
13647,2025-07-18,1,19,5,94995
13648,2025-07-18,1,21,12,29988
13649,2025-07-18,1,22,6,32994
13650,2025-07-18,1,23,2,9998
13651,2025-07-18,1,24,2,6998
13652,2025-07-18,1,25,11,54989
13653,2025-07-18,1,26,2,39998
13654,2025-07-18,1,28,1,1799
13655,2025-07-18,1,29,7,17493
13656,2025-07-18,1,30,6,23994
13657,2025-07-18,1,31,10,19990
13658,2025-07-18,1,32,7,62993
13659,2025-07-18,1,33,8,103992
13660,2025-07-18,1,34,4,75996
13661,2025-07-18,1,35,3,8997
13662,2025-07-18,1,36,4,5996
13663,2025-07-18,1,37,8,18392
13664,2025-07-18,1,38,8,71992
13665,2025-07-18,1,39,6,20994
13666,2025-07-18,1,40,3,1797
13667,2025-07-18,1,41,3,7497
13668,2025-07-18,1,42,1,1799
13669,2025-07-18,1,43,2,3998
13670,2025-07-18,1,44,4,5196
13671,2025-07-18,1,46,3,2397
13672,2025-07-18,1,48,3,11997
13673,2025-07-18,1,49,3,7497
13674,2025-07-18,1,50,4,5196
13675,2025-07-18,1,51,4,1996
13676,2025-07-18,1,52,3,5997
13677,2025-07-18,1,53,2,1798
13678,2025-07-18,1,54,6,3594
13679,2025-07-18,1,55,3,2697
13680,2025-07-18,1,56,4,2796
13681,2025-07-18,2,1,4,11996
13682,2025-07-18,2,3,2,9998
13683,2025-07-18,2,4,2,2998
13684,2025-07-18,2,5,16,20784
13685,2025-07-18,2,6,1,899
13686,2025-07-18,2,7,9,71991
13687,2025-07-18,2,8,1,15999
13688,2025-07-18,2,9,2,1198
13689,2025-07-18,2,11,3,7497
13690,2025-07-18,2,12,5,1995
13691,2025-07-18,2,14,1,299
13692,2025-07-18,2,15,5,24995
13693,2025-07-18,2,16,3,2397
13694,2025-07-18,2,17,1,3999
13695,2025-07-18,2,18,5,8995
13696,2025-07-18,2,19,9,170991
13697,2025-07-18,2,21,3,7497
13698,2025-07-18,2,22,7,38493
13699,2025-07-18,2,23,4,19996
13700,2025-07-18,2,24,1,3499
13701,2025-07-18,2,25,14,69986
13702,2025-07-18,2,26,2,39998
13703,2025-07-18,2,29,7,17493
13704,2025-07-18,2,30,8,31992
13705,2025-07-18,2,31,8,15992
13706,2025-07-18,2,32,8,71992
13707,2025-07-18,2,33,7,90993
13708,2025-07-18,2,34,8,151992
13709,2025-07-18,2,35,2,5998
13710,2025-07-18,2,36,5,7495
13711,2025-07-18,2,37,5,11495
13712,2025-07-18,2,38,6,53994
13713,2025-07-18,2,39,6,20994
13714,2025-07-18,2,40,4,2396
13715,2025-07-18,2,41,7,17493
13716,2025-07-18,2,43,2,3998
13717,2025-07-18,2,44,1,1299
13718,2025-07-18,2,45,1,4999
13719,2025-07-18,2,46,2,1598
13720,2025-07-18,2,47,1,3499
13721,2025-07-18,2,48,2,7998
13722,2025-07-18,2,49,2,4998
13723,2025-07-18,2,50,2,2598
13724,2025-07-18,2,51,2,998
13725,2025-07-18,2,52,1,1999
13726,2025-07-18,2,53,3,2697
13727,2025-07-18,2,54,3,1797
13728,2025-07-18,2,55,3,2697
13729,2025-07-18,2,56,6,4194
13730,2025-07-18,3,1,3,8997
13731,2025-07-18,3,3,2,9998
13732,2025-07-18,3,4,1,1499
13733,2025-07-18,3,5,8,10392
13734,2025-07-18,3,6,1,899
13735,2025-07-18,3,7,5,39995
13736,2025-07-18,3,9,3,1797
13737,2025-07-18,3,11,2,4998
13738,2025-07-18,3,12,2,798
13739,2025-07-18,3,14,1,299
13740,2025-07-18,3,15,1,4999
13741,2025-07-18,3,16,3,2397
13742,2025-07-18,3,17,1,3999
13743,2025-07-18,3,18,4,7196
13744,2025-07-18,3,19,5,94995
13745,2025-07-18,3,21,3,7497
13746,2025-07-18,3,22,5,27495
13747,2025-07-18,3,23,2,9998
13748,2025-07-18,3,25,6,29994
13749,2025-07-18,3,26,3,59997
13750,2025-07-18,3,28,1,1799
13751,2025-07-18,3,29,9,22491
13752,2025-07-18,3,30,5,19995
13753,2025-07-18,3,31,9,17991
13754,2025-07-18,3,32,4,35996
13755,2025-07-18,3,33,4,51996
13756,2025-07-18,3,34,6,113994
13757,2025-07-18,3,35,4,11996
13758,2025-07-18,3,36,5,7495
13759,2025-07-18,3,37,7,16093
13760,2025-07-18,3,38,6,53994
13761,2025-07-18,3,39,6,20994
13762,2025-07-18,3,40,3,1797
13763,2025-07-18,3,41,4,9996
13764,2025-07-18,3,44,2,2598
13765,2025-07-18,3,46,2,1598
13766,2025-07-18,3,47,1,3499
13767,2025-07-18,3,48,1,3999
13768,2025-07-18,3,49,4,9996
13769,2025-07-18,3,50,2,2598
13770,2025-07-18,3,51,3,1497
13771,2025-07-18,3,52,1,1999
13772,2025-07-18,3,53,1,899
13773,2025-07-18,3,54,10,5990
13774,2025-07-18,3,55,6,5394
13775,2025-07-18,3,56,4,2796
13776,2025-07-18,4,1,6,17994
13777,2025-07-18,4,2,1,1999
13778,2025-07-18,4,3,3,14997
13779,2025-07-18,4,4,3,4497
13780,2025-07-18,4,5,13,16887
13781,2025-07-18,4,6,2,1798
13782,2025-07-18,4,7,12,95988
13783,2025-07-18,4,8,1,15999
13784,2025-07-18,4,9,4,2396
13785,2025-07-18,4,11,2,4998
13786,2025-07-18,4,12,6,2394
13787,2025-07-18,4,14,3,897
13788,2025-07-18,4,15,7,34993
13789,2025-07-18,4,16,1,799
13790,2025-07-18,4,17,2,7998
13791,2025-07-18,4,18,6,10794
13792,2025-07-18,4,19,9,170991
13793,2025-07-18,4,21,10,24990
13794,2025-07-18,4,22,9,49491
13795,2025-07-18,4,23,1,4999
13796,2025-07-18,4,24,2,6998
13797,2025-07-18,4,25,7,34993
13798,2025-07-18,4,26,3,59997
13799,2025-07-18,4,27,1,1299
13800,2025-07-18,4,28,1,1799
13801,2025-07-18,4,29,12,29988
13802,2025-07-18,4,30,9,35991
13803,2025-07-18,4,31,7,13993
13804,2025-07-18,4,32,9,80991
13805,2025-07-18,4,33,5,64995
13806,2025-07-18,4,34,10,189990
13807,2025-07-18,4,35,1,2999
13808,2025-07-18,4,36,4,5996
13809,2025-07-18,4,37,10,22990
13810,2025-07-18,4,38,10,89990
13811,2025-07-18,4,39,12,41988
13812,2025-07-18,4,40,2,1198
13813,2025-07-18,4,41,7,17493
13814,2025-07-18,4,42,1,1799
13815,2025-07-18,4,43,4,7996
13816,2025-07-18,4,44,3,3897
13817,2025-07-18,4,45,1,4999
13818,2025-07-18,4,46,2,1598
13819,2025-07-18,4,47,1,3499
13820,2025-07-18,4,48,3,11997
13821,2025-07-18,4,49,5,12495
13822,2025-07-18,4,50,5,6495
13823,2025-07-18,4,51,5,2495
13824,2025-07-18,4,52,2,3998
13825,2025-07-18,4,53,1,899
13826,2025-07-18,4,54,9,5391
13827,2025-07-18,4,55,7,6293
13828,2025-07-18,4,56,6,4194
13829,2025-07-18,5,1,4,11996
13830,2025-07-18,5,3,2,9998
13831,2025-07-18,5,4,1,1499
13832,2025-07-18,5,5,10,12990
13833,2025-07-18,5,6,1,899
13834,2025-07-18,5,7,7,55993
13835,2025-07-18,5,9,2,1198
13836,2025-07-18,5,11,1,2499
13837,2025-07-18,5,12,2,798
13838,2025-07-18,5,14,2,598
13839,2025-07-18,5,15,4,19996
13840,2025-07-18,5,16,4,3196
13841,2025-07-18,5,17,2,7998
13842,2025-07-18,5,18,2,3598
13843,2025-07-18,5,19,3,56997
13844,2025-07-18,5,21,6,14994
13845,2025-07-18,5,22,5,27495
13846,2025-07-18,5,23,2,9998
13847,2025-07-18,5,24,1,3499
13848,2025-07-18,5,25,7,34993
13849,2025-07-18,5,26,3,59997
13850,2025-07-18,5,29,5,12495
13851,2025-07-18,5,30,4,15996
13852,2025-07-18,5,31,6,11994
13853,2025-07-18,5,32,5,44995
13854,2025-07-18,5,33,3,38997
13855,2025-07-18,5,34,5,94995
13856,2025-07-18,5,35,2,5998
13857,2025-07-18,5,36,3,4497
13858,2025-07-18,5,37,4,9196
13859,2025-07-18,5,38,2,17998
13860,2025-07-18,5,39,7,24493
13861,2025-07-18,5,40,2,1198
13862,2025-07-18,5,41,5,12495
13863,2025-07-18,5,43,1,1999
13864,2025-07-18,5,44,2,2598
13865,2025-07-18,5,45,1,4999
13866,2025-07-18,5,47,1,3499
13867,2025-07-18,5,48,2,7998
13868,2025-07-18,5,49,4,9996
13869,2025-07-18,5,50,2,2598
13870,2025-07-18,5,51,1,499
13871,2025-07-18,5,52,1,1999
13872,2025-07-18,5,53,1,899
13873,2025-07-18,5,54,8,4792
13874,2025-07-18,5,55,2,1798
13875,2025-07-18,5,56,2,1398
13876,2025-07-18,6,1,8,23992
13877,2025-07-18,6,3,3,14997
13878,2025-07-18,6,4,2,2998
13879,2025-07-18,6,5,17,22083
13880,2025-07-18,6,6,3,2697
13881,2025-07-18,6,7,9,71991
13882,2025-07-18,6,8,1,15999
13883,2025-07-18,6,9,4,2396
13884,2025-07-18,6,11,1,2499
13885,2025-07-18,6,12,4,1596
13886,2025-07-18,6,14,2,598
13887,2025-07-18,6,15,5,24995
13888,2025-07-18,6,16,4,3196
13889,2025-07-18,6,17,4,15996
13890,2025-07-18,6,18,6,10794
13891,2025-07-18,6,19,6,113994
13892,2025-07-18,6,21,8,19992
13893,2025-07-18,6,22,8,43992
13894,2025-07-18,6,23,2,9998
13895,2025-07-18,6,25,9,44991
13896,2025-07-18,6,26,5,99995
13897,2025-07-18,6,27,1,1299
13898,2025-07-18,6,28,2,3598
13899,2025-07-18,6,29,9,22491
13900,2025-07-18,6,30,3,11997
13901,2025-07-18,6,31,5,9995
13902,2025-07-18,6,32,8,71992
13903,2025-07-18,6,33,5,64995
13904,2025-07-18,6,34,9,170991
13905,2025-07-18,6,35,3,8997
13906,2025-07-18,6,36,3,4497
13907,2025-07-18,6,37,8,18392
13908,2025-07-18,6,38,4,35996
13909,2025-07-18,6,39,7,24493
13910,2025-07-18,6,40,6,3594
13911,2025-07-18,6,41,6,14994
13912,2025-07-18,6,43,2,3998
13913,2025-07-18,6,44,3,3897
13914,2025-07-18,6,45,1,4999
13915,2025-07-18,6,46,2,1598
13916,2025-07-18,6,47,1,3499
13917,2025-07-18,6,48,3,11997
13918,2025-07-18,6,49,4,9996
13919,2025-07-18,6,50,3,3897
13920,2025-07-18,6,51,3,1497
13921,2025-07-18,6,52,2,3998
13922,2025-07-18,6,53,3,2697
13923,2025-07-18,6,54,8,4792
13924,2025-07-18,6,55,2,1798
13925,2025-07-18,6,56,3,2097
13926,2025-07-19,1,1,17,50983
13927,2025-07-19,1,2,1,1999
13928,2025-07-19,1,3,3,14997
13929,2025-07-19,1,4,4,5996
13930,2025-07-19,1,5,13,16887
13931,2025-07-19,1,6,2,1798
13932,2025-07-19,1,7,12,95988
13933,2025-07-19,1,8,1,15999
13934,2025-07-19,1,9,6,3594
13935,2025-07-19,1,10,1,299
13936,2025-07-19,1,11,4,9996
13937,2025-07-19,1,12,8,3192
13938,2025-07-19,1,14,2,598
13939,2025-07-19,1,15,7,34993
13940,2025-07-19,1,16,8,6392
13941,2025-07-19,1,17,4,15996
13942,2025-07-19,1,18,11,19789
13943,2025-07-19,1,19,8,151992
13944,2025-07-19,1,21,14,34986
13945,2025-07-19,1,22,11,60489
13946,2025-07-19,1,23,4,19996
13947,2025-07-19,1,24,2,6998
13948,2025-07-19,1,25,10,49990
13949,2025-07-19,1,26,7,139993
13950,2025-07-19,1,27,1,1299
13951,2025-07-19,1,28,2,3598
13952,2025-07-19,1,29,16,39984
13953,2025-07-19,1,30,9,35991
13954,2025-07-19,1,31,13,25987
13955,2025-07-19,1,32,7,62993
13956,2025-07-19,1,33,8,103992
13957,2025-07-19,1,34,11,208989
13958,2025-07-19,1,35,5,14995
13959,2025-07-19,1,36,8,11992
13960,2025-07-19,1,37,9,20691
13961,2025-07-19,1,38,9,80991
13962,2025-07-19,1,39,11,38489
13963,2025-07-19,1,40,4,2396
13964,2025-07-19,1,41,8,19992
13965,2025-07-19,1,42,1,1799
13966,2025-07-19,1,43,3,5997
13967,2025-07-19,1,44,3,3897
13968,2025-07-19,1,45,1,4999
13969,2025-07-19,1,46,4,3196
13970,2025-07-19,1,47,2,6998
13971,2025-07-19,1,48,2,7998
13972,2025-07-19,1,49,11,27489
13973,2025-07-19,1,50,3,3897
13974,2025-07-19,1,51,3,1497
13975,2025-07-19,1,52,2,3998
13976,2025-07-19,1,53,2,1798
13977,2025-07-19,1,54,9,5391
13978,2025-07-19,1,55,6,5394
13979,2025-07-19,1,56,6,4194
13980,2025-07-19,2,1,8,23992
13981,2025-07-19,2,3,2,9998
13982,2025-07-19,2,4,2,2998
13983,2025-07-19,2,5,13,16887
13984,2025-07-19,2,6,2,1798
13985,2025-07-19,2,7,14,111986
13986,2025-07-19,2,8,1,15999
13987,2025-07-19,2,9,2,1198
13988,2025-07-19,2,10,1,299
13989,2025-07-19,2,11,4,9996
13990,2025-07-19,2,12,3,1197
13991,2025-07-19,2,13,1,499
13992,2025-07-19,2,14,2,598
13993,2025-07-19,2,15,4,19996
13994,2025-07-19,2,16,4,3196
13995,2025-07-19,2,17,2,7998
13996,2025-07-19,2,18,4,7196
13997,2025-07-19,2,19,10,189990
13998,2025-07-19,2,21,6,14994
13999,2025-07-19,2,22,9,49491
14000,2025-07-19,2,23,4,19996
14001,2025-07-19,2,24,2,6998
14002,2025-07-19,2,25,15,74985
14003,2025-07-19,2,26,4,79996
14004,2025-07-19,2,27,1,1299
14005,2025-07-19,2,28,2,3598
14006,2025-07-19,2,29,6,14994
14007,2025-07-19,2,30,3,11997
14008,2025-07-19,2,31,10,19990
14009,2025-07-19,2,32,14,125986
14010,2025-07-19,2,33,5,64995
14011,2025-07-19,2,34,7,132993
14012,2025-07-19,2,35,2,5998
14013,2025-07-19,2,36,4,5996
14014,2025-07-19,2,37,8,18392
14015,2025-07-19,2,38,7,62993
14016,2025-07-19,2,39,13,45487
14017,2025-07-19,2,40,9,5391
14018,2025-07-19,2,41,6,14994
14019,2025-07-19,2,43,2,3998
14020,2025-07-19,2,44,3,3897
14021,2025-07-19,2,45,1,4999
14022,2025-07-19,2,46,3,2397
14023,2025-07-19,2,47,1,3499
14024,2025-07-19,2,48,3,11997
14025,2025-07-19,2,49,8,19992
14026,2025-07-19,2,50,3,3897
14027,2025-07-19,2,51,3,1497
14028,2025-07-19,2,52,2,3998
14029,2025-07-19,2,53,3,2697
14030,2025-07-19,2,54,9,5391
14031,2025-07-19,2,55,4,3596
14032,2025-07-19,2,56,4,2796
14033,2025-07-19,3,1,4,11996
14034,2025-07-19,3,3,1,4999
14035,2025-07-19,3,4,2,2998
14036,2025-07-19,3,5,11,14289
14037,2025-07-19,3,6,2,1798
14038,2025-07-19,3,7,8,63992
14039,2025-07-19,3,8,1,15999
14040,2025-07-19,3,9,2,1198
14041,2025-07-19,3,11,2,4998
14042,2025-07-19,3,12,6,2394
14043,2025-07-19,3,14,2,598
14044,2025-07-19,3,15,4,19996
14045,2025-07-19,3,16,4,3196
14046,2025-07-19,3,17,1,3999
14047,2025-07-19,3,18,6,10794
14048,2025-07-19,3,19,9,170991
14049,2025-07-19,3,21,8,19992
14050,2025-07-19,3,22,8,43992
14051,2025-07-19,3,23,2,9998
14052,2025-07-19,3,24,1,3499
14053,2025-07-19,3,25,13,64987
14054,2025-07-19,3,26,3,59997
14055,2025-07-19,3,27,1,1299
14056,2025-07-19,3,28,2,3598
14057,2025-07-19,3,29,13,32487
14058,2025-07-19,3,30,7,27993
14059,2025-07-19,3,31,11,21989
14060,2025-07-19,3,32,9,80991
14061,2025-07-19,3,33,5,64995
14062,2025-07-19,3,34,8,151992
14063,2025-07-19,3,35,2,5998
14064,2025-07-19,3,36,4,5996
14065,2025-07-19,3,37,8,18392
14066,2025-07-19,3,38,5,44995
14067,2025-07-19,3,39,6,20994
14068,2025-07-19,3,40,6,3594
14069,2025-07-19,3,41,5,12495
14070,2025-07-19,3,43,3,5997
14071,2025-07-19,3,44,2,2598
14072,2025-07-19,3,45,1,4999
14073,2025-07-19,3,46,3,2397
14074,2025-07-19,3,47,1,3499
14075,2025-07-19,3,48,3,11997
14076,2025-07-19,3,49,6,14994
14077,2025-07-19,3,50,2,2598
14078,2025-07-19,3,51,2,998
14079,2025-07-19,3,52,2,3998
14080,2025-07-19,3,53,2,1798
14081,2025-07-19,3,54,6,3594
14082,2025-07-19,3,55,2,1798
14083,2025-07-19,3,56,3,2097
14084,2025-07-19,4,1,4,11996
14085,2025-07-19,4,3,3,14997
14086,2025-07-19,4,4,5,7495
14087,2025-07-19,4,5,20,25980
14088,2025-07-19,4,6,2,1798
14089,2025-07-19,4,7,10,79990
14090,2025-07-19,4,8,2,31998
14091,2025-07-19,4,9,5,2995
14092,2025-07-19,4,11,4,9996
14093,2025-07-19,4,12,10,3990
14094,2025-07-19,4,13,1,499
14095,2025-07-19,4,14,4,1196
14096,2025-07-19,4,15,6,29994
14097,2025-07-19,4,16,7,5593
14098,2025-07-19,4,17,1,3999
14099,2025-07-19,4,18,8,14392
14100,2025-07-19,4,19,8,151992
14101,2025-07-19,4,21,8,19992
14102,2025-07-19,4,22,10,54990
14103,2025-07-19,4,23,5,24995
14104,2025-07-19,4,24,2,6998
14105,2025-07-19,4,25,20,99980
14106,2025-07-19,4,26,3,59997
14107,2025-07-19,4,27,1,1299
14108,2025-07-19,4,28,2,3598
14109,2025-07-19,4,29,15,37485
14110,2025-07-19,4,30,10,39990
14111,2025-07-19,4,31,12,23988
14112,2025-07-19,4,32,8,71992
14113,2025-07-19,4,33,6,77994
14114,2025-07-19,4,34,14,265986
14115,2025-07-19,4,35,4,11996
14116,2025-07-19,4,36,5,7495
14117,2025-07-19,4,37,10,22990
14118,2025-07-19,4,38,10,89990
14119,2025-07-19,4,39,5,17495
14120,2025-07-19,4,40,6,3594
14121,2025-07-19,4,41,10,24990
14122,2025-07-19,4,42,1,1799
14123,2025-07-19,4,43,5,9995
14124,2025-07-19,4,44,5,6495
14125,2025-07-19,4,45,1,4999
14126,2025-07-19,4,46,5,3995
14127,2025-07-19,4,47,2,6998
14128,2025-07-19,4,48,6,23994
14129,2025-07-19,4,49,5,12495
14130,2025-07-19,4,50,6,7794
14131,2025-07-19,4,51,4,1996
14132,2025-07-19,4,52,3,5997
14133,2025-07-19,4,53,4,3596
14134,2025-07-19,4,54,16,9584
14135,2025-07-19,4,55,4,3596
14136,2025-07-19,4,56,8,5592
14137,2025-07-19,5,1,4,11996
14138,2025-07-19,5,3,3,14997
14139,2025-07-19,5,4,3,4497
14140,2025-07-19,5,5,6,7794
14141,2025-07-19,5,6,1,899
14142,2025-07-19,5,7,6,47994
14143,2025-07-19,5,8,1,15999
14144,2025-07-19,5,9,2,1198
14145,2025-07-19,5,11,3,7497
14146,2025-07-19,5,12,3,1197
14147,2025-07-19,5,13,1,499
14148,2025-07-19,5,14,1,299
14149,2025-07-19,5,15,4,19996
14150,2025-07-19,5,16,3,2397
14151,2025-07-19,5,17,2,7998
14152,2025-07-19,5,18,5,8995
14153,2025-07-19,5,19,8,151992
14154,2025-07-19,5,21,6,14994
14155,2025-07-19,5,22,6,32994
14156,2025-07-19,5,23,3,14997
14157,2025-07-19,5,24,1,3499
14158,2025-07-19,5,25,3,14997
14159,2025-07-19,5,26,4,79996
14160,2025-07-19,5,27,1,1299
14161,2025-07-19,5,28,1,1799
14162,2025-07-19,5,29,2,4998
14163,2025-07-19,5,30,6,23994
14164,2025-07-19,5,31,3,5997
14165,2025-07-19,5,32,3,26997
14166,2025-07-19,5,33,4,51996
14167,2025-07-19,5,34,12,227988
14168,2025-07-19,5,35,4,11996
14169,2025-07-19,5,36,5,7495
14170,2025-07-19,5,37,9,20691
14171,2025-07-19,5,38,5,44995
14172,2025-07-19,5,39,7,24493
14173,2025-07-19,5,40,4,2396
14174,2025-07-19,5,41,5,12495
14175,2025-07-19,5,43,2,3998
14176,2025-07-19,5,44,2,2598
14177,2025-07-19,5,45,1,4999
14178,2025-07-19,5,46,3,2397
14179,2025-07-19,5,47,1,3499
14180,2025-07-19,5,48,2,7998
14181,2025-07-19,5,49,7,17493
14182,2025-07-19,5,50,3,3897
14183,2025-07-19,5,51,4,1996
14184,2025-07-19,5,52,1,1999
14185,2025-07-19,5,53,3,2697
14186,2025-07-19,5,54,5,2995
14187,2025-07-19,5,55,7,6293
14188,2025-07-19,5,56,4,2796
14189,2025-07-19,6,1,7,20993
14190,2025-07-19,6,4,2,2998
14191,2025-07-19,6,5,9,11691
14192,2025-07-19,6,6,2,1798
14193,2025-07-19,6,7,9,71991
14194,2025-07-19,6,8,2,31998
14195,2025-07-19,6,9,5,2995
14196,2025-07-19,6,10,1,299
14197,2025-07-19,6,11,3,7497
14198,2025-07-19,6,12,10,3990
14199,2025-07-19,6,14,3,897
14200,2025-07-19,6,15,9,44991
14201,2025-07-19,6,16,8,6392
14202,2025-07-19,6,17,1,3999
14203,2025-07-19,6,18,7,12593
14204,2025-07-19,6,19,8,151992
14205,2025-07-19,6,21,11,27489
14206,2025-07-19,6,22,4,21996
14207,2025-07-19,6,23,5,24995
14208,2025-07-19,6,24,1,3499
14209,2025-07-19,6,25,18,89982
14210,2025-07-19,6,26,5,99995
14211,2025-07-19,6,27,1,1299
14212,2025-07-19,6,28,2,3598
14213,2025-07-19,6,29,14,34986
14214,2025-07-19,6,30,8,31992
14215,2025-07-19,6,31,15,29985
14216,2025-07-19,6,32,9,80991
14217,2025-07-19,6,33,4,51996
14218,2025-07-19,6,34,16,303984
14219,2025-07-19,6,35,5,14995
14220,2025-07-19,6,36,2,2998
14221,2025-07-19,6,37,10,22990
14222,2025-07-19,6,38,6,53994
14223,2025-07-19,6,39,9,31491
14224,2025-07-19,6,40,8,4792
14225,2025-07-19,6,41,11,27489
14226,2025-07-19,6,42,1,1799
14227,2025-07-19,6,43,3,5997
14228,2025-07-19,6,44,4,5196
14229,2025-07-19,6,45,1,4999
14230,2025-07-19,6,46,3,2397
14231,2025-07-19,6,47,2,6998
14232,2025-07-19,6,48,3,11997
14233,2025-07-19,6,49,7,17493
14234,2025-07-19,6,50,4,5196
14235,2025-07-19,6,51,8,3992
14236,2025-07-19,6,53,5,4495
14237,2025-07-19,6,54,6,3594
14238,2025-07-19,6,55,10,8990
14239,2025-07-19,6,56,4,2796
14240,2025-07-20,1,1,19,56981
14241,2025-07-20,1,2,1,1999
14242,2025-07-20,1,3,4,19996
14243,2025-07-20,1,4,4,5996
14244,2025-07-20,1,5,24,31176
14245,2025-07-20,1,6,2,1798
14246,2025-07-20,1,7,12,95988
14247,2025-07-20,1,8,1,15999
14248,2025-07-20,1,9,5,2995
14249,2025-07-20,1,10,1,299
14250,2025-07-20,1,11,3,7497
14251,2025-07-20,1,12,5,1995
14252,2025-07-20,1,13,1,499
14253,2025-07-20,1,14,3,897
14254,2025-07-20,1,15,9,44991
14255,2025-07-20,1,16,7,5593
14256,2025-07-20,1,17,3,11997
14257,2025-07-20,1,18,8,14392
14258,2025-07-20,1,19,18,341982
14259,2025-07-20,1,21,4,9996
14260,2025-07-20,1,22,10,54990
14261,2025-07-20,1,23,3,14997
14262,2025-07-20,1,24,2,6998
14263,2025-07-20,1,25,16,79984
14264,2025-07-20,1,26,6,119994
14265,2025-07-20,1,27,2,2598
14266,2025-07-20,1,28,2,3598
14267,2025-07-20,1,29,15,37485
14268,2025-07-20,1,30,10,39990
14269,2025-07-20,1,31,11,21989
14270,2025-07-20,1,32,14,125986
14271,2025-07-20,1,33,2,25998
14272,2025-07-20,1,34,14,265986
14273,2025-07-20,1,35,4,11996
14274,2025-07-20,1,36,8,11992
14275,2025-07-20,1,37,9,20691
14276,2025-07-20,1,38,6,53994
14277,2025-07-20,1,39,12,41988
14278,2025-07-20,1,40,5,2995
14279,2025-07-20,1,41,6,14994
14280,2025-07-20,1,43,3,5997
14281,2025-07-20,1,44,4,5196
14282,2025-07-20,1,45,1,4999
14283,2025-07-20,1,46,3,2397
14284,2025-07-20,1,47,1,3499
14285,2025-07-20,1,48,2,7998
14286,2025-07-20,1,49,9,22491
14287,2025-07-20,1,50,5,6495
14288,2025-07-20,1,51,5,2495
14289,2025-07-20,1,52,2,3998
14290,2025-07-20,1,53,3,2697
14291,2025-07-20,1,54,10,5990
14292,2025-07-20,1,55,8,7192
14293,2025-07-20,1,56,8,5592
14294,2025-07-20,2,1,2,5998
14295,2025-07-20,2,3,3,14997
14296,2025-07-20,2,4,1,1499
14297,2025-07-20,2,5,16,20784
14298,2025-07-20,2,6,2,1798
14299,2025-07-20,2,7,10,79990
14300,2025-07-20,2,8,1,15999
14301,2025-07-20,2,9,6,3594
14302,2025-07-20,2,11,1,2499
14303,2025-07-20,2,12,7,2793
14304,2025-07-20,2,14,2,598
14305,2025-07-20,2,15,7,34993
14306,2025-07-20,2,16,6,4794
14307,2025-07-20,2,17,4,15996
14308,2025-07-20,2,18,9,16191
14309,2025-07-20,2,19,8,151992
14310,2025-07-20,2,21,6,14994
14311,2025-07-20,2,22,7,38493
14312,2025-07-20,2,23,4,19996
14313,2025-07-20,2,24,1,3499
14314,2025-07-20,2,25,6,29994
14315,2025-07-20,2,26,4,79996
14316,2025-07-20,2,27,2,2598
14317,2025-07-20,2,28,2,3598
14318,2025-07-20,2,29,9,22491
14319,2025-07-20,2,30,3,11997
14320,2025-07-20,2,31,10,19990
14321,2025-07-20,2,32,9,80991
14322,2025-07-20,2,33,7,90993
14323,2025-07-20,2,34,5,94995
14324,2025-07-20,2,35,4,11996
14325,2025-07-20,2,36,6,8994
14326,2025-07-20,2,37,6,13794
14327,2025-07-20,2,38,6,53994
14328,2025-07-20,2,39,8,27992
14329,2025-07-20,2,40,2,1198
14330,2025-07-20,2,41,10,24990
14331,2025-07-20,2,42,1,1799
14332,2025-07-20,2,43,2,3998
14333,2025-07-20,2,44,6,7794
14334,2025-07-20,2,45,1,4999
14335,2025-07-20,2,46,3,2397
14336,2025-07-20,2,47,1,3499
14337,2025-07-20,2,48,5,19995
14338,2025-07-20,2,49,5,12495
14339,2025-07-20,2,50,3,3897
14340,2025-07-20,2,51,6,2994
14341,2025-07-20,2,52,2,3998
14342,2025-07-20,2,53,3,2697
14343,2025-07-20,2,54,7,4193
14344,2025-07-20,2,55,7,6293
14345,2025-07-20,2,56,6,4194
14346,2025-07-20,3,1,3,8997
14347,2025-07-20,3,3,2,9998
14348,2025-07-20,3,4,2,2998
14349,2025-07-20,3,5,19,24681
14350,2025-07-20,3,6,2,1798
14351,2025-07-20,3,7,9,71991
14352,2025-07-20,3,8,1,15999
14353,2025-07-20,3,9,2,1198
14354,2025-07-20,3,11,2,4998
14355,2025-07-20,3,12,3,1197
14356,2025-07-20,3,13,1,499
14357,2025-07-20,3,15,9,44991
14358,2025-07-20,3,16,3,2397
14359,2025-07-20,3,17,1,3999
14360,2025-07-20,3,18,4,7196
14361,2025-07-20,3,19,10,189990
14362,2025-07-20,3,21,7,17493
14363,2025-07-20,3,22,2,10998
14364,2025-07-20,3,23,3,14997
14365,2025-07-20,3,24,3,10497
14366,2025-07-20,3,25,9,44991
14367,2025-07-20,3,26,3,59997
14368,2025-07-20,3,29,7,17493
14369,2025-07-20,3,30,7,27993
14370,2025-07-20,3,31,14,27986
14371,2025-07-20,3,32,3,26997
14372,2025-07-20,3,33,5,64995
14373,2025-07-20,3,34,8,151992
14374,2025-07-20,3,35,3,8997
14375,2025-07-20,3,36,7,10493
14376,2025-07-20,3,37,7,16093
14377,2025-07-20,3,38,5,44995
14378,2025-07-20,3,39,7,24493
14379,2025-07-20,3,40,3,1797
14380,2025-07-20,3,41,4,9996
14381,2025-07-20,3,43,3,5997
14382,2025-07-20,3,44,5,6495
14383,2025-07-20,3,45,1,4999
14384,2025-07-20,3,47,1,3499
14385,2025-07-20,3,48,2,7998
14386,2025-07-20,3,49,4,9996
14387,2025-07-20,3,50,3,3897
14388,2025-07-20,3,51,3,1497
14389,2025-07-20,3,52,2,3998
14390,2025-07-20,3,53,2,1798
14391,2025-07-20,3,54,15,8985
14392,2025-07-20,3,55,3,2697
14393,2025-07-20,3,56,5,3495
14394,2025-07-20,4,1,8,23992
14395,2025-07-20,4,3,3,14997
14396,2025-07-20,4,4,4,5996
14397,2025-07-20,4,5,16,20784
14398,2025-07-20,4,6,1,899
14399,2025-07-20,4,7,11,87989
14400,2025-07-20,4,8,2,31998
14401,2025-07-20,4,9,5,2995
14402,2025-07-20,4,10,1,299
14403,2025-07-20,4,11,4,9996
14404,2025-07-20,4,12,6,2394
14405,2025-07-20,4,13,1,499
14406,2025-07-20,4,14,3,897
14407,2025-07-20,4,15,6,29994
14408,2025-07-20,4,16,10,7990
14409,2025-07-20,4,17,4,15996
14410,2025-07-20,4,18,9,16191
14411,2025-07-20,4,19,13,246987
14412,2025-07-20,4,20,1,1299
14413,2025-07-20,4,21,20,49980
14414,2025-07-20,4,22,7,38493
14415,2025-07-20,4,23,1,4999
14416,2025-07-20,4,24,3,10497
14417,2025-07-20,4,25,13,64987
14418,2025-07-20,4,26,6,119994
14419,2025-07-20,4,27,2,2598
14420,2025-07-20,4,28,1,1799
14421,2025-07-20,4,29,12,29988
14422,2025-07-20,4,30,8,31992
14423,2025-07-20,4,31,10,19990
14424,2025-07-20,4,32,3,26997
14425,2025-07-20,4,33,8,103992
14426,2025-07-20,4,34,12,227988
14427,2025-07-20,4,35,5,14995
14428,2025-07-20,4,36,4,5996
14429,2025-07-20,4,37,18,41382
14430,2025-07-20,4,38,7,62993
14431,2025-07-20,4,39,12,41988
14432,2025-07-20,4,40,9,5391
14433,2025-07-20,4,41,11,27489
14434,2025-07-20,4,42,1,1799
14435,2025-07-20,4,43,1,1999
14436,2025-07-20,4,44,4,5196
14437,2025-07-20,4,46,4,3196
14438,2025-07-20,4,47,2,6998
14439,2025-07-20,4,48,6,23994
14440,2025-07-20,4,49,8,19992
14441,2025-07-20,4,50,5,6495
14442,2025-07-20,4,51,5,2495
14443,2025-07-20,4,52,3,5997
14444,2025-07-20,4,53,4,3596
14445,2025-07-20,4,54,15,8985
14446,2025-07-20,4,55,10,8990
14447,2025-07-20,4,56,8,5592
14448,2025-07-20,5,1,5,14995
14449,2025-07-20,5,3,4,19996
14450,2025-07-20,5,4,3,4497
14451,2025-07-20,5,5,10,12990
14452,2025-07-20,5,6,2,1798
14453,2025-07-20,5,7,4,31996
14454,2025-07-20,5,8,1,15999
14455,2025-07-20,5,9,3,1797
14456,2025-07-20,5,11,1,2499
14457,2025-07-20,5,12,6,2394
14458,2025-07-20,5,13,1,499
14459,2025-07-20,5,14,2,598
14460,2025-07-20,5,15,7,34993
14461,2025-07-20,5,16,6,4794
14462,2025-07-20,5,17,1,3999
14463,2025-07-20,5,18,7,12593
14464,2025-07-20,5,19,11,208989
14465,2025-07-20,5,21,8,19992
14466,2025-07-20,5,22,5,27495
14467,2025-07-20,5,23,3,14997
14468,2025-07-20,5,24,1,3499
14469,2025-07-20,5,25,3,14997
14470,2025-07-20,5,26,2,39998
14471,2025-07-20,5,27,1,1299
14472,2025-07-20,5,28,1,1799
14473,2025-07-20,5,29,5,12495
14474,2025-07-20,5,30,5,19995
14475,2025-07-20,5,31,10,19990
14476,2025-07-20,5,32,4,35996
14477,2025-07-20,5,33,6,77994
14478,2025-07-20,5,34,9,170991
14479,2025-07-20,5,35,2,5998
14480,2025-07-20,5,36,4,5996
14481,2025-07-20,5,37,2,4598
14482,2025-07-20,5,38,5,44995
14483,2025-07-20,5,39,8,27992
14484,2025-07-20,5,40,5,2995
14485,2025-07-20,5,41,5,12495
14486,2025-07-20,5,43,2,3998
14487,2025-07-20,5,44,3,3897
14488,2025-07-20,5,45,1,4999
14489,2025-07-20,5,46,1,799
14490,2025-07-20,5,47,1,3499
14491,2025-07-20,5,48,2,7998
14492,2025-07-20,5,49,4,9996
14493,2025-07-20,5,50,4,5196
14494,2025-07-20,5,51,3,1497
14495,2025-07-20,5,52,3,5997
14496,2025-07-20,5,53,1,899
14497,2025-07-20,5,54,8,4792
14498,2025-07-20,5,55,4,3596
14499,2025-07-20,5,56,6,4194
14500,2025-07-20,6,1,8,23992
14501,2025-07-20,6,2,1,1999
14502,2025-07-20,6,3,4,19996
14503,2025-07-20,6,4,2,2998
14504,2025-07-20,6,5,15,19485
14505,2025-07-20,6,6,3,2697
14506,2025-07-20,6,7,8,63992
14507,2025-07-20,6,8,1,15999
14508,2025-07-20,6,9,2,1198
14509,2025-07-20,6,10,1,299
14510,2025-07-20,6,11,3,7497
14511,2025-07-20,6,12,7,2793
14512,2025-07-20,6,14,2,598
14513,2025-07-20,6,15,10,49990
14514,2025-07-20,6,16,6,4794
14515,2025-07-20,6,17,2,7998
14516,2025-07-20,6,18,4,7196
14517,2025-07-20,6,19,2,37998
14518,2025-07-20,6,21,7,17493
14519,2025-07-20,6,22,10,54990
14520,2025-07-20,6,23,5,24995
14521,2025-07-20,6,24,1,3499
14522,2025-07-20,6,25,7,34993
14523,2025-07-20,6,26,5,99995
14524,2025-07-20,6,27,1,1299
14525,2025-07-20,6,28,2,3598
14526,2025-07-20,6,29,3,7497
14527,2025-07-20,6,30,12,47988
14528,2025-07-20,6,31,9,17991
14529,2025-07-20,6,32,12,107988
14530,2025-07-20,6,33,2,25998
14531,2025-07-20,6,34,8,151992
14532,2025-07-20,6,35,4,11996
14533,2025-07-20,6,36,4,5996
14534,2025-07-20,6,37,11,25289
14535,2025-07-20,6,38,8,71992
14536,2025-07-20,6,39,10,34990
14537,2025-07-20,6,40,3,1797
14538,2025-07-20,6,41,12,29988
14539,2025-07-20,6,42,1,1799
14540,2025-07-20,6,43,3,5997
14541,2025-07-20,6,44,2,2598
14542,2025-07-20,6,45,1,4999
14543,2025-07-20,6,46,4,3196
14544,2025-07-20,6,47,2,6998
14545,2025-07-20,6,48,4,15996
14546,2025-07-20,6,49,10,24990
14547,2025-07-20,6,50,6,7794
14548,2025-07-20,6,51,4,1996
14549,2025-07-20,6,52,2,3998
14550,2025-07-20,6,53,3,2697
14551,2025-07-20,6,54,12,7188
14552,2025-07-20,6,55,9,8091
14553,2025-07-20,6,56,5,3495
14554,2025-07-21,1,1,12,35988
14555,2025-07-21,1,3,4,19996
14556,2025-07-21,1,4,1,1499
14557,2025-07-21,1,5,10,12990
14558,2025-07-21,1,6,2,1798
14559,2025-07-21,1,7,7,55993
14560,2025-07-21,1,8,1,15999
14561,2025-07-21,1,9,4,2396
14562,2025-07-21,1,10,1,299
14563,2025-07-21,1,11,3,7497
14564,2025-07-21,1,12,5,1995
14565,2025-07-21,1,14,1,299
14566,2025-07-21,1,15,4,19996
14567,2025-07-21,1,16,5,3995
14568,2025-07-21,1,17,3,11997
14569,2025-07-21,1,18,5,8995
14570,2025-07-21,1,19,7,132993
14571,2025-07-21,1,21,6,14994
14572,2025-07-21,1,22,8,43992
14573,2025-07-21,1,23,4,19996
14574,2025-07-21,1,24,2,6998
14575,2025-07-21,1,25,8,39992
14576,2025-07-21,1,26,3,59997
14577,2025-07-21,1,27,1,1299
14578,2025-07-21,1,28,1,1799
14579,2025-07-21,1,29,9,22491
14580,2025-07-21,1,30,5,19995
14581,2025-07-21,1,31,10,19990
14582,2025-07-21,1,32,7,62993
14583,2025-07-21,1,33,3,38997
14584,2025-07-21,1,34,13,246987
14585,2025-07-21,1,35,3,8997
14586,2025-07-21,1,36,3,4497
14587,2025-07-21,1,37,3,6897
14588,2025-07-21,1,38,5,44995
14589,2025-07-21,1,39,7,24493
14590,2025-07-21,1,40,2,1198
14591,2025-07-21,1,41,5,12495
14592,2025-07-21,1,42,1,1799
14593,2025-07-21,1,43,2,3998
14594,2025-07-21,1,44,4,5196
14595,2025-07-21,1,45,1,4999
14596,2025-07-21,1,46,2,1598
14597,2025-07-21,1,47,2,6998
14598,2025-07-21,1,48,2,7998
14599,2025-07-21,1,49,5,12495
14600,2025-07-21,1,50,2,2598
14601,2025-07-21,1,51,2,998
14602,2025-07-21,1,52,1,1999
14603,2025-07-21,1,53,3,2697
14604,2025-07-21,1,54,10,5990
14605,2025-07-21,1,55,6,5394
14606,2025-07-21,1,56,5,3495
14607,2025-07-21,2,1,6,17994
14608,2025-07-21,2,3,2,9998
14609,2025-07-21,2,4,1,1499
14610,2025-07-21,2,5,7,9093
14611,2025-07-21,2,6,1,899
14612,2025-07-21,2,7,5,39995
14613,2025-07-21,2,8,1,15999
14614,2025-07-21,2,9,4,2396
14615,2025-07-21,2,11,2,4998
14616,2025-07-21,2,12,4,1596
14617,2025-07-21,2,15,5,24995
14618,2025-07-21,2,16,5,3995
14619,2025-07-21,2,17,2,7998
14620,2025-07-21,2,18,5,8995
14621,2025-07-21,2,19,6,113994
14622,2025-07-21,2,21,6,14994
14623,2025-07-21,2,22,6,32994
14624,2025-07-21,2,23,3,14997
14625,2025-07-21,2,24,2,6998
14626,2025-07-21,2,25,13,64987
14627,2025-07-21,2,26,2,39998
14628,2025-07-21,2,27,1,1299
14629,2025-07-21,2,28,1,1799
14630,2025-07-21,2,29,8,19992
14631,2025-07-21,2,30,7,27993
14632,2025-07-21,2,31,7,13993
14633,2025-07-21,2,32,12,107988
14634,2025-07-21,2,33,2,25998
14635,2025-07-21,2,34,8,151992
14636,2025-07-21,2,35,4,11996
14637,2025-07-21,2,36,2,2998
14638,2025-07-21,2,37,8,18392
14639,2025-07-21,2,38,4,35996
14640,2025-07-21,2,39,6,20994
14641,2025-07-21,2,40,6,3594
14642,2025-07-21,2,41,6,14994
14643,2025-07-21,2,43,1,1999
14644,2025-07-21,2,44,3,3897
14645,2025-07-21,2,46,3,2397
14646,2025-07-21,2,48,3,11997
14647,2025-07-21,2,49,7,17493
14648,2025-07-21,2,50,2,2598
14649,2025-07-21,2,51,3,1497
14650,2025-07-21,2,52,1,1999
14651,2025-07-21,2,53,2,1798
14652,2025-07-21,2,54,9,5391
14653,2025-07-21,2,55,7,6293
14654,2025-07-21,2,56,5,3495
14655,2025-07-21,3,1,5,14995
14656,2025-07-21,3,3,2,9998
14657,2025-07-21,3,4,1,1499
14658,2025-07-21,3,5,9,11691
14659,2025-07-21,3,6,1,899
14660,2025-07-21,3,7,6,47994
14661,2025-07-21,3,8,1,15999
14662,2025-07-21,3,9,2,1198
14663,2025-07-21,3,11,1,2499
14664,2025-07-21,3,12,2,798
14665,2025-07-21,3,14,2,598
14666,2025-07-21,3,15,3,14997
14667,2025-07-21,3,16,4,3196
14668,2025-07-21,3,17,1,3999
14669,2025-07-21,3,18,6,10794
14670,2025-07-21,3,19,4,75996
14671,2025-07-21,3,21,3,7497
14672,2025-07-21,3,22,8,43992
14673,2025-07-21,3,23,4,19996
14674,2025-07-21,3,24,1,3499
14675,2025-07-21,3,25,4,19996
14676,2025-07-21,3,26,3,59997
14677,2025-07-21,3,28,1,1799
14678,2025-07-21,3,29,4,9996
14679,2025-07-21,3,30,4,15996
14680,2025-07-21,3,31,5,9995
14681,2025-07-21,3,32,8,71992
14682,2025-07-21,3,33,4,51996
14683,2025-07-21,3,34,5,94995
14684,2025-07-21,3,35,2,5998
14685,2025-07-21,3,36,2,2998
14686,2025-07-21,3,37,7,16093
14687,2025-07-21,3,38,4,35996
14688,2025-07-21,3,39,9,31491
14689,2025-07-21,3,40,5,2995
14690,2025-07-21,3,41,4,9996
14691,2025-07-21,3,43,1,1999
14692,2025-07-21,3,44,1,1299
14693,2025-07-21,3,46,2,1598
14694,2025-07-21,3,48,1,3999
14695,2025-07-21,3,49,3,7497
14696,2025-07-21,3,50,3,3897
14697,2025-07-21,3,51,5,2495
14698,2025-07-21,3,52,2,3998
14699,2025-07-21,3,53,2,1798
14700,2025-07-21,3,54,7,4193
14701,2025-07-21,3,55,6,5394
14702,2025-07-21,3,56,3,2097
14703,2025-07-21,4,1,8,23992
14704,2025-07-21,4,2,1,1999
14705,2025-07-21,4,3,2,9998
14706,2025-07-21,4,4,2,2998
14707,2025-07-21,4,5,14,18186
14708,2025-07-21,4,6,2,1798
14709,2025-07-21,4,7,6,47994
14710,2025-07-21,4,8,1,15999
14711,2025-07-21,4,9,1,599
14712,2025-07-21,4,11,2,4998
14713,2025-07-21,4,12,5,1995
14714,2025-07-21,4,13,1,499
14715,2025-07-21,4,14,3,897
14716,2025-07-21,4,15,5,24995
14717,2025-07-21,4,16,5,3995
14718,2025-07-21,4,17,3,11997
14719,2025-07-21,4,18,8,14392
14720,2025-07-21,4,19,6,113994
14721,2025-07-21,4,21,10,24990
14722,2025-07-21,4,22,11,60489
14723,2025-07-21,4,23,2,9998
14724,2025-07-21,4,24,1,3499
14725,2025-07-21,4,25,10,49990
14726,2025-07-21,4,26,3,59997
14727,2025-07-21,4,27,1,1299
14728,2025-07-21,4,28,2,3598
14729,2025-07-21,4,29,7,17493
14730,2025-07-21,4,30,6,23994
14731,2025-07-21,4,31,9,17991
14732,2025-07-21,4,32,10,89990
14733,2025-07-21,4,33,8,103992
14734,2025-07-21,4,34,6,113994
14735,2025-07-21,4,35,7,20993
14736,2025-07-21,4,36,4,5996
14737,2025-07-21,4,37,9,20691
14738,2025-07-21,4,38,8,71992
14739,2025-07-21,4,39,7,24493
14740,2025-07-21,4,40,6,3594
14741,2025-07-21,4,41,8,19992
14742,2025-07-21,4,42,1,1799
14743,2025-07-21,4,43,3,5997
14744,2025-07-21,4,44,2,2598
14745,2025-07-21,4,45,1,4999
14746,2025-07-21,4,46,1,799
14747,2025-07-21,4,47,1,3499
14748,2025-07-21,4,48,3,11997
14749,2025-07-21,4,49,10,24990
14750,2025-07-21,4,50,3,3897
14751,2025-07-21,4,51,4,1996
14752,2025-07-21,4,52,3,5997
14753,2025-07-21,4,53,2,1798
14754,2025-07-21,4,54,13,7787
14755,2025-07-21,4,55,3,2697
14756,2025-07-21,4,56,4,2796
14757,2025-07-21,5,1,4,11996
14758,2025-07-21,5,3,1,4999
14759,2025-07-21,5,4,1,1499
14760,2025-07-21,5,5,10,12990
14761,2025-07-21,5,6,2,1798
14762,2025-07-21,5,7,8,63992
14763,2025-07-21,5,8,1,15999
14764,2025-07-21,5,9,2,1198
14765,2025-07-21,5,11,1,2499
14766,2025-07-21,5,12,2,798
14767,2025-07-21,5,14,1,299
14768,2025-07-21,5,15,3,14997
14769,2025-07-21,5,16,3,2397
14770,2025-07-21,5,17,1,3999
14771,2025-07-21,5,18,3,5397
14772,2025-07-21,5,19,4,75996
14773,2025-07-21,5,21,4,9996
14774,2025-07-21,5,22,5,27495
14775,2025-07-21,5,23,2,9998
14776,2025-07-21,5,24,1,3499
14777,2025-07-21,5,25,5,24995
14778,2025-07-21,5,26,1,19999
14779,2025-07-21,5,27,1,1299
14780,2025-07-21,5,29,4,9996
14781,2025-07-21,5,30,3,11997
14782,2025-07-21,5,31,7,13993
14783,2025-07-21,5,32,5,44995
14784,2025-07-21,5,33,2,25998
14785,2025-07-21,5,34,9,170991
14786,2025-07-21,5,35,2,5998
14787,2025-07-21,5,36,3,4497
14788,2025-07-21,5,37,5,11495
14789,2025-07-21,5,38,4,35996
14790,2025-07-21,5,39,4,13996
14791,2025-07-21,5,40,3,1797
14792,2025-07-21,5,41,4,9996
14793,2025-07-21,5,43,1,1999
14794,2025-07-21,5,44,2,2598
14795,2025-07-21,5,46,2,1598
14796,2025-07-21,5,48,1,3999
14797,2025-07-21,5,49,5,12495
14798,2025-07-21,5,50,2,2598
14799,2025-07-21,5,51,2,998
14800,2025-07-21,5,52,2,3998
14801,2025-07-21,5,53,1,899
14802,2025-07-21,5,54,7,4193
14803,2025-07-21,5,55,4,3596
14804,2025-07-21,5,56,3,2097
14805,2025-07-21,6,1,4,11996
14806,2025-07-21,6,3,4,19996
14807,2025-07-21,6,4,1,1499
14808,2025-07-21,6,5,16,20784
14809,2025-07-21,6,7,13,103987
14810,2025-07-21,6,8,1,15999
14811,2025-07-21,6,9,2,1198
14812,2025-07-21,6,11,2,4998
14813,2025-07-21,6,12,6,2394
14814,2025-07-21,6,14,2,598
14815,2025-07-21,6,15,7,34993
14816,2025-07-21,6,16,3,2397
14817,2025-07-21,6,17,2,7998
14818,2025-07-21,6,18,6,10794
14819,2025-07-21,6,19,7,132993
14820,2025-07-21,6,21,8,19992
14821,2025-07-21,6,22,8,43992
14822,2025-07-21,6,23,1,4999
14823,2025-07-21,6,24,2,6998
14824,2025-07-21,6,25,6,29994
14825,2025-07-21,6,26,3,59997
14826,2025-07-21,6,27,1,1299
14827,2025-07-21,6,28,1,1799
14828,2025-07-21,6,29,6,14994
14829,2025-07-21,6,30,4,15996
14830,2025-07-21,6,31,10,19990
14831,2025-07-21,6,32,4,35996
14832,2025-07-21,6,33,6,77994
14833,2025-07-21,6,34,10,189990
14834,2025-07-21,6,35,2,5998
14835,2025-07-21,6,36,1,1499
14836,2025-07-21,6,37,7,16093
14837,2025-07-21,6,38,3,26997
14838,2025-07-21,6,39,5,17495
14839,2025-07-21,6,40,3,1797
14840,2025-07-21,6,41,7,17493
14841,2025-07-21,6,42,1,1799
14842,2025-07-21,6,43,2,3998
14843,2025-07-21,6,44,3,3897
14844,2025-07-21,6,46,3,2397
14845,2025-07-21,6,47,1,3499
14846,2025-07-21,6,48,2,7998
14847,2025-07-21,6,49,3,7497
14848,2025-07-21,6,50,2,2598
14849,2025-07-21,6,51,3,1497
14850,2025-07-21,6,52,2,3998
14851,2025-07-21,6,53,3,2697
14852,2025-07-21,6,54,5,2995
14853,2025-07-21,6,55,6,5394
14854,2025-07-21,6,56,9,6291
14855,2025-07-22,1,1,7,20993
14856,2025-07-22,1,3,3,14997
14857,2025-07-22,1,4,2,2998
14858,2025-07-22,1,6,2,1798
14859,2025-07-22,1,7,7,55993
14860,2025-07-22,1,8,1,15999
14861,2025-07-22,1,9,3,1797
14862,2025-07-22,1,11,1,2499
14863,2025-07-22,1,12,4,1596
14864,2025-07-22,1,14,2,598
14865,2025-07-22,1,15,6,29994
14866,2025-07-22,1,16,8,6392
14867,2025-07-22,1,17,3,11997
14868,2025-07-22,1,18,3,5397
14869,2025-07-22,1,19,12,227988
14870,2025-07-22,1,21,10,24990
14871,2025-07-22,1,22,7,38493
14872,2025-07-22,1,23,4,19996
14873,2025-07-22,1,24,2,6998
14874,2025-07-22,1,25,6,29994
14875,2025-07-22,1,26,4,79996
14876,2025-07-22,1,27,1,1299
14877,2025-07-22,1,28,1,1799
14878,2025-07-22,1,29,14,34986
14879,2025-07-22,1,30,4,15996
14880,2025-07-22,1,31,9,17991
14881,2025-07-22,1,32,7,62993
14882,2025-07-22,1,33,5,64995
14883,2025-07-22,1,34,8,151992
14884,2025-07-22,1,35,3,8997
14885,2025-07-22,1,36,5,7495
14886,2025-07-22,1,37,8,18392
14887,2025-07-22,1,38,7,62993
14888,2025-07-22,1,39,6,20994
14889,2025-07-22,1,40,7,4193
14890,2025-07-22,1,41,7,17493
14891,2025-07-22,1,42,1,1799
14892,2025-07-22,1,43,2,3998
14893,2025-07-22,1,44,3,3897
14894,2025-07-22,1,45,1,4999
14895,2025-07-22,1,46,2,1598
14896,2025-07-22,1,48,2,7998
14897,2025-07-22,1,49,4,9996
14898,2025-07-22,1,50,5,6495
14899,2025-07-22,1,51,4,1996
14900,2025-07-22,1,52,3,5997
14901,2025-07-22,1,53,2,1798
14902,2025-07-22,1,54,11,6589
14903,2025-07-22,1,55,4,3596
14904,2025-07-22,1,56,3,2097
14905,2025-07-22,2,1,3,8997
14906,2025-07-22,2,3,2,9998
14907,2025-07-22,2,4,2,2998
14908,2025-07-22,2,5,6,7794
14909,2025-07-22,2,6,1,899
14910,2025-07-22,2,7,6,47994
14911,2025-07-22,2,8,1,15999
14912,2025-07-22,2,9,4,2396
14913,2025-07-22,2,11,2,4998
14914,2025-07-22,2,12,6,2394
14915,2025-07-22,2,14,2,598
14916,2025-07-22,2,15,6,29994
14917,2025-07-22,2,16,5,3995
14918,2025-07-22,2,17,1,3999
14919,2025-07-22,2,18,5,8995
14920,2025-07-22,2,19,3,56997
14921,2025-07-22,2,21,10,24990
14922,2025-07-22,2,22,5,27495
14923,2025-07-22,2,23,1,4999
14924,2025-07-22,2,24,1,3499
14925,2025-07-22,2,25,6,29994
14926,2025-07-22,2,26,3,59997
14927,2025-07-22,2,28,1,1799
14928,2025-07-22,2,29,5,12495
14929,2025-07-22,2,30,6,23994
14930,2025-07-22,2,31,7,13993
14931,2025-07-22,2,32,6,53994
14932,2025-07-22,2,33,5,64995
14933,2025-07-22,2,34,8,151992
14934,2025-07-22,2,35,3,8997
14935,2025-07-22,2,36,4,5996
14936,2025-07-22,2,37,4,9196
14937,2025-07-22,2,38,5,44995
14938,2025-07-22,2,39,7,24493
14939,2025-07-22,2,40,5,2995
14940,2025-07-22,2,41,3,7497
14941,2025-07-22,2,42,1,1799
14942,2025-07-22,2,43,2,3998
14943,2025-07-22,2,44,2,2598
14944,2025-07-22,2,46,1,799
14945,2025-07-22,2,47,1,3499
14946,2025-07-22,2,48,3,11997
14947,2025-07-22,2,49,6,14994
14948,2025-07-22,2,50,2,2598
14949,2025-07-22,2,51,3,1497
14950,2025-07-22,2,52,1,1999
14951,2025-07-22,2,53,2,1798
14952,2025-07-22,2,54,9,5391
14953,2025-07-22,2,55,4,3596
14954,2025-07-22,2,56,4,2796
14955,2025-07-22,3,1,6,17994
14956,2025-07-22,3,3,1,4999
14957,2025-07-22,3,4,1,1499
14958,2025-07-22,3,5,4,5196
14959,2025-07-22,3,6,1,899
14960,2025-07-22,3,7,11,87989
14961,2025-07-22,3,8,1,15999
14962,2025-07-22,3,9,3,1797
14963,2025-07-22,3,11,1,2499
14964,2025-07-22,3,12,3,1197
14965,2025-07-22,3,14,2,598
14966,2025-07-22,3,15,5,24995
14967,2025-07-22,3,16,3,2397
14968,2025-07-22,3,17,1,3999
14969,2025-07-22,3,18,3,5397
14970,2025-07-22,3,19,9,170991
14971,2025-07-22,3,21,8,19992
14972,2025-07-22,3,22,3,16497
14973,2025-07-22,3,23,3,14997
14974,2025-07-22,3,24,1,3499
14975,2025-07-22,3,25,7,34993
14976,2025-07-22,3,26,3,59997
14977,2025-07-22,3,27,1,1299
14978,2025-07-22,3,28,1,1799
14979,2025-07-22,3,29,7,17493
14980,2025-07-22,3,30,4,15996
14981,2025-07-22,3,31,5,9995
14982,2025-07-22,3,32,4,35996
14983,2025-07-22,3,33,5,64995
14984,2025-07-22,3,34,4,75996
14985,2025-07-22,3,35,3,8997
14986,2025-07-22,3,36,6,8994
14987,2025-07-22,3,37,7,16093
14988,2025-07-22,3,38,3,26997
14989,2025-07-22,3,39,6,20994
14990,2025-07-22,3,40,4,2396
14991,2025-07-22,3,41,7,17493
14992,2025-07-22,3,44,2,2598
14993,2025-07-22,3,46,3,2397
14994,2025-07-22,3,48,2,7998
14995,2025-07-22,3,49,5,12495
14996,2025-07-22,3,50,2,2598
14997,2025-07-22,3,51,3,1497
14998,2025-07-22,3,52,2,3998
14999,2025-07-22,3,53,2,1798
15000,2025-07-22,3,54,7,4193
15001,2025-07-22,3,55,6,5394
15002,2025-07-22,3,56,3,2097
15003,2025-07-22,4,1,8,23992
15004,2025-07-22,4,3,4,19996
15005,2025-07-22,4,4,1,1499
15006,2025-07-22,4,5,16,20784
15007,2025-07-22,4,6,1,899
15008,2025-07-22,4,7,8,63992
15009,2025-07-22,4,8,1,15999
15010,2025-07-22,4,9,3,1797
15011,2025-07-22,4,11,3,7497
15012,2025-07-22,4,12,3,1197
15013,2025-07-22,4,14,2,598
15014,2025-07-22,4,15,7,34993
15015,2025-07-22,4,16,7,5593
15016,2025-07-22,4,17,3,11997
15017,2025-07-22,4,18,7,12593
15018,2025-07-22,4,19,4,75996
15019,2025-07-22,4,21,10,24990
15020,2025-07-22,4,22,5,27495
15021,2025-07-22,4,23,4,19996
15022,2025-07-22,4,24,2,6998
15023,2025-07-22,4,25,10,49990
15024,2025-07-22,4,26,4,79996
15025,2025-07-22,4,27,1,1299
15026,2025-07-22,4,28,2,3598
15027,2025-07-22,4,29,9,22491
15028,2025-07-22,4,30,5,19995
15029,2025-07-22,4,31,5,9995
15030,2025-07-22,4,32,10,89990
15031,2025-07-22,4,33,3,38997
15032,2025-07-22,4,34,10,189990
15033,2025-07-22,4,35,3,8997
15034,2025-07-22,4,36,5,7495
15035,2025-07-22,4,37,9,20691
15036,2025-07-22,4,38,7,62993
15037,2025-07-22,4,39,7,24493
15038,2025-07-22,4,40,5,2995
15039,2025-07-22,4,41,6,14994
15040,2025-07-22,4,42,1,1799
15041,2025-07-22,4,43,4,7996
15042,2025-07-22,4,44,1,1299
15043,2025-07-22,4,45,1,4999
15044,2025-07-22,4,46,3,2397
15045,2025-07-22,4,47,1,3499
15046,2025-07-22,4,48,4,15996
15047,2025-07-22,4,49,6,14994
15048,2025-07-22,4,50,5,6495
15049,2025-07-22,4,52,2,3998
15050,2025-07-22,4,53,1,899
15051,2025-07-22,4,54,12,7188
15052,2025-07-22,4,55,9,8091
15053,2025-07-22,4,56,6,4194
15054,2025-07-22,5,1,4,11996
15055,2025-07-22,5,3,2,9998
15056,2025-07-22,5,4,1,1499
15057,2025-07-22,5,5,3,3897
15058,2025-07-22,5,6,1,899
15059,2025-07-22,5,7,6,47994
15060,2025-07-22,5,8,1,15999
15061,2025-07-22,5,9,3,1797
15062,2025-07-22,5,11,1,2499
15063,2025-07-22,5,12,2,798
15064,2025-07-22,5,14,3,897
15065,2025-07-22,5,15,5,24995
15066,2025-07-22,5,16,3,2397
15067,2025-07-22,5,17,2,7998
15068,2025-07-22,5,18,4,7196
15069,2025-07-22,5,19,3,56997
15070,2025-07-22,5,21,5,12495
15071,2025-07-22,5,22,6,32994
15072,2025-07-22,5,23,2,9998
15073,2025-07-22,5,24,1,3499
15074,2025-07-22,5,25,6,29994
15075,2025-07-22,5,26,2,39998
15076,2025-07-22,5,27,1,1299
15077,2025-07-22,5,28,1,1799
15078,2025-07-22,5,29,6,14994
15079,2025-07-22,5,30,6,23994
15080,2025-07-22,5,31,8,15992
15081,2025-07-22,5,32,4,35996
15082,2025-07-22,5,33,3,38997
15083,2025-07-22,5,34,7,132993
15084,2025-07-22,5,35,3,8997
15085,2025-07-22,5,36,4,5996
15086,2025-07-22,5,37,6,13794
15087,2025-07-22,5,38,5,44995
15088,2025-07-22,5,39,3,10497
15089,2025-07-22,5,40,2,1198
15090,2025-07-22,5,41,5,12495
15091,2025-07-22,5,43,2,3998
15092,2025-07-22,5,44,1,1299
15093,2025-07-22,5,45,1,4999
15094,2025-07-22,5,46,1,799
15095,2025-07-22,5,47,1,3499
15096,2025-07-22,5,48,2,7998
15097,2025-07-22,5,49,3,7497
15098,2025-07-22,5,50,4,5196
15099,2025-07-22,5,51,3,1497
15100,2025-07-22,5,52,2,3998
15101,2025-07-22,5,53,2,1798
15102,2025-07-22,5,54,7,4193
15103,2025-07-22,5,55,3,2697
15104,2025-07-22,5,56,3,2097
15105,2025-07-22,6,1,6,17994
15106,2025-07-22,6,3,4,19996
15107,2025-07-22,6,4,1,1499
15108,2025-07-22,6,5,8,10392
15109,2025-07-22,6,6,1,899
15110,2025-07-22,6,7,7,55993
15111,2025-07-22,6,8,1,15999
15112,2025-07-22,6,9,5,2995
15113,2025-07-22,6,11,2,4998
15114,2025-07-22,6,12,4,1596
15115,2025-07-22,6,14,1,299
15116,2025-07-22,6,15,5,24995
15117,2025-07-22,6,16,3,2397
15118,2025-07-22,6,17,2,7998
15119,2025-07-22,6,18,2,3598
15120,2025-07-22,6,19,6,113994
15121,2025-07-22,6,21,8,19992
15122,2025-07-22,6,22,3,16497
15123,2025-07-22,6,23,2,9998
15124,2025-07-22,6,24,2,6998
15125,2025-07-22,6,25,9,44991
15126,2025-07-22,6,26,4,79996
15127,2025-07-22,6,27,2,2598
15128,2025-07-22,6,28,1,1799
15129,2025-07-22,6,29,5,12495
15130,2025-07-22,6,30,6,23994
15131,2025-07-22,6,31,6,11994
15132,2025-07-22,6,32,4,35996
15133,2025-07-22,6,33,2,25998
15134,2025-07-22,6,34,9,170991
15135,2025-07-22,6,35,4,11996
15136,2025-07-22,6,36,2,2998
15137,2025-07-22,6,37,8,18392
15138,2025-07-22,6,38,5,44995
15139,2025-07-22,6,39,7,24493
15140,2025-07-22,6,40,4,2396
15141,2025-07-22,6,41,7,17493
15142,2025-07-22,6,42,1,1799
15143,2025-07-22,6,43,1,1999
15144,2025-07-22,6,44,2,2598
15145,2025-07-22,6,45,1,4999
15146,2025-07-22,6,46,3,2397
15147,2025-07-22,6,47,1,3499
15148,2025-07-22,6,48,3,11997
15149,2025-07-22,6,49,4,9996
15150,2025-07-22,6,50,3,3897
15151,2025-07-22,6,51,2,998
15152,2025-07-22,6,52,1,1999
15153,2025-07-22,6,53,1,899
15154,2025-07-22,6,54,8,4792
15155,2025-07-22,6,55,4,3596
15156,2025-07-22,6,56,6,4194
15157,2025-07-23,1,1,13,38987
15158,2025-07-23,1,2,1,1999
15159,2025-07-23,1,3,3,14997
15160,2025-07-23,1,4,2,2998
15161,2025-07-23,1,5,7,9093
15162,2025-07-23,1,6,2,1798
15163,2025-07-23,1,7,11,87989
15164,2025-07-23,1,8,1,15999
15165,2025-07-23,1,9,1,599
15166,2025-07-23,1,11,2,4998
15167,2025-07-23,1,12,4,1596
15168,2025-07-23,1,14,1,299
15169,2025-07-23,1,15,6,29994
15170,2025-07-23,1,16,6,4794
15171,2025-07-23,1,17,1,3999
15172,2025-07-23,1,18,8,14392
15173,2025-07-23,1,19,10,189990
15174,2025-07-23,1,21,8,19992
15175,2025-07-23,1,22,4,21996
15176,2025-07-23,1,23,2,9998
15177,2025-07-23,1,24,1,3499
15178,2025-07-23,1,25,11,54989
15179,2025-07-23,1,26,3,59997
15180,2025-07-23,1,27,1,1299
15181,2025-07-23,1,29,13,32487
15182,2025-07-23,1,30,10,39990
15183,2025-07-23,1,31,7,13993
15184,2025-07-23,1,32,6,53994
15185,2025-07-23,1,33,5,64995
15186,2025-07-23,1,34,5,94995
15187,2025-07-23,1,35,4,11996
15188,2025-07-23,1,36,8,11992
15189,2025-07-23,1,37,6,13794
15190,2025-07-23,1,38,9,80991
15191,2025-07-23,1,39,9,31491
15192,2025-07-23,1,40,5,2995
15193,2025-07-23,1,41,5,12495
15194,2025-07-23,1,43,3,5997
15195,2025-07-23,1,44,4,5196
15196,2025-07-23,1,45,1,4999
15197,2025-07-23,1,46,2,1598
15198,2025-07-23,1,47,1,3499
15199,2025-07-23,1,48,3,11997
15200,2025-07-23,1,49,6,14994
15201,2025-07-23,1,50,4,5196
15202,2025-07-23,1,51,1,499
15203,2025-07-23,1,52,2,3998
15204,2025-07-23,1,53,3,2697
15205,2025-07-23,1,54,5,2995
15206,2025-07-23,1,55,5,4495
15207,2025-07-23,1,56,8,5592
15208,2025-07-23,2,1,6,17994
15209,2025-07-23,2,3,2,9998
15210,2025-07-23,2,4,1,1499
15211,2025-07-23,2,5,6,7794
15212,2025-07-23,2,6,2,1798
15213,2025-07-23,2,7,8,63992
15214,2025-07-23,2,8,1,15999
15215,2025-07-23,2,9,3,1797
15216,2025-07-23,2,11,2,4998
15217,2025-07-23,2,12,3,1197
15218,2025-07-23,2,14,1,299
15219,2025-07-23,2,15,6,29994
15220,2025-07-23,2,16,4,3196
15221,2025-07-23,2,17,3,11997
15222,2025-07-23,2,18,5,8995
15223,2025-07-23,2,19,7,132993
15224,2025-07-23,2,21,4,9996
15225,2025-07-23,2,22,4,21996
15226,2025-07-23,2,23,3,14997
15227,2025-07-23,2,24,2,6998
15228,2025-07-23,2,25,9,44991
15229,2025-07-23,2,26,3,59997
15230,2025-07-23,2,28,1,1799
15231,2025-07-23,2,29,9,22491
15232,2025-07-23,2,30,5,19995
15233,2025-07-23,2,31,8,15992
15234,2025-07-23,2,32,6,53994
15235,2025-07-23,2,33,4,51996
15236,2025-07-23,2,34,6,113994
15237,2025-07-23,2,35,3,8997
15238,2025-07-23,2,36,3,4497
15239,2025-07-23,2,37,9,20691
15240,2025-07-23,2,38,5,44995
15241,2025-07-23,2,39,8,27992
15242,2025-07-23,2,40,6,3594
15243,2025-07-23,2,41,7,17493
15244,2025-07-23,2,42,1,1799
15245,2025-07-23,2,43,1,1999
15246,2025-07-23,2,44,1,1299
15247,2025-07-23,2,45,1,4999
15248,2025-07-23,2,46,2,1598
15249,2025-07-23,2,47,1,3499
15250,2025-07-23,2,48,1,3999
15251,2025-07-23,2,49,6,14994
15252,2025-07-23,2,50,3,3897
15253,2025-07-23,2,51,1,499
15254,2025-07-23,2,52,2,3998
15255,2025-07-23,2,53,1,899
15256,2025-07-23,2,54,7,4193
15257,2025-07-23,2,55,1,899
15258,2025-07-23,2,56,4,2796
15259,2025-07-23,3,1,5,14995
15260,2025-07-23,3,3,1,4999
15261,2025-07-23,3,4,2,2998
15262,2025-07-23,3,5,8,10392
15263,2025-07-23,3,6,1,899
15264,2025-07-23,3,7,7,55993
15265,2025-07-23,3,9,3,1797
15266,2025-07-23,3,11,1,2499
15267,2025-07-23,3,12,3,1197
15268,2025-07-23,3,14,1,299
15269,2025-07-23,3,15,5,24995
15270,2025-07-23,3,16,5,3995
15271,2025-07-23,3,17,1,3999
15272,2025-07-23,3,18,2,3598
15273,2025-07-23,3,19,4,75996
15274,2025-07-23,3,21,6,14994
15275,2025-07-23,3,22,7,38493
15276,2025-07-23,3,23,3,14997
15277,2025-07-23,3,24,1,3499
15278,2025-07-23,3,25,1,4999
15279,2025-07-23,3,28,1,1799
15280,2025-07-23,3,29,7,17493
15281,2025-07-23,3,30,4,15996
15282,2025-07-23,3,31,7,13993
15283,2025-07-23,3,32,7,62993
15284,2025-07-23,3,33,4,51996
15285,2025-07-23,3,34,6,113994
15286,2025-07-23,3,35,3,8997
15287,2025-07-23,3,36,3,4497
15288,2025-07-23,3,37,3,6897
15289,2025-07-23,3,38,4,35996
15290,2025-07-23,3,39,6,20994
15291,2025-07-23,3,40,4,2396
15292,2025-07-23,3,41,4,9996
15293,2025-07-23,3,43,1,1999
15294,2025-07-23,3,44,2,2598
15295,2025-07-23,3,46,3,2397
15296,2025-07-23,3,47,1,3499
15297,2025-07-23,3,48,1,3999
15298,2025-07-23,3,49,4,9996
15299,2025-07-23,3,50,3,3897
15300,2025-07-23,3,51,2,998
15301,2025-07-23,3,52,2,3998
15302,2025-07-23,3,53,2,1798
15303,2025-07-23,3,54,3,1797
15304,2025-07-23,3,55,5,4495
15305,2025-07-23,3,56,4,2796
15306,2025-07-23,4,1,8,23992
15307,2025-07-23,4,3,2,9998
15308,2025-07-23,4,4,2,2998
15309,2025-07-23,4,5,8,10392
15310,2025-07-23,4,6,2,1798
15311,2025-07-23,4,7,10,79990
15312,2025-07-23,4,8,1,15999
15313,2025-07-23,4,9,5,2995
15314,2025-07-23,4,10,1,299
15315,2025-07-23,4,11,2,4998
15316,2025-07-23,4,12,4,1596
15317,2025-07-23,4,13,1,499
15318,2025-07-23,4,14,2,598
15319,2025-07-23,4,15,1,4999
15320,2025-07-23,4,16,6,4794
15321,2025-07-23,4,17,2,7998
15322,2025-07-23,4,18,3,5397
15323,2025-07-23,4,19,5,94995
15324,2025-07-23,4,21,7,17493
15325,2025-07-23,4,22,6,32994
15326,2025-07-23,4,23,4,19996
15327,2025-07-23,4,24,2,6998
15328,2025-07-23,4,25,11,54989
15329,2025-07-23,4,26,5,99995
15330,2025-07-23,4,27,1,1299
15331,2025-07-23,4,29,8,19992
15332,2025-07-23,4,30,7,27993
15333,2025-07-23,4,31,3,5997
15334,2025-07-23,4,32,6,53994
15335,2025-07-23,4,33,5,64995
15336,2025-07-23,4,34,8,151992
15337,2025-07-23,4,35,2,5998
15338,2025-07-23,4,36,3,4497
15339,2025-07-23,4,37,7,16093
15340,2025-07-23,4,38,5,44995
15341,2025-07-23,4,39,10,34990
15342,2025-07-23,4,40,8,4792
15343,2025-07-23,4,41,8,19992
15344,2025-07-23,4,42,1,1799
15345,2025-07-23,4,43,3,5997
15346,2025-07-23,4,44,3,3897
15347,2025-07-23,4,45,1,4999
15348,2025-07-23,4,46,4,3196
15349,2025-07-23,4,47,2,6998
15350,2025-07-23,4,48,1,3999
15351,2025-07-23,4,49,9,22491
15352,2025-07-23,4,50,3,3897
15353,2025-07-23,4,51,3,1497
15354,2025-07-23,4,52,1,1999
15355,2025-07-23,4,53,1,899
15356,2025-07-23,4,54,10,5990
15357,2025-07-23,4,55,7,6293
15358,2025-07-23,4,56,5,3495
15359,2025-07-23,5,1,4,11996
15360,2025-07-23,5,5,6,7794
15361,2025-07-23,5,6,1,899
15362,2025-07-23,5,7,5,39995
15363,2025-07-23,5,8,1,15999
15364,2025-07-23,5,9,3,1797
15365,2025-07-23,5,11,1,2499
15366,2025-07-23,5,12,4,1596
15367,2025-07-23,5,14,1,299
15368,2025-07-23,5,15,4,19996
15369,2025-07-23,5,16,4,3196
15370,2025-07-23,5,17,1,3999
15371,2025-07-23,5,18,3,5397
15372,2025-07-23,5,19,4,75996
15373,2025-07-23,5,21,6,14994
15374,2025-07-23,5,22,4,21996
15375,2025-07-23,5,23,2,9998
15376,2025-07-23,5,24,1,3499
15377,2025-07-23,5,25,2,9998
15378,2025-07-23,5,26,3,59997
15379,2025-07-23,5,28,1,1799
15380,2025-07-23,5,29,6,14994
15381,2025-07-23,5,30,5,19995
15382,2025-07-23,5,31,7,13993
15383,2025-07-23,5,32,5,44995
15384,2025-07-23,5,33,4,51996
15385,2025-07-23,5,34,8,151992
15386,2025-07-23,5,35,4,11996
15387,2025-07-23,5,36,3,4497
15388,2025-07-23,5,37,3,6897
15389,2025-07-23,5,38,4,35996
15390,2025-07-23,5,39,7,24493
15391,2025-07-23,5,40,3,1797
15392,2025-07-23,5,41,1,2499
15393,2025-07-23,5,43,2,3998
15394,2025-07-23,5,46,1,799
15395,2025-07-23,5,47,1,3499
15396,2025-07-23,5,48,3,11997
15397,2025-07-23,5,49,5,12495
15398,2025-07-23,5,50,1,1299
15399,2025-07-23,5,51,2,998
15400,2025-07-23,5,52,1,1999
15401,2025-07-23,5,53,2,1798
15402,2025-07-23,5,54,10,5990
15403,2025-07-23,5,55,5,4495
15404,2025-07-23,5,56,4,2796
15405,2025-07-23,6,1,7,20993
15406,2025-07-23,6,3,2,9998
15407,2025-07-23,6,4,2,2998
15408,2025-07-23,6,5,4,5196
15409,2025-07-23,6,6,1,899
15410,2025-07-23,6,7,11,87989
15411,2025-07-23,6,8,1,15999
15412,2025-07-23,6,9,5,2995
15413,2025-07-23,6,11,1,2499
15414,2025-07-23,6,12,2,798
15415,2025-07-23,6,14,2,598
15416,2025-07-23,6,15,6,29994
15417,2025-07-23,6,16,6,4794
15418,2025-07-23,6,17,2,7998
15419,2025-07-23,6,18,5,8995
15420,2025-07-23,6,19,5,94995
15421,2025-07-23,6,21,10,24990
15422,2025-07-23,6,22,4,21996
15423,2025-07-23,6,23,1,4999
15424,2025-07-23,6,24,1,3499
15425,2025-07-23,6,25,7,34993
15426,2025-07-23,6,26,4,79996
15427,2025-07-23,6,27,1,1299
15428,2025-07-23,6,28,1,1799
15429,2025-07-23,6,29,8,19992
15430,2025-07-23,6,30,8,31992
15431,2025-07-23,6,31,9,17991
15432,2025-07-23,6,32,4,35996
15433,2025-07-23,6,33,6,77994
15434,2025-07-23,6,34,10,189990
15435,2025-07-23,6,35,2,5998
15436,2025-07-23,6,36,1,1499
15437,2025-07-23,6,38,3,26997
15438,2025-07-23,6,39,8,27992
15439,2025-07-23,6,40,3,1797
15440,2025-07-23,6,41,8,19992
15441,2025-07-23,6,42,1,1799
15442,2025-07-23,6,43,2,3998
15443,2025-07-23,6,44,3,3897
15444,2025-07-23,6,45,1,4999
15445,2025-07-23,6,46,1,799
15446,2025-07-23,6,47,1,3499
15447,2025-07-23,6,48,3,11997
15448,2025-07-23,6,49,6,14994
15449,2025-07-23,6,50,3,3897
15450,2025-07-23,6,51,2,998
15451,2025-07-23,6,52,2,3998
15452,2025-07-23,6,53,3,2697
15453,2025-07-23,6,54,5,2995
15454,2025-07-23,6,55,7,6293
15455,2025-07-23,6,56,3,2097
15456,2025-07-24,1,1,14,41986
15457,2025-07-24,1,3,3,14997
15458,2025-07-24,1,4,3,4497
15459,2025-07-24,1,5,19,24681
15460,2025-07-24,1,6,1,899
15461,2025-07-24,1,7,7,55993
15462,2025-07-24,1,8,1,15999
15463,2025-07-24,1,9,5,2995
15464,2025-07-24,1,11,1,2499
15465,2025-07-24,1,12,3,1197
15466,2025-07-24,1,14,3,897
15467,2025-07-24,1,15,6,29994
15468,2025-07-24,1,16,3,2397
15469,2025-07-24,1,17,2,7998
15470,2025-07-24,1,18,7,12593
15471,2025-07-24,1,19,10,189990
15472,2025-07-24,1,21,8,19992
15473,2025-07-24,1,22,9,49491
15474,2025-07-24,1,23,2,9998
15475,2025-07-24,1,24,1,3499
15476,2025-07-24,1,25,8,39992
15477,2025-07-24,1,26,4,79996
15478,2025-07-24,1,27,2,2598
15479,2025-07-24,1,28,1,1799
15480,2025-07-24,1,29,8,19992
15481,2025-07-24,1,30,7,27993
15482,2025-07-24,1,31,7,13993
15483,2025-07-24,1,32,7,62993
15484,2025-07-24,1,33,2,25998
15485,2025-07-24,1,34,3,56997
15486,2025-07-24,1,35,3,8997
15487,2025-07-24,1,36,1,1499
15488,2025-07-24,1,37,7,16093
15489,2025-07-24,1,38,7,62993
15490,2025-07-24,1,39,6,20994
15491,2025-07-24,1,40,4,2396
15492,2025-07-24,1,41,5,12495
15493,2025-07-24,1,42,1,1799
15494,2025-07-24,1,43,1,1999
15495,2025-07-24,1,44,2,2598
15496,2025-07-24,1,45,1,4999
15497,2025-07-24,1,46,2,1598
15498,2025-07-24,1,47,1,3499
15499,2025-07-24,1,48,3,11997
15500,2025-07-24,1,49,10,24990
15501,2025-07-24,1,50,2,2598
15502,2025-07-24,1,51,4,1996
15503,2025-07-24,1,53,1,899
15504,2025-07-24,1,54,7,4193
15505,2025-07-24,1,55,12,10788
15506,2025-07-24,1,56,5,3495
15507,2025-07-24,2,1,8,23992
15508,2025-07-24,2,3,1,4999
15509,2025-07-24,2,4,2,2998
15510,2025-07-24,2,5,12,15588
15511,2025-07-24,2,6,1,899
15512,2025-07-24,2,7,6,47994
15513,2025-07-24,2,9,3,1797
15514,2025-07-24,2,11,3,7497
15515,2025-07-24,2,12,1,399
15516,2025-07-24,2,14,1,299
15517,2025-07-24,2,15,6,29994
15518,2025-07-24,2,16,5,3995
15519,2025-07-24,2,17,1,3999
15520,2025-07-24,2,18,5,8995
15521,2025-07-24,2,19,7,132993
15522,2025-07-24,2,21,6,14994
15523,2025-07-24,2,22,6,32994
15524,2025-07-24,2,23,3,14997
15525,2025-07-24,2,24,1,3499
15526,2025-07-24,2,25,10,49990
15527,2025-07-24,2,26,1,19999
15528,2025-07-24,2,27,1,1299
15529,2025-07-24,2,28,1,1799
15530,2025-07-24,2,29,5,12495
15531,2025-07-24,2,30,7,27993
15532,2025-07-24,2,31,6,11994
15533,2025-07-24,2,32,9,80991
15534,2025-07-24,2,33,3,38997
15535,2025-07-24,2,34,8,151992
15536,2025-07-24,2,35,1,2999
15537,2025-07-24,2,36,4,5996
15538,2025-07-24,2,37,6,13794
15539,2025-07-24,2,38,6,53994
15540,2025-07-24,2,39,5,17495
15541,2025-07-24,2,40,3,1797
15542,2025-07-24,2,41,5,12495
15543,2025-07-24,2,43,3,5997
15544,2025-07-24,2,44,2,2598
15545,2025-07-24,2,45,1,4999
15546,2025-07-24,2,46,1,799
15547,2025-07-24,2,47,1,3499
15548,2025-07-24,2,48,1,3999
15549,2025-07-24,2,49,4,9996
15550,2025-07-24,2,50,2,2598
15551,2025-07-24,2,51,2,998
15552,2025-07-24,2,52,1,1999
15553,2025-07-24,2,53,2,1798
15554,2025-07-24,2,54,6,3594
15555,2025-07-24,2,55,4,3596
15556,2025-07-24,2,56,4,2796
15557,2025-07-24,3,1,4,11996
15558,2025-07-24,3,3,1,4999
15559,2025-07-24,3,4,1,1499
15560,2025-07-24,3,5,12,15588
15561,2025-07-24,3,6,2,1798
15562,2025-07-24,3,7,7,55993
15563,2025-07-24,3,9,3,1797
15564,2025-07-24,3,11,1,2499
15565,2025-07-24,3,12,4,1596
15566,2025-07-24,3,14,3,897
15567,2025-07-24,3,15,5,24995
15568,2025-07-24,3,16,4,3196
15569,2025-07-24,3,17,1,3999
15570,2025-07-24,3,18,3,5397
15571,2025-07-24,3,19,5,94995
15572,2025-07-24,3,21,4,9996
15573,2025-07-24,3,22,3,16497
15574,2025-07-24,3,23,4,19996
15575,2025-07-24,3,24,1,3499
15576,2025-07-24,3,25,10,49990
15577,2025-07-24,3,26,3,59997
15578,2025-07-24,3,27,1,1299
15579,2025-07-24,3,28,1,1799
15580,2025-07-24,3,29,9,22491
15581,2025-07-24,3,30,7,27993
15582,2025-07-24,3,31,11,21989
15583,2025-07-24,3,32,3,26997
15584,2025-07-24,3,33,1,12999
15585,2025-07-24,3,34,2,37998
15586,2025-07-24,3,35,1,2999
15587,2025-07-24,3,36,3,4497
15588,2025-07-24,3,37,3,6897
15589,2025-07-24,3,38,4,35996
15590,2025-07-24,3,39,6,20994
15591,2025-07-24,3,40,5,2995
15592,2025-07-24,3,41,5,12495
15593,2025-07-24,3,42,1,1799
15594,2025-07-24,3,43,1,1999
15595,2025-07-24,3,44,2,2598
15596,2025-07-24,3,46,1,799
15597,2025-07-24,3,47,1,3499
15598,2025-07-24,3,48,2,7998
15599,2025-07-24,3,49,3,7497
15600,2025-07-24,3,50,3,3897
15601,2025-07-24,3,51,2,998
15602,2025-07-24,3,52,2,3998
15603,2025-07-24,3,53,1,899
15604,2025-07-24,3,54,6,3594
15605,2025-07-24,3,55,4,3596
15606,2025-07-24,3,56,6,4194
15607,2025-07-24,4,1,5,14995
15608,2025-07-24,4,3,2,9998
15609,2025-07-24,4,4,3,4497
15610,2025-07-24,4,5,12,15588
15611,2025-07-24,4,6,2,1798
15612,2025-07-24,4,7,10,79990
15613,2025-07-24,4,9,4,2396
15614,2025-07-24,4,11,2,4998
15615,2025-07-24,4,12,5,1995
15616,2025-07-24,4,14,3,897
15617,2025-07-24,4,15,5,24995
15618,2025-07-24,4,16,5,3995
15619,2025-07-24,4,17,2,7998
15620,2025-07-24,4,18,8,14392
15621,2025-07-24,4,19,4,75996
15622,2025-07-24,4,21,12,29988
15623,2025-07-24,4,22,10,54990
15624,2025-07-24,4,23,5,24995
15625,2025-07-24,4,24,1,3499
15626,2025-07-24,4,25,4,19996
15627,2025-07-24,4,26,2,39998
15628,2025-07-24,4,27,2,2598
15629,2025-07-24,4,28,1,1799
15630,2025-07-24,4,29,11,27489
15631,2025-07-24,4,30,6,23994
15632,2025-07-24,4,31,10,19990
15633,2025-07-24,4,32,10,89990
15634,2025-07-24,4,33,3,38997
15635,2025-07-24,4,34,14,265986
15636,2025-07-24,4,35,4,11996
15637,2025-07-24,4,36,6,8994
15638,2025-07-24,4,37,10,22990
15639,2025-07-24,4,38,6,53994
15640,2025-07-24,4,39,9,31491
15641,2025-07-24,4,40,5,2995
15642,2025-07-24,4,41,7,17493
15643,2025-07-24,4,42,1,1799
15644,2025-07-24,4,43,3,5997
15645,2025-07-24,4,44,4,5196
15646,2025-07-24,4,45,1,4999
15647,2025-07-24,4,46,3,2397
15648,2025-07-24,4,47,1,3499
15649,2025-07-24,4,48,3,11997
15650,2025-07-24,4,49,1,2499
15651,2025-07-24,4,50,2,2598
15652,2025-07-24,4,51,5,2495
15653,2025-07-24,4,52,2,3998
15654,2025-07-24,4,53,3,2697
15655,2025-07-24,4,54,12,7188
15656,2025-07-24,4,55,10,8990
15657,2025-07-24,4,56,6,4194
15658,2025-07-24,5,1,3,8997
15659,2025-07-24,5,3,3,14997
15660,2025-07-24,5,4,1,1499
15661,2025-07-24,5,5,9,11691
15662,2025-07-24,5,6,1,899
15663,2025-07-24,5,7,7,55993
15664,2025-07-24,5,8,1,15999
15665,2025-07-24,5,9,4,2396
15666,2025-07-24,5,11,1,2499
15667,2025-07-24,5,12,6,2394
15668,2025-07-24,5,14,2,598
15669,2025-07-24,5,15,3,14997
15670,2025-07-24,5,16,2,1598
15671,2025-07-24,5,17,1,3999
15672,2025-07-24,5,18,6,10794
15673,2025-07-24,5,19,5,94995
15674,2025-07-24,5,21,4,9996
15675,2025-07-24,5,22,5,27495
15676,2025-07-24,5,23,2,9998
15677,2025-07-24,5,24,1,3499
15678,2025-07-24,5,25,9,44991
15679,2025-07-24,5,26,2,39998
15680,2025-07-24,5,27,1,1299
15681,2025-07-24,5,29,4,9996
15682,2025-07-24,5,30,5,19995
15683,2025-07-24,5,31,4,7996
15684,2025-07-24,5,32,6,53994
15685,2025-07-24,5,33,2,25998
15686,2025-07-24,5,34,2,37998
15687,2025-07-24,5,35,2,5998
15688,2025-07-24,5,36,2,2998
15689,2025-07-24,5,37,7,16093
15690,2025-07-24,5,38,4,35996
15691,2025-07-24,5,39,6,20994
15692,2025-07-24,5,40,2,1198
15693,2025-07-24,5,41,4,9996
15694,2025-07-24,5,42,1,1799
15695,2025-07-24,5,43,2,3998
15696,2025-07-24,5,44,1,1299
15697,2025-07-24,5,45,1,4999
15698,2025-07-24,5,46,2,1598
15699,2025-07-24,5,48,1,3999
15700,2025-07-24,5,49,4,9996
15701,2025-07-24,5,50,1,1299
15702,2025-07-24,5,51,3,1497
15703,2025-07-24,5,52,2,3998
15704,2025-07-24,5,53,3,2697
15705,2025-07-24,5,54,6,3594
15706,2025-07-24,5,55,4,3596
15707,2025-07-24,5,56,5,3495
15708,2025-07-24,6,1,2,5998
15709,2025-07-24,6,3,4,19996
15710,2025-07-24,6,4,1,1499
15711,2025-07-24,6,5,4,5196
15712,2025-07-24,6,6,1,899
15713,2025-07-24,6,7,6,47994
15714,2025-07-24,6,10,1,299
15715,2025-07-24,6,11,2,4998
15716,2025-07-24,6,12,6,2394
15717,2025-07-24,6,15,4,19996
15718,2025-07-24,6,16,3,2397
15719,2025-07-24,6,17,3,11997
15720,2025-07-24,6,18,5,8995
15721,2025-07-24,6,19,5,94995
15722,2025-07-24,6,21,5,12495
15723,2025-07-24,6,22,5,27495
15724,2025-07-24,6,23,2,9998
15725,2025-07-24,6,24,1,3499
15726,2025-07-24,6,25,5,24995
15727,2025-07-24,6,26,4,79996
15728,2025-07-24,6,27,1,1299
15729,2025-07-24,6,28,1,1799
15730,2025-07-24,6,29,8,19992
15731,2025-07-24,6,30,4,15996
15732,2025-07-24,6,31,7,13993
15733,2025-07-24,6,32,6,53994
15734,2025-07-24,6,33,4,51996
15735,2025-07-24,6,34,5,94995
15736,2025-07-24,6,35,4,11996
15737,2025-07-24,6,36,6,8994
15738,2025-07-24,6,37,8,18392
15739,2025-07-24,6,38,9,80991
15740,2025-07-24,6,39,7,24493
15741,2025-07-24,6,40,4,2396
15742,2025-07-24,6,41,7,17493
15743,2025-07-24,6,42,1,1799
15744,2025-07-24,6,43,1,1999
15745,2025-07-24,6,44,1,1299
15746,2025-07-24,6,45,1,4999
15747,2025-07-24,6,46,3,2397
15748,2025-07-24,6,48,3,11997
15749,2025-07-24,6,49,6,14994
15750,2025-07-24,6,50,4,5196
15751,2025-07-24,6,51,4,1996
15752,2025-07-24,6,52,2,3998
15753,2025-07-24,6,53,2,1798
15754,2025-07-24,6,54,5,2995
15755,2025-07-24,6,55,4,3596
15756,2025-07-24,6,56,6,4194
15757,2025-07-25,1,1,15,44985
15758,2025-07-25,1,3,2,9998
15759,2025-07-25,1,4,4,5996
15760,2025-07-25,1,5,5,6495
15761,2025-07-25,1,6,1,899
15762,2025-07-25,1,7,9,71991
15763,2025-07-25,1,9,5,2995
15764,2025-07-25,1,11,2,4998
15765,2025-07-25,1,12,3,1197
15766,2025-07-25,1,13,1,499
15767,2025-07-25,1,14,2,598
15768,2025-07-25,1,15,5,24995
15769,2025-07-25,1,16,4,3196
15770,2025-07-25,1,17,2,7998
15771,2025-07-25,1,18,5,8995
15772,2025-07-25,1,19,10,189990
15773,2025-07-25,1,21,10,24990
15774,2025-07-25,1,22,7,38493
15775,2025-07-25,1,23,1,4999
15776,2025-07-25,1,24,1,3499
15777,2025-07-25,1,25,10,49990
15778,2025-07-25,1,26,4,79996
15779,2025-07-25,1,27,1,1299
15780,2025-07-25,1,28,1,1799
15781,2025-07-25,1,29,5,12495
15782,2025-07-25,1,30,6,23994
15783,2025-07-25,1,31,8,15992
15784,2025-07-25,1,32,4,35996
15785,2025-07-25,1,33,6,77994
15786,2025-07-25,1,34,9,170991
15787,2025-07-25,1,35,3,8997
15788,2025-07-25,1,36,6,8994
15789,2025-07-25,1,37,10,22990
15790,2025-07-25,1,38,6,53994
15791,2025-07-25,1,39,2,6998
15792,2025-07-25,1,40,4,2396
15793,2025-07-25,1,41,6,14994
15794,2025-07-25,1,43,3,5997
15795,2025-07-25,1,44,2,2598
15796,2025-07-25,1,46,2,1598
15797,2025-07-25,1,47,1,3499
15798,2025-07-25,1,48,4,15996
15799,2025-07-25,1,49,8,19992
15800,2025-07-25,1,50,5,6495
15801,2025-07-25,1,51,4,1996
15802,2025-07-25,1,52,2,3998
15803,2025-07-25,1,53,2,1798
15804,2025-07-25,1,54,9,5391
15805,2025-07-25,1,55,6,5394
15806,2025-07-25,1,56,10,6990
15807,2025-07-25,2,1,5,14995
15808,2025-07-25,2,2,1,1999
15809,2025-07-25,2,3,1,4999
15810,2025-07-25,2,4,3,4497
15811,2025-07-25,2,5,8,10392
15812,2025-07-25,2,6,1,899
15813,2025-07-25,2,7,9,71991
15814,2025-07-25,2,8,1,15999
15815,2025-07-25,2,9,5,2995
15816,2025-07-25,2,11,1,2499
15817,2025-07-25,2,12,1,399
15818,2025-07-25,2,13,1,499
15819,2025-07-25,2,14,1,299
15820,2025-07-25,2,15,4,19996
15821,2025-07-25,2,16,7,5593
15822,2025-07-25,2,17,1,3999
15823,2025-07-25,2,18,6,10794
15824,2025-07-25,2,19,5,94995
15825,2025-07-25,2,21,6,14994
15826,2025-07-25,2,22,7,38493
15827,2025-07-25,2,23,1,4999
15828,2025-07-25,2,25,9,44991
15829,2025-07-25,2,26,3,59997
15830,2025-07-25,2,28,1,1799
15831,2025-07-25,2,29,7,17493
15832,2025-07-25,2,30,3,11997
15833,2025-07-25,2,31,9,17991
15834,2025-07-25,2,32,7,62993
15835,2025-07-25,2,33,4,51996
15836,2025-07-25,2,34,7,132993
15837,2025-07-25,2,35,3,8997
15838,2025-07-25,2,36,3,4497
15839,2025-07-25,2,37,6,13794
15840,2025-07-25,2,38,6,53994
15841,2025-07-25,2,39,6,20994
15842,2025-07-25,2,40,2,1198
15843,2025-07-25,2,41,9,22491
15844,2025-07-25,2,42,1,1799
15845,2025-07-25,2,43,2,3998
15846,2025-07-25,2,44,2,2598
15847,2025-07-25,2,45,1,4999
15848,2025-07-25,2,46,1,799
15849,2025-07-25,2,47,1,3499
15850,2025-07-25,2,48,1,3999
15851,2025-07-25,2,49,5,12495
15852,2025-07-25,2,50,3,3897
15853,2025-07-25,2,51,2,998
15854,2025-07-25,2,52,1,1999
15855,2025-07-25,2,53,2,1798
15856,2025-07-25,2,54,3,1797
15857,2025-07-25,2,55,4,3596
15858,2025-07-25,2,56,7,4893
15859,2025-07-25,3,1,4,11996
15860,2025-07-25,3,3,1,4999
15861,2025-07-25,3,4,1,1499
15862,2025-07-25,3,5,7,9093
15863,2025-07-25,3,7,7,55993
15864,2025-07-25,3,9,4,2396
15865,2025-07-25,3,11,1,2499
15866,2025-07-25,3,14,1,299
15867,2025-07-25,3,15,5,24995
15868,2025-07-25,3,16,4,3196
15869,2025-07-25,3,17,1,3999
15870,2025-07-25,3,18,3,5397
15871,2025-07-25,3,19,7,132993
15872,2025-07-25,3,21,4,9996
15873,2025-07-25,3,22,4,21996
15874,2025-07-25,3,23,1,4999
15875,2025-07-25,3,24,1,3499
15876,2025-07-25,3,25,8,39992
15877,2025-07-25,3,26,5,99995
15878,2025-07-25,3,27,1,1299
15879,2025-07-25,3,28,1,1799
15880,2025-07-25,3,29,8,19992
15881,2025-07-25,3,30,5,19995
15882,2025-07-25,3,31,8,15992
15883,2025-07-25,3,32,7,62993
15884,2025-07-25,3,33,3,38997
15885,2025-07-25,3,34,5,94995
15886,2025-07-25,3,35,3,8997
15887,2025-07-25,3,36,3,4497
15888,2025-07-25,3,37,4,9196
15889,2025-07-25,3,38,3,26997
15890,2025-07-25,3,39,5,17495
15891,2025-07-25,3,40,5,2995
15892,2025-07-25,3,41,5,12495
15893,2025-07-25,3,43,1,1999
15894,2025-07-25,3,44,2,2598
15895,2025-07-25,3,46,2,1598
15896,2025-07-25,3,48,1,3999
15897,2025-07-25,3,49,6,14994
15898,2025-07-25,3,50,3,3897
15899,2025-07-25,3,51,3,1497
15900,2025-07-25,3,52,1,1999
15901,2025-07-25,3,53,2,1798
15902,2025-07-25,3,54,4,2396
15903,2025-07-25,3,55,5,4495
15904,2025-07-25,3,56,3,2097
15905,2025-07-25,4,1,4,11996
15906,2025-07-25,4,2,1,1999
15907,2025-07-25,4,3,3,14997
15908,2025-07-25,4,4,1,1499
15909,2025-07-25,4,5,14,18186
15910,2025-07-25,4,6,1,899
15911,2025-07-25,4,7,10,79990
15912,2025-07-25,4,8,1,15999
15913,2025-07-25,4,9,4,2396
15914,2025-07-25,4,10,1,299
15915,2025-07-25,4,11,1,2499
15916,2025-07-25,4,12,6,2394
15917,2025-07-25,4,14,3,897
15918,2025-07-25,4,15,5,24995
15919,2025-07-25,4,16,8,6392
15920,2025-07-25,4,17,2,7998
15921,2025-07-25,4,18,6,10794
15922,2025-07-25,4,19,7,132993
15923,2025-07-25,4,21,9,22491
15924,2025-07-25,4,22,7,38493
15925,2025-07-25,4,23,4,19996
15926,2025-07-25,4,24,2,6998
15927,2025-07-25,4,25,12,59988
15928,2025-07-25,4,26,4,79996
15929,2025-07-25,4,29,7,17493
15930,2025-07-25,4,30,5,19995
15931,2025-07-25,4,31,9,17991
15932,2025-07-25,4,32,9,80991
15933,2025-07-25,4,33,4,51996
15934,2025-07-25,4,34,12,227988
15935,2025-07-25,4,35,3,8997
15936,2025-07-25,4,36,1,1499
15937,2025-07-25,4,37,9,20691
15938,2025-07-25,4,38,6,53994
15939,2025-07-25,4,39,14,48986
15940,2025-07-25,4,40,7,4193
15941,2025-07-25,4,41,5,12495
15942,2025-07-25,4,42,1,1799
15943,2025-07-25,4,43,1,1999
15944,2025-07-25,4,44,3,3897
15945,2025-07-25,4,45,1,4999
15946,2025-07-25,4,46,1,799
15947,2025-07-25,4,48,1,3999
15948,2025-07-25,4,49,9,22491
15949,2025-07-25,4,50,4,5196
15950,2025-07-25,4,51,3,1497
15951,2025-07-25,4,52,1,1999
15952,2025-07-25,4,53,1,899
15953,2025-07-25,4,54,9,5391
15954,2025-07-25,4,55,7,6293
15955,2025-07-25,4,56,5,3495
15956,2025-07-25,5,1,3,8997
15957,2025-07-25,5,3,2,9998
15958,2025-07-25,5,4,1,1499
15959,2025-07-25,5,5,13,16887
15960,2025-07-25,5,6,1,899
15961,2025-07-25,5,7,4,31996
15962,2025-07-25,5,8,1,15999
15963,2025-07-25,5,9,2,1198
15964,2025-07-25,5,11,1,2499
15965,2025-07-25,5,12,3,1197
15966,2025-07-25,5,14,1,299
15967,2025-07-25,5,15,1,4999
15968,2025-07-25,5,16,2,1598
15969,2025-07-25,5,17,2,7998
15970,2025-07-25,5,18,4,7196
15971,2025-07-25,5,19,1,18999
15972,2025-07-25,5,21,3,7497
15973,2025-07-25,5,22,1,5499
15974,2025-07-25,5,23,1,4999
15975,2025-07-25,5,25,5,24995
15976,2025-07-25,5,26,3,59997
15977,2025-07-25,5,27,1,1299
15978,2025-07-25,5,29,5,12495
15979,2025-07-25,5,30,4,15996
15980,2025-07-25,5,31,5,9995
15981,2025-07-25,5,32,6,53994
15982,2025-07-25,5,33,5,64995
15983,2025-07-25,5,34,7,132993
15984,2025-07-25,5,35,3,8997
15985,2025-07-25,5,36,5,7495
15986,2025-07-25,5,38,3,26997
15987,2025-07-25,5,39,3,10497
15988,2025-07-25,5,40,4,2396
15989,2025-07-25,5,41,3,7497
15990,2025-07-25,5,43,2,3998
15991,2025-07-25,5,44,1,1299
15992,2025-07-25,5,46,1,799
15993,2025-07-25,5,47,1,3499
15994,2025-07-25,5,48,2,7998
15995,2025-07-25,5,49,5,12495
15996,2025-07-25,5,50,3,3897
15997,2025-07-25,5,51,3,1497
15998,2025-07-25,5,52,1,1999
15999,2025-07-25,5,53,2,1798
16000,2025-07-25,5,54,3,1797
16001,2025-07-25,5,55,3,2697
16002,2025-07-25,5,56,2,1398
16003,2025-07-25,6,1,8,23992
16004,2025-07-25,6,3,1,4999
16005,2025-07-25,6,4,1,1499
16006,2025-07-25,6,5,8,10392
16007,2025-07-25,6,6,1,899
16008,2025-07-25,6,7,7,55993
16009,2025-07-25,6,9,3,1797
16010,2025-07-25,6,11,2,4998
16011,2025-07-25,6,12,5,1995
16012,2025-07-25,6,14,1,299
16013,2025-07-25,6,15,3,14997
16014,2025-07-25,6,16,8,6392
16015,2025-07-25,6,17,2,7998
16016,2025-07-25,6,18,5,8995
16017,2025-07-25,6,19,4,75996
16018,2025-07-25,6,21,7,17493
16019,2025-07-25,6,22,6,32994
16020,2025-07-25,6,23,1,4999
16021,2025-07-25,6,24,2,6998
16022,2025-07-25,6,25,8,39992
16023,2025-07-25,6,26,2,39998
16024,2025-07-25,6,27,1,1299
16025,2025-07-25,6,28,1,1799
16026,2025-07-25,6,29,5,12495
16027,2025-07-25,6,30,6,23994
16028,2025-07-25,6,31,5,9995
16029,2025-07-25,6,32,8,71992
16030,2025-07-25,6,33,5,64995
16031,2025-07-25,6,34,5,94995
16032,2025-07-25,6,35,3,8997
16033,2025-07-25,6,36,4,5996
16034,2025-07-25,6,37,7,16093
16035,2025-07-25,6,38,4,35996
16036,2025-07-25,6,39,7,24493
16037,2025-07-25,6,40,5,2995
16038,2025-07-25,6,41,8,19992
16039,2025-07-25,6,43,1,1999
16040,2025-07-25,6,44,3,3897
16041,2025-07-25,6,46,2,1598
16042,2025-07-25,6,47,1,3499
16043,2025-07-25,6,48,1,3999
16044,2025-07-25,6,49,7,17493
16045,2025-07-25,6,50,2,2598
16046,2025-07-25,6,51,2,998
16047,2025-07-25,6,52,2,3998
16048,2025-07-25,6,53,3,2697
16049,2025-07-25,6,54,7,4193
16050,2025-07-25,6,55,6,5394
16051,2025-07-25,6,56,4,2796
16052,2025-07-26,1,1,15,44985
16053,2025-07-26,1,2,1,1999
16054,2025-07-26,1,3,1,4999
16055,2025-07-26,1,4,4,5996
16056,2025-07-26,1,5,19,24681
16057,2025-07-26,1,6,2,1798
16058,2025-07-26,1,7,9,71991
16059,2025-07-26,1,8,1,15999
16060,2025-07-26,1,9,3,1797
16061,2025-07-26,1,11,2,4998
16062,2025-07-26,1,12,7,2793
16063,2025-07-26,1,14,3,897
16064,2025-07-26,1,15,10,49990
16065,2025-07-26,1,16,9,7191
16066,2025-07-26,1,17,3,11997
16067,2025-07-26,1,18,4,7196
16068,2025-07-26,1,19,14,265986
16069,2025-07-26,1,21,9,22491
16070,2025-07-26,1,22,8,43992
16071,2025-07-26,1,23,3,14997
16072,2025-07-26,1,24,3,10497
16073,2025-07-26,1,25,12,59988
16074,2025-07-26,1,26,5,99995
16075,2025-07-26,1,27,2,2598
16076,2025-07-26,1,28,1,1799
16077,2025-07-26,1,29,9,22491
16078,2025-07-26,1,30,3,11997
16079,2025-07-26,1,31,9,17991
16080,2025-07-26,1,32,13,116987
16081,2025-07-26,1,33,2,25998
16082,2025-07-26,1,34,10,189990
16083,2025-07-26,1,35,3,8997
16084,2025-07-26,1,36,5,7495
16085,2025-07-26,1,37,10,22990
16086,2025-07-26,1,38,6,53994
16087,2025-07-26,1,39,11,38489
16088,2025-07-26,1,40,2,1198
16089,2025-07-26,1,41,10,24990
16090,2025-07-26,1,42,1,1799
16091,2025-07-26,1,43,2,3998
16092,2025-07-26,1,44,3,3897
16093,2025-07-26,1,45,2,9998
16094,2025-07-26,1,46,3,2397
16095,2025-07-26,1,47,1,3499
16096,2025-07-26,1,48,5,19995
16097,2025-07-26,1,49,7,17493
16098,2025-07-26,1,50,5,6495
16099,2025-07-26,1,51,3,1497
16100,2025-07-26,1,52,2,3998
16101,2025-07-26,1,53,5,4495
16102,2025-07-26,1,54,16,9584
16103,2025-07-26,1,55,10,8990
16104,2025-07-26,1,56,10,6990
16105,2025-07-26,2,1,6,17994
16106,2025-07-26,2,3,3,14997
16107,2025-07-26,2,4,2,2998
16108,2025-07-26,2,5,6,7794
16109,2025-07-26,2,6,3,2697
16110,2025-07-26,2,7,8,63992
16111,2025-07-26,2,8,1,15999
16112,2025-07-26,2,9,2,1198
16113,2025-07-26,2,11,2,4998
16114,2025-07-26,2,12,8,3192
16115,2025-07-26,2,14,2,598
16116,2025-07-26,2,15,5,24995
16117,2025-07-26,2,16,4,3196
16118,2025-07-26,2,17,2,7998
16119,2025-07-26,2,18,8,14392
16120,2025-07-26,2,19,7,132993
16121,2025-07-26,2,21,11,27489
16122,2025-07-26,2,22,7,38493
16123,2025-07-26,2,23,4,19996
16124,2025-07-26,2,24,1,3499
16125,2025-07-26,2,25,12,59988
16126,2025-07-26,2,26,2,39998
16127,2025-07-26,2,28,1,1799
16128,2025-07-26,2,29,10,24990
16129,2025-07-26,2,30,8,31992
16130,2025-07-26,2,31,15,29985
16131,2025-07-26,2,32,9,80991
16132,2025-07-26,2,33,3,38997
16133,2025-07-26,2,34,6,113994
16134,2025-07-26,2,35,4,11996
16135,2025-07-26,2,36,3,4497
16136,2025-07-26,2,37,9,20691
16137,2025-07-26,2,38,8,71992
16138,2025-07-26,2,39,8,27992
16139,2025-07-26,2,40,9,5391
16140,2025-07-26,2,41,8,19992
16141,2025-07-26,2,42,1,1799
16142,2025-07-26,2,43,4,7996
16143,2025-07-26,2,44,3,3897
16144,2025-07-26,2,46,3,2397
16145,2025-07-26,2,48,2,7998
16146,2025-07-26,2,49,7,17493
16147,2025-07-26,2,50,3,3897
16148,2025-07-26,2,51,1,499
16149,2025-07-26,2,52,2,3998
16150,2025-07-26,2,53,4,3596
16151,2025-07-26,2,54,7,4193
16152,2025-07-26,2,55,7,6293
16153,2025-07-26,2,56,7,4893
16154,2025-07-26,3,1,5,14995
16155,2025-07-26,3,3,4,19996
16156,2025-07-26,3,4,2,2998
16157,2025-07-26,3,5,16,20784
16158,2025-07-26,3,6,2,1798
16159,2025-07-26,3,7,5,39995
16160,2025-07-26,3,9,4,2396
16161,2025-07-26,3,10,1,299
16162,2025-07-26,3,11,3,7497
16163,2025-07-26,3,12,3,1197
16164,2025-07-26,3,13,1,499
16165,2025-07-26,3,14,2,598
16166,2025-07-26,3,15,7,34993
16167,2025-07-26,3,16,2,1598
16168,2025-07-26,3,17,1,3999
16169,2025-07-26,3,18,8,14392
16170,2025-07-26,3,19,10,189990
16171,2025-07-26,3,21,7,17493
16172,2025-07-26,3,22,9,49491
16173,2025-07-26,3,23,4,19996
16174,2025-07-26,3,24,1,3499
16175,2025-07-26,3,25,12,59988
16176,2025-07-26,3,26,4,79996
16177,2025-07-26,3,28,1,1799
16178,2025-07-26,3,29,7,17493
16179,2025-07-26,3,30,8,31992
16180,2025-07-26,3,31,11,21989
16181,2025-07-26,3,32,10,89990
16182,2025-07-26,3,33,7,90993
16183,2025-07-26,3,34,11,208989
16184,2025-07-26,3,35,2,5998
16185,2025-07-26,3,36,2,2998
16186,2025-07-26,3,37,7,16093
16187,2025-07-26,3,38,7,62993
16188,2025-07-26,3,39,7,24493
16189,2025-07-26,3,40,6,3594
16190,2025-07-26,3,41,4,9996
16191,2025-07-26,3,42,1,1799
16192,2025-07-26,3,43,2,3998
16193,2025-07-26,3,44,1,1299
16194,2025-07-26,3,45,1,4999
16195,2025-07-26,3,46,1,799
16196,2025-07-26,3,47,1,3499
16197,2025-07-26,3,48,1,3999
16198,2025-07-26,3,49,4,9996
16199,2025-07-26,3,50,2,2598
16200,2025-07-26,3,51,3,1497
16201,2025-07-26,3,52,2,3998
16202,2025-07-26,3,53,2,1798
16203,2025-07-26,3,54,13,7787
16204,2025-07-26,3,55,9,8091
16205,2025-07-26,3,56,9,6291
16206,2025-07-26,4,1,12,35988
16207,2025-07-26,4,2,1,1999
16208,2025-07-26,4,3,3,14997
16209,2025-07-26,4,4,1,1499
16210,2025-07-26,4,5,14,18186
16211,2025-07-26,4,6,2,1798
16212,2025-07-26,4,7,18,143982
16213,2025-07-26,4,8,3,47997
16214,2025-07-26,4,9,5,2995
16215,2025-07-26,4,11,3,7497
16216,2025-07-26,4,12,6,2394
16217,2025-07-26,4,13,1,499
16218,2025-07-26,4,14,4,1196
16219,2025-07-26,4,15,7,34993
16220,2025-07-26,4,16,12,9588
16221,2025-07-26,4,17,5,19995
16222,2025-07-26,4,18,10,17990
16223,2025-07-26,4,19,14,265986
16224,2025-07-26,4,21,13,32487
16225,2025-07-26,4,22,3,16497
16226,2025-07-26,4,23,7,34993
16227,2025-07-26,4,24,1,3499
16228,2025-07-26,4,25,18,89982
16229,2025-07-26,4,26,7,139993
16230,2025-07-26,4,27,2,2598
16231,2025-07-26,4,28,3,5397
16232,2025-07-26,4,29,15,37485
16233,2025-07-26,4,30,7,27993
16234,2025-07-26,4,31,10,19990
16235,2025-07-26,4,32,10,89990
16236,2025-07-26,4,33,3,38997
16237,2025-07-26,4,34,13,246987
16238,2025-07-26,4,35,6,17994
16239,2025-07-26,4,36,4,5996
16240,2025-07-26,4,37,11,25289
16241,2025-07-26,4,38,6,53994
16242,2025-07-26,4,39,11,38489
16243,2025-07-26,4,40,3,1797
16244,2025-07-26,4,41,7,17493
16245,2025-07-26,4,42,1,1799
16246,2025-07-26,4,43,3,5997
16247,2025-07-26,4,44,6,7794
16248,2025-07-26,4,45,2,9998
16249,2025-07-26,4,46,3,2397
16250,2025-07-26,4,47,2,6998
16251,2025-07-26,4,48,4,15996
16252,2025-07-26,4,49,7,17493
16253,2025-07-26,4,50,3,3897
16254,2025-07-26,4,51,5,2495
16255,2025-07-26,4,52,4,7996
16256,2025-07-26,4,53,3,2697
16257,2025-07-26,4,54,10,5990
16258,2025-07-26,4,55,5,4495
16259,2025-07-26,4,56,10,6990
16260,2025-07-26,5,1,2,5998
16261,2025-07-26,5,3,4,19996
16262,2025-07-26,5,4,3,4497
16263,2025-07-26,5,5,21,27279
16264,2025-07-26,5,7,10,79990
16265,2025-07-26,5,9,2,1198
16266,2025-07-26,5,11,1,2499
16267,2025-07-26,5,12,5,1995
16268,2025-07-26,5,14,2,598
16269,2025-07-26,5,15,8,39992
16270,2025-07-26,5,16,6,4794
16271,2025-07-26,5,17,2,7998
16272,2025-07-26,5,18,4,7196
16273,2025-07-26,5,19,4,75996
16274,2025-07-26,5,21,7,17493
16275,2025-07-26,5,22,8,43992
16276,2025-07-26,5,23,3,14997
16277,2025-07-26,5,24,1,3499
16278,2025-07-26,5,25,12,59988
16279,2025-07-26,5,26,1,19999
16280,2025-07-26,5,27,1,1299
16281,2025-07-26,5,28,1,1799
16282,2025-07-26,5,29,4,9996
16283,2025-07-26,5,30,8,31992
16284,2025-07-26,5,31,6,11994
16285,2025-07-26,5,32,7,62993
16286,2025-07-26,5,33,4,51996
16287,2025-07-26,5,34,9,170991
16288,2025-07-26,5,35,4,11996
16289,2025-07-26,5,36,5,7495
16290,2025-07-26,5,37,7,16093
16291,2025-07-26,5,38,6,53994
16292,2025-07-26,5,39,8,27992
16293,2025-07-26,5,40,3,1797
16294,2025-07-26,5,41,5,12495
16295,2025-07-26,5,43,2,3998
16296,2025-07-26,5,44,3,3897
16297,2025-07-26,5,46,3,2397
16298,2025-07-26,5,47,1,3499
16299,2025-07-26,5,48,4,15996
16300,2025-07-26,5,49,6,14994
16301,2025-07-26,5,50,4,5196
16302,2025-07-26,5,51,3,1497
16303,2025-07-26,5,52,2,3998
16304,2025-07-26,5,53,3,2697
16305,2025-07-26,5,54,10,5990
16306,2025-07-26,5,55,3,2697
16307,2025-07-26,5,56,4,2796
16308,2025-07-26,6,1,14,41986
16309,2025-07-26,6,3,3,14997
16310,2025-07-26,6,4,2,2998
16311,2025-07-26,6,5,20,25980
16312,2025-07-26,6,6,3,2697
16313,2025-07-26,6,7,11,87989
16314,2025-07-26,6,8,1,15999
16315,2025-07-26,6,9,9,5391
16316,2025-07-26,6,10,1,299
16317,2025-07-26,6,11,3,7497
16318,2025-07-26,6,12,4,1596
16319,2025-07-26,6,14,1,299
16320,2025-07-26,6,15,10,49990
16321,2025-07-26,6,16,5,3995
16322,2025-07-26,6,17,2,7998
16323,2025-07-26,6,18,11,19789
16324,2025-07-26,6,19,13,246987
16325,2025-07-26,6,21,12,29988
16326,2025-07-26,6,22,8,43992
16327,2025-07-26,6,23,5,24995
16328,2025-07-26,6,24,2,6998
16329,2025-07-26,6,25,7,34993
16330,2025-07-26,6,26,3,59997
16331,2025-07-26,6,27,2,2598
16332,2025-07-26,6,28,1,1799
16333,2025-07-26,6,29,12,29988
16334,2025-07-26,6,30,9,35991
16335,2025-07-26,6,31,5,9995
16336,2025-07-26,6,32,6,53994
16337,2025-07-26,6,33,6,77994
16338,2025-07-26,6,34,11,208989
16339,2025-07-26,6,35,2,5998
16340,2025-07-26,6,36,7,10493
16341,2025-07-26,6,37,11,25289
16342,2025-07-26,6,38,10,89990
16343,2025-07-26,6,39,10,34990
16344,2025-07-26,6,40,8,4792
16345,2025-07-26,6,41,6,14994
16346,2025-07-26,6,42,1,1799
16347,2025-07-26,6,43,3,5997
16348,2025-07-26,6,44,4,5196
16349,2025-07-26,6,45,2,9998
16350,2025-07-26,6,46,3,2397
16351,2025-07-26,6,47,1,3499
16352,2025-07-26,6,48,3,11997
16353,2025-07-26,6,49,10,24990
16354,2025-07-26,6,50,5,6495
16355,2025-07-26,6,51,2,998
16356,2025-07-26,6,52,3,5997
16357,2025-07-26,6,53,5,4495
16358,2025-07-26,6,54,8,4792
16359,2025-07-26,6,55,9,8091
16360,2025-07-26,6,56,4,2796
16361,2025-07-27,1,1,21,62979
16362,2025-07-27,1,2,1,1999
16363,2025-07-27,1,3,4,19996
16364,2025-07-27,1,4,3,4497
16365,2025-07-27,1,5,12,15588
16366,2025-07-27,1,6,2,1798
16367,2025-07-27,1,7,5,39995
16368,2025-07-27,1,9,4,2396
16369,2025-07-27,1,10,1,299
16370,2025-07-27,1,11,2,4998
16371,2025-07-27,1,12,5,1995
16372,2025-07-27,1,13,1,499
16373,2025-07-27,1,14,3,897
16374,2025-07-27,1,15,8,39992
16375,2025-07-27,1,16,3,2397
16376,2025-07-27,1,17,1,3999
16377,2025-07-27,1,18,10,17990
16378,2025-07-27,1,19,9,170991
16379,2025-07-27,1,20,1,1299
16380,2025-07-27,1,21,9,22491
16381,2025-07-27,1,22,7,38493
16382,2025-07-27,1,23,4,19996
16383,2025-07-27,1,24,2,6998
16384,2025-07-27,1,25,16,79984
16385,2025-07-27,1,26,4,79996
16386,2025-07-27,1,27,2,2598
16387,2025-07-27,1,28,1,1799
16388,2025-07-27,1,29,12,29988
16389,2025-07-27,1,30,7,27993
16390,2025-07-27,1,31,12,23988
16391,2025-07-27,1,32,10,89990
16392,2025-07-27,1,33,6,77994
16393,2025-07-27,1,34,13,246987
16394,2025-07-27,1,35,5,14995
16395,2025-07-27,1,36,4,5996
16396,2025-07-27,1,37,10,22990
16397,2025-07-27,1,38,4,35996
16398,2025-07-27,1,39,11,38489
16399,2025-07-27,1,40,8,4792
16400,2025-07-27,1,41,10,24990
16401,2025-07-27,1,43,5,9995
16402,2025-07-27,1,44,2,2598
16403,2025-07-27,1,45,1,4999
16404,2025-07-27,1,46,2,1598
16405,2025-07-27,1,47,2,6998
16406,2025-07-27,1,48,4,15996
16407,2025-07-27,1,49,7,17493
16408,2025-07-27,1,50,4,5196
16409,2025-07-27,1,51,4,1996
16410,2025-07-27,1,52,5,9995
16411,2025-07-27,1,53,1,899
16412,2025-07-27,1,54,13,7787
16413,2025-07-27,1,55,11,9889
16414,2025-07-27,1,56,6,4194
16415,2025-07-27,2,1,8,23992
16416,2025-07-27,2,2,1,1999
16417,2025-07-27,2,3,2,9998
16418,2025-07-27,2,4,2,2998
16419,2025-07-27,2,5,10,12990
16420,2025-07-27,2,6,1,899
16421,2025-07-27,2,7,8,63992
16422,2025-07-27,2,8,1,15999
16423,2025-07-27,2,9,4,2396
16424,2025-07-27,2,11,1,2499
16425,2025-07-27,2,12,5,1995
16426,2025-07-27,2,14,3,897
16427,2025-07-27,2,15,9,44991
16428,2025-07-27,2,16,7,5593
16429,2025-07-27,2,17,3,11997
16430,2025-07-27,2,18,7,12593
16431,2025-07-27,2,19,8,151992
16432,2025-07-27,2,21,9,22491
16433,2025-07-27,2,22,8,43992
16434,2025-07-27,2,23,2,9998
16435,2025-07-27,2,24,1,3499
16436,2025-07-27,2,25,14,69986
16437,2025-07-27,2,26,4,79996
16438,2025-07-27,2,27,2,2598
16439,2025-07-27,2,28,1,1799
16440,2025-07-27,2,29,8,19992
16441,2025-07-27,2,30,3,11997
16442,2025-07-27,2,31,8,15992
16443,2025-07-27,2,32,7,62993
16444,2025-07-27,2,33,7,90993
16445,2025-07-27,2,34,7,132993
16446,2025-07-27,2,35,4,11996
16447,2025-07-27,2,36,3,4497
16448,2025-07-27,2,37,11,25289
16449,2025-07-27,2,38,6,53994
16450,2025-07-27,2,39,5,17495
16451,2025-07-27,2,40,8,4792
16452,2025-07-27,2,41,7,17493
16453,2025-07-27,2,42,1,1799
16454,2025-07-27,2,43,2,3998
16455,2025-07-27,2,44,4,5196
16456,2025-07-27,2,45,1,4999
16457,2025-07-27,2,46,1,799
16458,2025-07-27,2,47,1,3499
16459,2025-07-27,2,48,5,19995
16460,2025-07-27,2,49,5,12495
16461,2025-07-27,2,50,2,2598
16462,2025-07-27,2,51,2,998
16463,2025-07-27,2,52,2,3998
16464,2025-07-27,2,53,3,2697
16465,2025-07-27,2,54,8,4792
16466,2025-07-27,2,55,3,2697
16467,2025-07-27,2,56,8,5592
16468,2025-07-27,3,1,4,11996
16469,2025-07-27,3,2,1,1999
16470,2025-07-27,3,3,2,9998
16471,2025-07-27,3,4,2,2998
16472,2025-07-27,3,5,1,1299
16473,2025-07-27,3,6,1,899
16474,2025-07-27,3,7,5,39995
16475,2025-07-27,3,9,1,599
16476,2025-07-27,3,11,2,4998
16477,2025-07-27,3,12,4,1596
16478,2025-07-27,3,13,1,499
16479,2025-07-27,3,14,2,598
16480,2025-07-27,3,15,6,29994
16481,2025-07-27,3,16,4,3196
16482,2025-07-27,3,17,3,11997
16483,2025-07-27,3,18,6,10794
16484,2025-07-27,3,19,5,94995
16485,2025-07-27,3,21,10,24990
16486,2025-07-27,3,22,6,32994
16487,2025-07-27,3,23,2,9998
16488,2025-07-27,3,24,2,6998
16489,2025-07-27,3,25,5,24995
16490,2025-07-27,3,26,3,59997
16491,2025-07-27,3,27,2,2598
16492,2025-07-27,3,28,2,3598
16493,2025-07-27,3,29,4,9996
16494,2025-07-27,3,30,4,15996
16495,2025-07-27,3,31,11,21989
16496,2025-07-27,3,32,8,71992
16497,2025-07-27,3,33,3,38997
16498,2025-07-27,3,34,10,189990
16499,2025-07-27,3,35,4,11996
16500,2025-07-27,3,36,3,4497
16501,2025-07-27,3,37,7,16093
16502,2025-07-27,3,38,5,44995
16503,2025-07-27,3,39,6,20994
16504,2025-07-27,3,40,4,2396
16505,2025-07-27,3,41,8,19992
16506,2025-07-27,3,43,3,5997
16507,2025-07-27,3,44,3,3897
16508,2025-07-27,3,46,2,1598
16509,2025-07-27,3,48,1,3999
16510,2025-07-27,3,49,5,12495
16511,2025-07-27,3,50,3,3897
16512,2025-07-27,3,51,3,1497
16513,2025-07-27,3,52,3,5997
16514,2025-07-27,3,53,3,2697
16515,2025-07-27,3,54,8,4792
16516,2025-07-27,3,55,6,5394
16517,2025-07-27,3,56,7,4893
16518,2025-07-27,4,1,9,26991
16519,2025-07-27,4,2,1,1999
16520,2025-07-27,4,3,3,14997
16521,2025-07-27,4,4,2,2998
16522,2025-07-27,4,5,26,33774
16523,2025-07-27,4,6,2,1798
16524,2025-07-27,4,7,8,63992
16525,2025-07-27,4,8,2,31998
16526,2025-07-27,4,9,2,1198
16527,2025-07-27,4,11,2,4998
16528,2025-07-27,4,12,4,1596
16529,2025-07-27,4,13,1,499
16530,2025-07-27,4,14,3,897
16531,2025-07-27,4,15,10,49990
16532,2025-07-27,4,16,7,5593
16533,2025-07-27,4,17,4,15996
16534,2025-07-27,4,18,9,16191
16535,2025-07-27,4,19,10,189990
16536,2025-07-27,4,21,10,24990
16537,2025-07-27,4,22,2,10998
16538,2025-07-27,4,23,4,19996
16539,2025-07-27,4,24,3,10497
16540,2025-07-27,4,25,15,74985
16541,2025-07-27,4,26,8,159992
16542,2025-07-27,4,27,2,2598
16543,2025-07-27,4,28,2,3598
16544,2025-07-27,4,29,10,24990
16545,2025-07-27,4,30,12,47988
16546,2025-07-27,4,31,8,15992
16547,2025-07-27,4,32,8,71992
16548,2025-07-27,4,33,7,90993
16549,2025-07-27,4,34,12,227988
16550,2025-07-27,4,35,5,14995
16551,2025-07-27,4,36,2,2998
16552,2025-07-27,4,37,8,18392
16553,2025-07-27,4,38,5,44995
16554,2025-07-27,4,39,13,45487
16555,2025-07-27,4,40,5,2995
16556,2025-07-27,4,41,10,24990
16557,2025-07-27,4,42,1,1799
16558,2025-07-27,4,43,3,5997
16559,2025-07-27,4,44,4,5196
16560,2025-07-27,4,45,1,4999
16561,2025-07-27,4,46,4,3196
16562,2025-07-27,4,47,1,3499
16563,2025-07-27,4,48,4,15996
16564,2025-07-27,4,49,9,22491
16565,2025-07-27,4,50,5,6495
16566,2025-07-27,4,51,8,3992
16567,2025-07-27,4,52,3,5997
16568,2025-07-27,4,53,4,3596
16569,2025-07-27,4,54,16,9584
16570,2025-07-27,4,55,7,6293
16571,2025-07-27,4,56,8,5592
16572,2025-07-27,5,1,5,14995
16573,2025-07-27,5,3,1,4999
16574,2025-07-27,5,4,1,1499
16575,2025-07-27,5,5,10,12990
16576,2025-07-27,5,6,1,899
16577,2025-07-27,5,7,8,63992
16578,2025-07-27,5,8,1,15999
16579,2025-07-27,5,9,5,2995
16580,2025-07-27,5,11,3,7497
16581,2025-07-27,5,14,1,299
16582,2025-07-27,5,15,5,24995
16583,2025-07-27,5,16,5,3995
16584,2025-07-27,5,17,2,7998
16585,2025-07-27,5,18,4,7196
16586,2025-07-27,5,19,7,132993
16587,2025-07-27,5,21,8,19992
16588,2025-07-27,5,22,5,27495
16589,2025-07-27,5,23,1,4999
16590,2025-07-27,5,24,2,6998
16591,2025-07-27,5,25,12,59988
16592,2025-07-27,5,26,3,59997
16593,2025-07-27,5,28,1,1799
16594,2025-07-27,5,29,9,22491
16595,2025-07-27,5,30,6,23994
16596,2025-07-27,5,31,8,15992
16597,2025-07-27,5,32,6,53994
16598,2025-07-27,5,33,4,51996
16599,2025-07-27,5,34,7,132993
16600,2025-07-27,5,35,3,8997
16601,2025-07-27,5,36,5,7495
16602,2025-07-27,5,37,4,9196
16603,2025-07-27,5,38,3,26997
16604,2025-07-27,5,39,10,34990
16605,2025-07-27,5,40,7,4193
16606,2025-07-27,5,41,5,12495
16607,2025-07-27,5,43,3,5997
16608,2025-07-27,5,44,2,2598
16609,2025-07-27,5,45,1,4999
16610,2025-07-27,5,46,2,1598
16611,2025-07-27,5,47,1,3499
16612,2025-07-27,5,48,2,7998
16613,2025-07-27,5,49,7,17493
16614,2025-07-27,5,50,4,5196
16615,2025-07-27,5,51,3,1497
16616,2025-07-27,5,52,1,1999
16617,2025-07-27,5,53,4,3596
16618,2025-07-27,5,54,8,4792
16619,2025-07-27,5,55,5,4495
16620,2025-07-27,5,56,5,3495
16621,2025-07-27,6,1,5,14995
16622,2025-07-27,6,3,2,9998
16623,2025-07-27,6,4,3,4497
16624,2025-07-27,6,5,17,22083
16625,2025-07-27,6,6,2,1798
16626,2025-07-27,6,7,12,95988
16627,2025-07-27,6,8,2,31998
16628,2025-07-27,6,9,3,1797
16629,2025-07-27,6,10,1,299
16630,2025-07-27,6,11,4,9996
16631,2025-07-27,6,12,5,1995
16632,2025-07-27,6,14,3,897
16633,2025-07-27,6,15,10,49990
16634,2025-07-27,6,16,5,3995
16635,2025-07-27,6,17,3,11997
16636,2025-07-27,6,18,6,10794
16637,2025-07-27,6,19,9,170991
16638,2025-07-27,6,21,11,27489
16639,2025-07-27,6,22,7,38493
16640,2025-07-27,6,23,4,19996
16641,2025-07-27,6,24,3,10497
16642,2025-07-27,6,25,12,59988
16643,2025-07-27,6,26,4,79996
16644,2025-07-27,6,27,2,2598
16645,2025-07-27,6,28,2,3598
16646,2025-07-27,6,29,11,27489
16647,2025-07-27,6,30,9,35991
16648,2025-07-27,6,31,10,19990
16649,2025-07-27,6,32,7,62993
16650,2025-07-27,6,34,12,227988
16651,2025-07-27,6,35,4,11996
16652,2025-07-27,6,36,8,11992
16653,2025-07-27,6,37,8,18392
16654,2025-07-27,6,38,9,80991
16655,2025-07-27,6,39,6,20994
16656,2025-07-27,6,40,6,3594
16657,2025-07-27,6,41,9,22491
16658,2025-07-27,6,42,1,1799
16659,2025-07-27,6,43,2,3998
16660,2025-07-27,6,44,3,3897
16661,2025-07-27,6,46,2,1598
16662,2025-07-27,6,47,1,3499
16663,2025-07-27,6,48,3,11997
16664,2025-07-27,6,49,8,19992
16665,2025-07-27,6,50,6,7794
16666,2025-07-27,6,51,3,1497
16667,2025-07-27,6,52,3,5997
16668,2025-07-27,6,53,2,1798
16669,2025-07-27,6,54,13,7787
16670,2025-07-27,6,55,10,8990
16671,2025-07-27,6,56,11,7689
16672,2025-07-28,1,1,19,56981
16673,2025-07-28,1,2,1,1999
16674,2025-07-28,1,3,2,9998
16675,2025-07-28,1,4,1,1499
16676,2025-07-28,1,5,13,16887
16677,2025-07-28,1,6,2,1798
16678,2025-07-28,1,7,10,79990
16679,2025-07-28,1,9,3,1797
16680,2025-07-28,1,11,2,4998
16681,2025-07-28,1,12,4,1596
16682,2025-07-28,1,13,1,499
16683,2025-07-28,1,14,2,598
16684,2025-07-28,1,15,4,19996
16685,2025-07-28,1,16,6,4794
16686,2025-07-28,1,17,2,7998
16687,2025-07-28,1,18,6,10794
16688,2025-07-28,1,19,5,94995
16689,2025-07-28,1,20,1,1299
16690,2025-07-28,1,21,10,24990
16691,2025-07-28,1,22,7,38493
16692,2025-07-28,1,23,3,14997
16693,2025-07-28,1,24,2,6998
16694,2025-07-28,1,25,13,64987
16695,2025-07-28,1,26,5,99995
16696,2025-07-28,1,27,1,1299
16697,2025-07-28,1,28,1,1799
16698,2025-07-28,1,29,11,27489
16699,2025-07-28,1,30,6,23994
16700,2025-07-28,1,31,8,15992
16701,2025-07-28,1,32,4,35996
16702,2025-07-28,1,33,5,64995
16703,2025-07-28,1,34,4,75996
16704,2025-07-28,1,35,4,11996
16705,2025-07-28,1,36,5,7495
16706,2025-07-28,1,37,9,20691
16707,2025-07-28,1,38,7,62993
16708,2025-07-28,1,39,7,24493
16709,2025-07-28,1,40,4,2396
16710,2025-07-28,1,41,5,12495
16711,2025-07-28,1,43,1,1999
16712,2025-07-28,1,44,2,2598
16713,2025-07-28,1,45,1,4999
16714,2025-07-28,1,46,2,1598
16715,2025-07-28,1,47,1,3499
16716,2025-07-28,1,48,2,7998
16717,2025-07-28,1,49,4,9996
16718,2025-07-28,1,50,3,3897
16719,2025-07-28,1,51,5,2495
16720,2025-07-28,1,52,3,5997
16721,2025-07-28,1,53,3,2697
16722,2025-07-28,1,54,8,4792
16723,2025-07-28,1,55,7,6293
16724,2025-07-28,1,56,4,2796
16725,2025-07-28,2,1,6,17994
16726,2025-07-28,2,3,1,4999
16727,2025-07-28,2,4,3,4497
16728,2025-07-28,2,5,11,14289
16729,2025-07-28,2,6,1,899
16730,2025-07-28,2,7,8,63992
16731,2025-07-28,2,8,1,15999
16732,2025-07-28,2,11,1,2499
16733,2025-07-28,2,12,4,1596
16734,2025-07-28,2,14,2,598
16735,2025-07-28,2,15,4,19996
16736,2025-07-28,2,16,6,4794
16737,2025-07-28,2,17,1,3999
16738,2025-07-28,2,18,3,5397
16739,2025-07-28,2,19,9,170991
16740,2025-07-28,2,21,4,9996
16741,2025-07-28,2,22,6,32994
16742,2025-07-28,2,23,3,14997
16743,2025-07-28,2,24,1,3499
16744,2025-07-28,2,25,9,44991
16745,2025-07-28,2,26,2,39998
16746,2025-07-28,2,27,1,1299
16747,2025-07-28,2,28,1,1799
16748,2025-07-28,2,29,7,17493
16749,2025-07-28,2,30,4,15996
16750,2025-07-28,2,31,8,15992
16751,2025-07-28,2,32,4,35996
16752,2025-07-28,2,33,3,38997
16753,2025-07-28,2,34,10,189990
16754,2025-07-28,2,35,4,11996
16755,2025-07-28,2,36,5,7495
16756,2025-07-28,2,37,6,13794
16757,2025-07-28,2,38,6,53994
16758,2025-07-28,2,39,6,20994
16759,2025-07-28,2,40,2,1198
16760,2025-07-28,2,41,4,9996
16761,2025-07-28,2,43,1,1999
16762,2025-07-28,2,44,1,1299
16763,2025-07-28,2,46,2,1598
16764,2025-07-28,2,47,1,3499
16765,2025-07-28,2,48,3,11997
16766,2025-07-28,2,49,6,14994
16767,2025-07-28,2,50,2,2598
16768,2025-07-28,2,51,2,998
16769,2025-07-28,2,52,1,1999
16770,2025-07-28,2,53,2,1798
16771,2025-07-28,2,54,8,4792
16772,2025-07-28,2,55,4,3596
16773,2025-07-28,2,56,5,3495
16774,2025-07-28,3,1,5,14995
16775,2025-07-28,3,3,2,9998
16776,2025-07-28,3,4,1,1499
16777,2025-07-28,3,5,7,9093
16778,2025-07-28,3,6,1,899
16779,2025-07-28,3,7,7,55993
16780,2025-07-28,3,9,2,1198
16781,2025-07-28,3,11,1,2499
16782,2025-07-28,3,12,4,1596
16783,2025-07-28,3,14,2,598
16784,2025-07-28,3,15,4,19996
16785,2025-07-28,3,16,3,2397
16786,2025-07-28,3,17,1,3999
16787,2025-07-28,3,18,3,5397
16788,2025-07-28,3,19,8,151992
16789,2025-07-28,3,21,3,7497
16790,2025-07-28,3,22,4,21996
16791,2025-07-28,3,23,2,9998
16792,2025-07-28,3,24,1,3499
16793,2025-07-28,3,25,4,19996
16794,2025-07-28,3,26,2,39998
16795,2025-07-28,3,27,1,1299
16796,2025-07-28,3,28,1,1799
16797,2025-07-28,3,29,3,7497
16798,2025-07-28,3,30,4,15996
16799,2025-07-28,3,31,6,11994
16800,2025-07-28,3,32,7,62993
16801,2025-07-28,3,33,4,51996
16802,2025-07-28,3,34,7,132993
16803,2025-07-28,3,35,2,5998
16804,2025-07-28,3,36,4,5996
16805,2025-07-28,3,37,7,16093
16806,2025-07-28,3,38,5,44995
16807,2025-07-28,3,39,8,27992
16808,2025-07-28,3,40,2,1198
16809,2025-07-28,3,41,6,14994
16810,2025-07-28,3,44,3,3897
16811,2025-07-28,3,46,1,799
16812,2025-07-28,3,48,2,7998
16813,2025-07-28,3,49,5,12495
16814,2025-07-28,3,50,2,2598
16815,2025-07-28,3,51,4,1996
16816,2025-07-28,3,52,1,1999
16817,2025-07-28,3,53,2,1798
16818,2025-07-28,3,54,7,4193
16819,2025-07-28,3,55,5,4495
16820,2025-07-28,3,56,5,3495
16821,2025-07-28,4,1,4,11996
16822,2025-07-28,4,2,1,1999
16823,2025-07-28,4,3,4,19996
16824,2025-07-28,4,4,2,2998
16825,2025-07-28,4,5,11,14289
16826,2025-07-28,4,6,2,1798
16827,2025-07-28,4,7,10,79990
16828,2025-07-28,4,8,1,15999
16829,2025-07-28,4,9,6,3594
16830,2025-07-28,4,11,2,4998
16831,2025-07-28,4,12,2,798
16832,2025-07-28,4,14,2,598
16833,2025-07-28,4,15,7,34993
16834,2025-07-28,4,16,8,6392
16835,2025-07-28,4,17,3,11997
16836,2025-07-28,4,18,6,10794
16837,2025-07-28,4,19,11,208989
16838,2025-07-28,4,21,10,24990
16839,2025-07-28,4,22,4,21996
16840,2025-07-28,4,23,6,29994
16841,2025-07-28,4,24,1,3499
16842,2025-07-28,4,25,7,34993
16843,2025-07-28,4,26,4,79996
16844,2025-07-28,4,27,2,2598
16845,2025-07-28,4,28,1,1799
16846,2025-07-28,4,29,15,37485
16847,2025-07-28,4,30,9,35991
16848,2025-07-28,4,31,8,15992
16849,2025-07-28,4,32,9,80991
16850,2025-07-28,4,33,2,25998
16851,2025-07-28,4,34,7,132993
16852,2025-07-28,4,35,3,8997
16853,2025-07-28,4,36,5,7495
16854,2025-07-28,4,37,7,16093
16855,2025-07-28,4,38,5,44995
16856,2025-07-28,4,39,8,27992
16857,2025-07-28,4,40,7,4193
16858,2025-07-28,4,41,6,14994
16859,2025-07-28,4,43,2,3998
16860,2025-07-28,4,44,4,5196
16861,2025-07-28,4,45,1,4999
16862,2025-07-28,4,46,3,2397
16863,2025-07-28,4,47,1,3499
16864,2025-07-28,4,48,5,19995
16865,2025-07-28,4,49,4,9996
16866,2025-07-28,4,50,3,3897
16867,2025-07-28,4,51,2,998
16868,2025-07-28,4,52,2,3998
16869,2025-07-28,4,53,2,1798
16870,2025-07-28,4,54,10,5990
16871,2025-07-28,4,55,7,6293
16872,2025-07-28,4,56,7,4893
16873,2025-07-28,5,1,4,11996
16874,2025-07-28,5,3,1,4999
16875,2025-07-28,5,4,2,2998
16876,2025-07-28,5,5,8,10392
16877,2025-07-28,5,6,1,899
16878,2025-07-28,5,7,6,47994
16879,2025-07-28,5,9,3,1797
16880,2025-07-28,5,11,2,4998
16881,2025-07-28,5,12,2,798
16882,2025-07-28,5,14,1,299
16883,2025-07-28,5,15,3,14997
16884,2025-07-28,5,16,4,3196
16885,2025-07-28,5,17,1,3999
16886,2025-07-28,5,18,3,5397
16887,2025-07-28,5,19,1,18999
16888,2025-07-28,5,21,5,12495
16889,2025-07-28,5,22,8,43992
16890,2025-07-28,5,23,2,9998
16891,2025-07-28,5,24,1,3499
16892,2025-07-28,5,25,7,34993
16893,2025-07-28,5,26,1,19999
16894,2025-07-28,5,27,1,1299
16895,2025-07-28,5,28,1,1799
16896,2025-07-28,5,29,4,9996
16897,2025-07-28,5,30,4,15996
16898,2025-07-28,5,31,7,13993
16899,2025-07-28,5,32,5,44995
16900,2025-07-28,5,33,4,51996
16901,2025-07-28,5,34,4,75996
16902,2025-07-28,5,35,2,5998
16903,2025-07-28,5,36,3,4497
16904,2025-07-28,5,37,3,6897
16905,2025-07-28,5,38,6,53994
16906,2025-07-28,5,39,5,17495
16907,2025-07-28,5,40,3,1797
16908,2025-07-28,5,41,4,9996
16909,2025-07-28,5,43,1,1999
16910,2025-07-28,5,44,3,3897
16911,2025-07-28,5,46,1,799
16912,2025-07-28,5,48,1,3999
16913,2025-07-28,5,49,1,2499
16914,2025-07-28,5,50,1,1299
16915,2025-07-28,5,51,2,998
16916,2025-07-28,5,52,2,3998
16917,2025-07-28,5,53,3,2697
16918,2025-07-28,5,54,7,4193
16919,2025-07-28,5,55,3,2697
16920,2025-07-28,5,56,4,2796
16921,2025-07-28,6,1,8,23992
16922,2025-07-28,6,3,2,9998
16923,2025-07-28,6,4,3,4497
16924,2025-07-28,6,5,12,15588
16925,2025-07-28,6,6,1,899
16926,2025-07-28,6,7,4,31996
16927,2025-07-28,6,8,1,15999
16928,2025-07-28,6,9,2,1198
16929,2025-07-28,6,11,1,2499
16930,2025-07-28,6,12,4,1596
16931,2025-07-28,6,13,1,499
16932,2025-07-28,6,15,6,29994
16933,2025-07-28,6,16,6,4794
16934,2025-07-28,6,17,2,7998
16935,2025-07-28,6,18,1,1799
16936,2025-07-28,6,19,6,113994
16937,2025-07-28,6,21,4,9996
16938,2025-07-28,6,22,7,38493
16939,2025-07-28,6,23,1,4999
16940,2025-07-28,6,25,14,69986
16941,2025-07-28,6,26,4,79996
16942,2025-07-28,6,27,1,1299
16943,2025-07-28,6,28,2,3598
16944,2025-07-28,6,29,7,17493
16945,2025-07-28,6,30,7,27993
16946,2025-07-28,6,31,6,11994
16947,2025-07-28,6,32,6,53994
16948,2025-07-28,6,33,4,51996
16949,2025-07-28,6,34,6,113994
16950,2025-07-28,6,35,3,8997
16951,2025-07-28,6,36,6,8994
16952,2025-07-28,6,37,6,13794
16953,2025-07-28,6,38,4,35996
16954,2025-07-28,6,39,6,20994
16955,2025-07-28,6,40,5,2995
16956,2025-07-28,6,41,5,12495
16957,2025-07-28,6,42,1,1799
16958,2025-07-28,6,43,2,3998
16959,2025-07-28,6,44,3,3897
16960,2025-07-28,6,45,1,4999
16961,2025-07-28,6,46,2,1598
16962,2025-07-28,6,47,2,6998
16963,2025-07-28,6,48,3,11997
16964,2025-07-28,6,49,3,7497
16965,2025-07-28,6,51,1,499
16966,2025-07-28,6,52,1,1999
16967,2025-07-28,6,53,2,1798
16968,2025-07-28,6,54,8,4792
16969,2025-07-28,6,55,5,4495
16970,2025-07-28,6,56,6,4194
16971,2025-07-29,1,1,11,32989
16972,2025-07-29,1,3,2,9998
16973,2025-07-29,1,4,2,2998
16974,2025-07-29,1,5,14,18186
16975,2025-07-29,1,6,1,899
16976,2025-07-29,1,7,6,47994
16977,2025-07-29,1,8,1,15999
16978,2025-07-29,1,9,2,1198
16979,2025-07-29,1,10,1,299
16980,2025-07-29,1,11,3,7497
16981,2025-07-29,1,12,5,1995
16982,2025-07-29,1,14,2,598
16983,2025-07-29,1,15,8,39992
16984,2025-07-29,1,16,7,5593
16985,2025-07-29,1,17,1,3999
16986,2025-07-29,1,18,7,12593
16987,2025-07-29,1,19,5,94995
16988,2025-07-29,1,21,9,22491
16989,2025-07-29,1,22,9,49491
16990,2025-07-29,1,23,3,14997
16991,2025-07-29,1,24,2,6998
16992,2025-07-29,1,25,11,54989
16993,2025-07-29,1,26,3,59997
16994,2025-07-29,1,27,1,1299
16995,2025-07-29,1,29,7,17493
16996,2025-07-29,1,30,6,23994
16997,2025-07-29,1,31,12,23988
16998,2025-07-29,1,32,9,80991
16999,2025-07-29,1,33,4,51996
17000,2025-07-29,1,34,7,132993
17001,2025-07-29,1,35,3,8997
17002,2025-07-29,1,36,3,4497
17003,2025-07-29,1,37,6,13794
17004,2025-07-29,1,38,7,62993
17005,2025-07-29,1,39,5,17495
17006,2025-07-29,1,40,6,3594
17007,2025-07-29,1,41,7,17493
17008,2025-07-29,1,43,2,3998
17009,2025-07-29,1,44,1,1299
17010,2025-07-29,1,45,1,4999
17011,2025-07-29,1,46,2,1598
17012,2025-07-29,1,47,1,3499
17013,2025-07-29,1,48,4,15996
17014,2025-07-29,1,49,6,14994
17015,2025-07-29,1,50,3,3897
17016,2025-07-29,1,51,5,2495
17017,2025-07-29,1,52,2,3998
17018,2025-07-29,1,53,2,1798
17019,2025-07-29,1,54,10,5990
17020,2025-07-29,1,55,2,1798
17021,2025-07-29,1,56,6,4194
17022,2025-07-29,2,1,6,17994
17023,2025-07-29,2,3,2,9998
17024,2025-07-29,2,4,2,2998
17025,2025-07-29,2,5,12,15588
17026,2025-07-29,2,6,1,899
17027,2025-07-29,2,8,1,15999
17028,2025-07-29,2,9,2,1198
17029,2025-07-29,2,11,1,2499
17030,2025-07-29,2,12,6,2394
17031,2025-07-29,2,14,1,299
17032,2025-07-29,2,15,2,9998
17033,2025-07-29,2,16,5,3995
17034,2025-07-29,2,17,2,7998
17035,2025-07-29,2,18,7,12593
17036,2025-07-29,2,19,5,94995
17037,2025-07-29,2,21,7,17493
17038,2025-07-29,2,22,5,27495
17039,2025-07-29,2,23,3,14997
17040,2025-07-29,2,24,1,3499
17041,2025-07-29,2,25,9,44991
17042,2025-07-29,2,26,2,39998
17043,2025-07-29,2,27,2,2598
17044,2025-07-29,2,28,1,1799
17045,2025-07-29,2,29,7,17493
17046,2025-07-29,2,30,7,27993
17047,2025-07-29,2,31,3,5997
17048,2025-07-29,2,32,8,71992
17049,2025-07-29,2,33,4,51996
17050,2025-07-29,2,34,8,151992
17051,2025-07-29,2,35,1,2999
17052,2025-07-29,2,36,3,4497
17053,2025-07-29,2,37,5,11495
17054,2025-07-29,2,38,5,44995
17055,2025-07-29,2,39,8,27992
17056,2025-07-29,2,40,4,2396
17057,2025-07-29,2,41,4,9996
17058,2025-07-29,2,43,1,1999
17059,2025-07-29,2,44,2,2598
17060,2025-07-29,2,46,2,1598
17061,2025-07-29,2,48,2,7998
17062,2025-07-29,2,49,5,12495
17063,2025-07-29,2,50,3,3897
17064,2025-07-29,2,51,3,1497
17065,2025-07-29,2,52,2,3998
17066,2025-07-29,2,53,2,1798
17067,2025-07-29,2,54,5,2995
17068,2025-07-29,2,55,4,3596
17069,2025-07-29,2,56,3,2097
17070,2025-07-29,3,1,4,11996
17071,2025-07-29,3,3,1,4999
17072,2025-07-29,3,4,1,1499
17073,2025-07-29,3,5,8,10392
17074,2025-07-29,3,7,7,55993
17075,2025-07-29,3,8,1,15999
17076,2025-07-29,3,9,2,1198
17077,2025-07-29,3,11,2,4998
17078,2025-07-29,3,12,4,1596
17079,2025-07-29,3,13,1,499
17080,2025-07-29,3,14,2,598
17081,2025-07-29,3,15,5,24995
17082,2025-07-29,3,16,4,3196
17083,2025-07-29,3,17,1,3999
17084,2025-07-29,3,18,4,7196
17085,2025-07-29,3,19,4,75996
17086,2025-07-29,3,21,4,9996
17087,2025-07-29,3,22,5,27495
17088,2025-07-29,3,23,3,14997
17089,2025-07-29,3,25,11,54989
17090,2025-07-29,3,26,2,39998
17091,2025-07-29,3,27,1,1299
17092,2025-07-29,3,28,1,1799
17093,2025-07-29,3,29,11,27489
17094,2025-07-29,3,30,4,15996
17095,2025-07-29,3,31,8,15992
17096,2025-07-29,3,32,7,62993
17097,2025-07-29,3,33,4,51996
17098,2025-07-29,3,34,8,151992
17099,2025-07-29,3,35,2,5998
17100,2025-07-29,3,36,5,7495
17101,2025-07-29,3,37,9,20691
17102,2025-07-29,3,38,5,44995
17103,2025-07-29,3,39,6,20994
17104,2025-07-29,3,40,7,4193
17105,2025-07-29,3,41,3,7497
17106,2025-07-29,3,43,1,1999
17107,2025-07-29,3,44,2,2598
17108,2025-07-29,3,46,2,1598
17109,2025-07-29,3,47,1,3499
17110,2025-07-29,3,48,1,3999
17111,2025-07-29,3,49,3,7497
17112,2025-07-29,3,50,3,3897
17113,2025-07-29,3,51,3,1497
17114,2025-07-29,3,52,1,1999
17115,2025-07-29,3,53,2,1798
17116,2025-07-29,3,54,6,3594
17117,2025-07-29,3,55,7,6293
17118,2025-07-29,3,56,5,3495
17119,2025-07-29,4,1,6,17994
17120,2025-07-29,4,3,2,9998
17121,2025-07-29,4,4,1,1499
17122,2025-07-29,4,5,13,16887
17123,2025-07-29,4,6,2,1798
17124,2025-07-29,4,7,8,63992
17125,2025-07-29,4,8,1,15999
17126,2025-07-29,4,9,6,3594
17127,2025-07-29,4,11,2,4998
17128,2025-07-29,4,12,6,2394
17129,2025-07-29,4,14,2,598
17130,2025-07-29,4,15,8,39992
17131,2025-07-29,4,16,2,1598
17132,2025-07-29,4,17,1,3999
17133,2025-07-29,4,18,2,3598
17134,2025-07-29,4,19,8,151992
17135,2025-07-29,4,20,1,1299
17136,2025-07-29,4,21,8,19992
17137,2025-07-29,4,22,7,38493
17138,2025-07-29,4,23,3,14997
17139,2025-07-29,4,24,1,3499
17140,2025-07-29,4,25,5,24995
17141,2025-07-29,4,26,3,59997
17142,2025-07-29,4,27,2,2598
17143,2025-07-29,4,28,1,1799
17144,2025-07-29,4,29,5,12495
17145,2025-07-29,4,30,5,19995
17146,2025-07-29,4,31,9,17991
17147,2025-07-29,4,32,11,98989
17148,2025-07-29,4,33,6,77994
17149,2025-07-29,4,34,14,265986
17150,2025-07-29,4,35,5,14995
17151,2025-07-29,4,36,5,7495
17152,2025-07-29,4,37,1,2299
17153,2025-07-29,4,38,3,26997
17154,2025-07-29,4,39,7,24493
17155,2025-07-29,4,40,4,2396
17156,2025-07-29,4,41,10,24990
17157,2025-07-29,4,42,1,1799
17158,2025-07-29,4,43,4,7996
17159,2025-07-29,4,44,2,2598
17160,2025-07-29,4,45,1,4999
17161,2025-07-29,4,46,3,2397
17162,2025-07-29,4,47,2,6998
17163,2025-07-29,4,48,2,7998
17164,2025-07-29,4,49,5,12495
17165,2025-07-29,4,50,6,7794
17166,2025-07-29,4,51,5,2495
17167,2025-07-29,4,52,2,3998
17168,2025-07-29,4,53,3,2697
17169,2025-07-29,4,54,9,5391
17170,2025-07-29,4,55,8,7192
17171,2025-07-29,4,56,7,4893
17172,2025-07-29,5,1,4,11996
17173,2025-07-29,5,3,1,4999
17174,2025-07-29,5,5,10,12990
17175,2025-07-29,5,6,1,899
17176,2025-07-29,5,7,5,39995
17177,2025-07-29,5,9,2,1198
17178,2025-07-29,5,11,2,4998
17179,2025-07-29,5,12,4,1596
17180,2025-07-29,5,14,1,299
17181,2025-07-29,5,15,6,29994
17182,2025-07-29,5,16,2,1598
17183,2025-07-29,5,17,1,3999
17184,2025-07-29,5,18,6,10794
17185,2025-07-29,5,19,5,94995
17186,2025-07-29,5,21,6,14994
17187,2025-07-29,5,22,3,16497
17188,2025-07-29,5,23,3,14997
17189,2025-07-29,5,24,1,3499
17190,2025-07-29,5,25,6,29994
17191,2025-07-29,5,26,4,79996
17192,2025-07-29,5,29,6,14994
17193,2025-07-29,5,30,4,15996
17194,2025-07-29,5,31,8,15992
17195,2025-07-29,5,32,5,44995
17196,2025-07-29,5,33,3,38997
17197,2025-07-29,5,34,2,37998
17198,2025-07-29,5,35,3,8997
17199,2025-07-29,5,36,3,4497
17200,2025-07-29,5,37,7,16093
17201,2025-07-29,5,38,3,26997
17202,2025-07-29,5,39,7,24493
17203,2025-07-29,5,40,4,2396
17204,2025-07-29,5,41,6,14994
17205,2025-07-29,5,43,1,1999
17206,2025-07-29,5,46,1,799
17207,2025-07-29,5,48,3,11997
17208,2025-07-29,5,49,4,9996
17209,2025-07-29,5,50,3,3897
17210,2025-07-29,5,51,3,1497
17211,2025-07-29,5,52,2,3998
17212,2025-07-29,5,53,2,1798
17213,2025-07-29,5,54,3,1797
17214,2025-07-29,5,55,5,4495
17215,2025-07-29,5,56,2,1398
17216,2025-07-29,6,1,9,26991
17217,2025-07-29,6,3,2,9998
17218,2025-07-29,6,4,2,2998
17219,2025-07-29,6,5,10,12990
17220,2025-07-29,6,6,2,1798
17221,2025-07-29,6,7,6,47994
17222,2025-07-29,6,8,1,15999
17223,2025-07-29,6,9,5,2995
17224,2025-07-29,6,11,2,4998
17225,2025-07-29,6,12,1,399
17226,2025-07-29,6,14,3,897
17227,2025-07-29,6,15,8,39992
17228,2025-07-29,6,16,1,799
17229,2025-07-29,6,17,2,7998
17230,2025-07-29,6,18,6,10794
17231,2025-07-29,6,19,8,151992
17232,2025-07-29,6,21,9,22491
17233,2025-07-29,6,22,6,32994
17234,2025-07-29,6,23,4,19996
17235,2025-07-29,6,24,2,6998
17236,2025-07-29,6,25,11,54989
17237,2025-07-29,6,26,5,99995
17238,2025-07-29,6,27,1,1299
17239,2025-07-29,6,28,1,1799
17240,2025-07-29,6,29,8,19992
17241,2025-07-29,6,30,9,35991
17242,2025-07-29,6,31,2,3998
17243,2025-07-29,6,32,11,98989
17244,2025-07-29,6,33,2,25998
17245,2025-07-29,6,34,6,113994
17246,2025-07-29,6,35,3,8997
17247,2025-07-29,6,36,4,5996
17248,2025-07-29,6,37,4,9196
17249,2025-07-29,6,38,2,17998
17250,2025-07-29,6,39,5,17495
17251,2025-07-29,6,40,6,3594
17252,2025-07-29,6,41,5,12495
17253,2025-07-29,6,43,1,1999
17254,2025-07-29,6,44,2,2598
17255,2025-07-29,6,45,1,4999
17256,2025-07-29,6,46,1,799
17257,2025-07-29,6,48,2,7998
17258,2025-07-29,6,49,2,4998
17259,2025-07-29,6,50,1,1299
17260,2025-07-29,6,51,4,1996
17261,2025-07-29,6,52,3,5997
17262,2025-07-29,6,53,3,2697
17263,2025-07-29,6,54,13,7787
17264,2025-07-29,6,55,4,3596
17265,2025-07-29,6,56,4,2796
17266,2025-07-30,1,1,14,41986
17267,2025-07-30,1,2,1,1999
17268,2025-07-30,1,3,2,9998
17269,2025-07-30,1,4,3,4497
17270,2025-07-30,1,5,7,9093
17271,2025-07-30,1,6,1,899
17272,2025-07-30,1,7,8,63992
17273,2025-07-30,1,8,1,15999
17274,2025-07-30,1,9,4,2396
17275,2025-07-30,1,10,1,299
17276,2025-07-30,1,11,2,4998
17277,2025-07-30,1,12,5,1995
17278,2025-07-30,1,13,1,499
17279,2025-07-30,1,14,3,897
17280,2025-07-30,1,15,8,39992
17281,2025-07-30,1,16,3,2397
17282,2025-07-30,1,17,1,3999
17283,2025-07-30,1,18,6,10794
17284,2025-07-30,1,19,9,170991
17285,2025-07-30,1,21,8,19992
17286,2025-07-30,1,22,7,38493
17287,2025-07-30,1,23,3,14997
17288,2025-07-30,1,24,2,6998
17289,2025-07-30,1,25,6,29994
17290,2025-07-30,1,26,6,119994
17291,2025-07-30,1,28,2,3598
17292,2025-07-30,1,29,8,19992
17293,2025-07-30,1,30,6,23994
17294,2025-07-30,1,31,12,23988
17295,2025-07-30,1,32,6,53994
17296,2025-07-30,1,33,5,64995
17297,2025-07-30,1,34,5,94995
17298,2025-07-30,1,35,4,11996
17299,2025-07-30,1,36,3,4497
17300,2025-07-30,1,37,3,6897
17301,2025-07-30,1,38,3,26997
17302,2025-07-30,1,39,7,24493
17303,2025-07-30,1,40,5,2995
17304,2025-07-30,1,41,3,7497
17305,2025-07-30,1,43,1,1999
17306,2025-07-30,1,44,4,5196
17307,2025-07-30,1,45,1,4999
17308,2025-07-30,1,46,3,2397
17309,2025-07-30,1,47,1,3499
17310,2025-07-30,1,48,5,19995
17311,2025-07-30,1,49,7,17493
17312,2025-07-30,1,50,3,3897
17313,2025-07-30,1,51,4,1996
17314,2025-07-30,1,52,2,3998
17315,2025-07-30,1,53,2,1798
17316,2025-07-30,1,54,6,3594
17317,2025-07-30,1,55,4,3596
17318,2025-07-30,1,56,7,4893
17319,2025-07-30,2,1,4,11996
17320,2025-07-30,2,3,3,14997
17321,2025-07-30,2,4,2,2998
17322,2025-07-30,2,5,11,14289
17323,2025-07-30,2,6,2,1798
17324,2025-07-30,2,7,5,39995
17325,2025-07-30,2,8,1,15999
17326,2025-07-30,2,9,4,2396
17327,2025-07-30,2,11,3,7497
17328,2025-07-30,2,12,4,1596
17329,2025-07-30,2,14,2,598
17330,2025-07-30,2,15,5,24995
17331,2025-07-30,2,16,3,2397
17332,2025-07-30,2,17,1,3999
17333,2025-07-30,2,18,5,8995
17334,2025-07-30,2,19,3,56997
17335,2025-07-30,2,21,5,12495
17336,2025-07-30,2,22,4,21996
17337,2025-07-30,2,23,3,14997
17338,2025-07-30,2,24,1,3499
17339,2025-07-30,2,25,9,44991
17340,2025-07-30,2,26,2,39998
17341,2025-07-30,2,27,2,2598
17342,2025-07-30,2,28,1,1799
17343,2025-07-30,2,29,9,22491
17344,2025-07-30,2,30,5,19995
17345,2025-07-30,2,31,11,21989
17346,2025-07-30,2,32,6,53994
17347,2025-07-30,2,33,5,64995
17348,2025-07-30,2,34,6,113994
17349,2025-07-30,2,35,2,5998
17350,2025-07-30,2,36,4,5996
17351,2025-07-30,2,37,6,13794
17352,2025-07-30,2,38,2,17998
17353,2025-07-30,2,39,8,27992
17354,2025-07-30,2,40,4,2396
17355,2025-07-30,2,41,1,2499
17356,2025-07-30,2,43,2,3998
17357,2025-07-30,2,44,1,1299
17358,2025-07-30,2,46,2,1598
17359,2025-07-30,2,47,1,3499
17360,2025-07-30,2,48,4,15996
17361,2025-07-30,2,49,5,12495
17362,2025-07-30,2,50,3,3897
17363,2025-07-30,2,51,2,998
17364,2025-07-30,2,52,1,1999
17365,2025-07-30,2,53,2,1798
17366,2025-07-30,2,54,8,4792
17367,2025-07-30,2,55,5,4495
17368,2025-07-30,2,56,7,4893
17369,2025-07-30,3,1,4,11996
17370,2025-07-30,3,3,1,4999
17371,2025-07-30,3,4,1,1499
17372,2025-07-30,3,5,12,15588
17373,2025-07-30,3,6,1,899
17374,2025-07-30,3,7,5,39995
17375,2025-07-30,3,9,2,1198
17376,2025-07-30,3,11,2,4998
17377,2025-07-30,3,12,4,1596
17378,2025-07-30,3,14,1,299
17379,2025-07-30,3,16,4,3196
17380,2025-07-30,3,17,2,7998
17381,2025-07-30,3,18,3,5397
17382,2025-07-30,3,19,6,113994
17383,2025-07-30,3,21,7,17493
17384,2025-07-30,3,22,4,21996
17385,2025-07-30,3,23,3,14997
17386,2025-07-30,3,24,1,3499
17387,2025-07-30,3,25,7,34993
17388,2025-07-30,3,26,2,39998
17389,2025-07-30,3,28,1,1799
17390,2025-07-30,3,29,7,17493
17391,2025-07-30,3,30,3,11997
17392,2025-07-30,3,31,5,9995
17393,2025-07-30,3,32,8,71992
17394,2025-07-30,3,33,4,51996
17395,2025-07-30,3,34,8,151992
17396,2025-07-30,3,35,1,2999
17397,2025-07-30,3,36,3,4497
17398,2025-07-30,3,37,8,18392
17399,2025-07-30,3,38,4,35996
17400,2025-07-30,3,39,7,24493
17401,2025-07-30,3,40,3,1797
17402,2025-07-30,3,41,7,17493
17403,2025-07-30,3,43,2,3998
17404,2025-07-30,3,44,1,1299
17405,2025-07-30,3,45,1,4999
17406,2025-07-30,3,46,1,799
17407,2025-07-30,3,47,1,3499
17408,2025-07-30,3,48,2,7998
17409,2025-07-30,3,49,3,7497
17410,2025-07-30,3,50,2,2598
17411,2025-07-30,3,51,2,998
17412,2025-07-30,3,52,1,1999
17413,2025-07-30,3,53,1,899
17414,2025-07-30,3,54,8,4792
17415,2025-07-30,3,55,6,5394
17416,2025-07-30,3,56,3,2097
17417,2025-07-30,4,1,8,23992
17418,2025-07-30,4,3,4,19996
17419,2025-07-30,4,4,2,2998
17420,2025-07-30,4,5,13,16887
17421,2025-07-30,4,6,2,1798
17422,2025-07-30,4,7,7,55993
17423,2025-07-30,4,8,1,15999
17424,2025-07-30,4,9,4,2396
17425,2025-07-30,4,10,1,299
17426,2025-07-30,4,11,2,4998
17427,2025-07-30,4,12,3,1197
17428,2025-07-30,4,13,1,499
17429,2025-07-30,4,14,2,598
17430,2025-07-30,4,15,5,24995
17431,2025-07-30,4,16,5,3995
17432,2025-07-30,4,17,2,7998
17433,2025-07-30,4,18,5,8995
17434,2025-07-30,4,19,6,113994
17435,2025-07-30,4,21,9,22491
17436,2025-07-30,4,22,7,38493
17437,2025-07-30,4,23,4,19996
17438,2025-07-30,4,24,3,10497
17439,2025-07-30,4,25,9,44991
17440,2025-07-30,4,26,3,59997
17441,2025-07-30,4,27,2,2598
17442,2025-07-30,4,28,1,1799
17443,2025-07-30,4,29,10,24990
17444,2025-07-30,4,30,8,31992
17445,2025-07-30,4,31,10,19990
17446,2025-07-30,4,32,7,62993
17447,2025-07-30,4,33,5,64995
17448,2025-07-30,4,34,5,94995
17449,2025-07-30,4,35,3,8997
17450,2025-07-30,4,36,2,2998
17451,2025-07-30,4,37,9,20691
17452,2025-07-30,4,38,7,62993
17453,2025-07-30,4,39,6,20994
17454,2025-07-30,4,40,8,4792
17455,2025-07-30,4,41,9,22491
17456,2025-07-30,4,43,3,5997
17457,2025-07-30,4,44,2,2598
17458,2025-07-30,4,45,1,4999
17459,2025-07-30,4,46,1,799
17460,2025-07-30,4,47,1,3499
17461,2025-07-30,4,48,3,11997
17462,2025-07-30,4,49,7,17493
17463,2025-07-30,4,50,6,7794
17464,2025-07-30,4,51,2,998
17465,2025-07-30,4,52,2,3998
17466,2025-07-30,4,53,3,2697
17467,2025-07-30,4,54,8,4792
17468,2025-07-30,4,55,9,8091
17469,2025-07-30,4,56,6,4194
17470,2025-07-30,5,1,2,5998
17471,2025-07-30,5,3,2,9998
17472,2025-07-30,5,4,1,1499
17473,2025-07-30,5,5,8,10392
17474,2025-07-30,5,6,1,899
17475,2025-07-30,5,7,5,39995
17476,2025-07-30,5,8,1,15999
17477,2025-07-30,5,9,4,2396
17478,2025-07-30,5,11,2,4998
17479,2025-07-30,5,12,3,1197
17480,2025-07-30,5,14,1,299
17481,2025-07-30,5,15,6,29994
17482,2025-07-30,5,16,5,3995
17483,2025-07-30,5,17,2,7998
17484,2025-07-30,5,18,2,3598
17485,2025-07-30,5,19,3,56997
17486,2025-07-30,5,21,5,12495
17487,2025-07-30,5,22,3,16497
17488,2025-07-30,5,23,2,9998
17489,2025-07-30,5,24,1,3499
17490,2025-07-30,5,25,3,14997
17491,2025-07-30,5,26,2,39998
17492,2025-07-30,5,27,1,1299
17493,2025-07-30,5,29,5,12495
17494,2025-07-30,5,30,2,7998
17495,2025-07-30,5,31,4,7996
17496,2025-07-30,5,32,4,35996
17497,2025-07-30,5,33,3,38997
17498,2025-07-30,5,34,6,113994
17499,2025-07-30,5,35,1,2999
17500,2025-07-30,5,36,4,5996
17501,2025-07-30,5,37,2,4598
17502,2025-07-30,5,38,5,44995
17503,2025-07-30,5,39,3,10497
17504,2025-07-30,5,40,6,3594
17505,2025-07-30,5,41,2,4998
17506,2025-07-30,5,43,1,1999
17507,2025-07-30,5,44,2,2598
17508,2025-07-30,5,45,1,4999
17509,2025-07-30,5,48,2,7998
17510,2025-07-30,5,49,3,7497
17511,2025-07-30,5,50,2,2598
17512,2025-07-30,5,51,2,998
17513,2025-07-30,5,53,1,899
17514,2025-07-30,5,54,5,2995
17515,2025-07-30,5,55,3,2697
17516,2025-07-30,5,56,3,2097
17517,2025-07-30,6,1,7,20993
17518,2025-07-30,6,3,2,9998
17519,2025-07-30,6,4,1,1499
17520,2025-07-30,6,5,17,22083
17521,2025-07-30,6,6,2,1798
17522,2025-07-30,6,7,7,55993
17523,2025-07-30,6,8,1,15999
17524,2025-07-30,6,9,3,1797
17525,2025-07-30,6,11,3,7497
17526,2025-07-30,6,12,6,2394
17527,2025-07-30,6,14,2,598
17528,2025-07-30,6,15,6,29994
17529,2025-07-30,6,16,4,3196
17530,2025-07-30,6,17,3,11997
17531,2025-07-30,6,18,6,10794
17532,2025-07-30,6,19,9,170991
17533,2025-07-30,6,21,7,17493
17534,2025-07-30,6,22,7,38493
17535,2025-07-30,6,23,5,24995
17536,2025-07-30,6,25,13,64987
17537,2025-07-30,6,26,4,79996
17538,2025-07-30,6,27,1,1299
17539,2025-07-30,6,29,7,17493
17540,2025-07-30,6,30,8,31992
17541,2025-07-30,6,31,9,17991
17542,2025-07-30,6,32,4,35996
17543,2025-07-30,6,33,3,38997
17544,2025-07-30,6,34,8,151992
17545,2025-07-30,6,35,2,5998
17546,2025-07-30,6,36,2,2998
17547,2025-07-30,6,37,7,16093
17548,2025-07-30,6,38,2,17998
17549,2025-07-30,6,39,10,34990
17550,2025-07-30,6,40,5,2995
17551,2025-07-30,6,41,5,12495
17552,2025-07-30,6,42,1,1799
17553,2025-07-30,6,43,3,5997
17554,2025-07-30,6,44,3,3897
17555,2025-07-30,6,45,1,4999
17556,2025-07-30,6,46,1,799
17557,2025-07-30,6,47,2,6998
17558,2025-07-30,6,48,3,11997
17559,2025-07-30,6,49,7,17493
17560,2025-07-30,6,50,1,1299
17561,2025-07-30,6,51,3,1497
17562,2025-07-30,6,52,1,1999
17563,2025-07-30,6,53,2,1798
17564,2025-07-30,6,54,10,5990
17565,2025-07-30,6,55,8,7192
17566,2025-07-30,6,56,6,4194
17567,2025-07-31,1,1,9,26991
17568,2025-07-31,1,3,2,9998
17569,2025-07-31,1,4,3,4497
17570,2025-07-31,1,5,9,11691
17571,2025-07-31,1,6,2,1798
17572,2025-07-31,1,7,10,79990
17573,2025-07-31,1,8,1,15999
17574,2025-07-31,1,9,4,2396
17575,2025-07-31,1,11,1,2499
17576,2025-07-31,1,12,7,2793
17577,2025-07-31,1,14,3,897
17578,2025-07-31,1,15,8,39992
17579,2025-07-31,1,16,8,6392
17580,2025-07-31,1,17,2,7998
17581,2025-07-31,1,18,6,10794
17582,2025-07-31,1,19,8,151992
17583,2025-07-31,1,21,10,24990
17584,2025-07-31,1,22,8,43992
17585,2025-07-31,1,23,3,14997
17586,2025-07-31,1,24,3,10497
17587,2025-07-31,1,25,10,49990
17588,2025-07-31,1,26,3,59997
17589,2025-07-31,1,29,11,27489
17590,2025-07-31,1,30,3,11997
17591,2025-07-31,1,31,12,23988
17592,2025-07-31,1,32,9,80991
17593,2025-07-31,1,33,4,51996
17594,2025-07-31,1,34,9,170991
17595,2025-07-31,1,35,3,8997
17596,2025-07-31,1,36,1,1499
17597,2025-07-31,1,37,7,16093
17598,2025-07-31,1,38,6,53994
17599,2025-07-31,1,39,2,6998
17600,2025-07-31,1,40,4,2396
17601,2025-07-31,1,41,9,22491
17602,2025-07-31,1,42,1,1799
17603,2025-07-31,1,44,4,5196
17604,2025-07-31,1,45,1,4999
17605,2025-07-31,1,46,1,799
17606,2025-07-31,1,47,1,3499
17607,2025-07-31,1,48,4,15996
17608,2025-07-31,1,49,5,12495
17609,2025-07-31,1,50,3,3897
17610,2025-07-31,1,51,4,1996
17611,2025-07-31,1,52,2,3998
17612,2025-07-31,1,53,3,2697
17613,2025-07-31,1,54,10,5990
17614,2025-07-31,1,55,5,4495
17615,2025-07-31,1,56,9,6291
17616,2025-07-31,2,1,3,8997
17617,2025-07-31,2,3,2,9998
17618,2025-07-31,2,4,2,2998
17619,2025-07-31,2,5,4,5196
17620,2025-07-31,2,6,1,899
17621,2025-07-31,2,7,6,47994
17622,2025-07-31,2,9,3,1797
17623,2025-07-31,2,11,1,2499
17624,2025-07-31,2,12,4,1596
17625,2025-07-31,2,14,2,598
17626,2025-07-31,2,15,8,39992
17627,2025-07-31,2,16,3,2397
17628,2025-07-31,2,17,1,3999
17629,2025-07-31,2,18,4,7196
17630,2025-07-31,2,21,7,17493
17631,2025-07-31,2,22,5,27495
17632,2025-07-31,2,23,2,9998
17633,2025-07-31,2,24,1,3499
17634,2025-07-31,2,25,8,39992
17635,2025-07-31,2,26,2,39998
17636,2025-07-31,2,27,1,1299
17637,2025-07-31,2,29,7,17493
17638,2025-07-31,2,30,6,23994
17639,2025-07-31,2,31,9,17991
17640,2025-07-31,2,32,5,44995
17641,2025-07-31,2,33,5,64995
17642,2025-07-31,2,34,10,189990
17643,2025-07-31,2,35,4,11996
17644,2025-07-31,2,36,5,7495
17645,2025-07-31,2,37,5,11495
17646,2025-07-31,2,38,6,53994
17647,2025-07-31,2,39,8,27992
17648,2025-07-31,2,40,3,1797
17649,2025-07-31,2,41,5,12495
17650,2025-07-31,2,43,2,3998
17651,2025-07-31,2,44,2,2598
17652,2025-07-31,2,45,1,4999
17653,2025-07-31,2,46,2,1598
17654,2025-07-31,2,47,1,3499
17655,2025-07-31,2,48,2,7998
17656,2025-07-31,2,49,6,14994
17657,2025-07-31,2,50,2,2598
17658,2025-07-31,2,51,3,1497
17659,2025-07-31,2,52,3,5997
17660,2025-07-31,2,53,2,1798
17661,2025-07-31,2,54,11,6589
17662,2025-07-31,2,55,3,2697
17663,2025-07-31,2,56,8,5592
17664,2025-07-31,3,1,5,14995
17665,2025-07-31,3,4,1,1499
17666,2025-07-31,3,5,11,14289
17667,2025-07-31,3,6,2,1798
17668,2025-07-31,3,7,2,15998
17669,2025-07-31,3,8,1,15999
17670,2025-07-31,3,9,3,1797
17671,2025-07-31,3,11,3,7497
17672,2025-07-31,3,12,3,1197
17673,2025-07-31,3,14,2,598
17674,2025-07-31,3,15,9,44991
17675,2025-07-31,3,16,4,3196
17676,2025-07-31,3,17,2,7998
17677,2025-07-31,3,18,5,8995
17678,2025-07-31,3,19,7,132993
17679,2025-07-31,3,21,9,22491
17680,2025-07-31,3,22,5,27495
17681,2025-07-31,3,23,3,14997
17682,2025-07-31,3,25,6,29994
17683,2025-07-31,3,26,2,39998
17684,2025-07-31,3,27,1,1299
17685,2025-07-31,3,28,1,1799
17686,2025-07-31,3,29,2,4998
17687,2025-07-31,3,30,6,23994
17688,2025-07-31,3,31,7,13993
17689,2025-07-31,3,32,5,44995
17690,2025-07-31,3,33,2,25998
17691,2025-07-31,3,34,6,113994
17692,2025-07-31,3,35,4,11996
17693,2025-07-31,3,36,1,1499
17694,2025-07-31,3,37,7,16093
17695,2025-07-31,3,38,4,35996
17696,2025-07-31,3,39,7,24493
17697,2025-07-31,3,40,4,2396
17698,2025-07-31,3,41,6,14994
17699,2025-07-31,3,43,1,1999
17700,2025-07-31,3,44,1,1299
17701,2025-07-31,3,46,1,799
17702,2025-07-31,3,47,1,3499
17703,2025-07-31,3,48,2,7998
17704,2025-07-31,3,49,5,12495
17705,2025-07-31,3,50,3,3897
17706,2025-07-31,3,51,2,998
17707,2025-07-31,3,52,2,3998
17708,2025-07-31,3,53,2,1798
17709,2025-07-31,3,54,5,2995
17710,2025-07-31,3,55,3,2697
17711,2025-07-31,3,56,4,2796
17712,2025-07-31,4,1,7,20993
17713,2025-07-31,4,3,2,9998
17714,2025-07-31,4,4,2,2998
17715,2025-07-31,4,5,15,19485
17716,2025-07-31,4,6,2,1798
17717,2025-07-31,4,7,7,55993
17718,2025-07-31,4,8,1,15999
17719,2025-07-31,4,9,4,2396
17720,2025-07-31,4,11,2,4998
17721,2025-07-31,4,12,7,2793
17722,2025-07-31,4,14,2,598
17723,2025-07-31,4,15,10,49990
17724,2025-07-31,4,16,6,4794
17725,2025-07-31,4,17,1,3999
17726,2025-07-31,4,18,6,10794
17727,2025-07-31,4,19,11,208989
17728,2025-07-31,4,20,1,1299
17729,2025-07-31,4,21,9,22491
17730,2025-07-31,4,22,3,16497
17731,2025-07-31,4,23,6,29994
17732,2025-07-31,4,24,2,6998
17733,2025-07-31,4,25,15,74985
17734,2025-07-31,4,26,3,59997
17735,2025-07-31,4,27,1,1299
17736,2025-07-31,4,28,1,1799
17737,2025-07-31,4,29,16,39984
17738,2025-07-31,4,30,10,39990
17739,2025-07-31,4,31,8,15992
17740,2025-07-31,4,32,9,80991
17741,2025-07-31,4,33,5,64995
17742,2025-07-31,4,34,2,37998
17743,2025-07-31,4,35,2,5998
17744,2025-07-31,4,36,5,7495
17745,2025-07-31,4,37,6,13794
17746,2025-07-31,4,38,5,44995
17747,2025-07-31,4,39,7,24493
17748,2025-07-31,4,40,4,2396
17749,2025-07-31,4,41,9,22491
17750,2025-07-31,4,42,1,1799
17751,2025-07-31,4,43,3,5997
17752,2025-07-31,4,44,1,1299
17753,2025-07-31,4,45,1,4999
17754,2025-07-31,4,46,3,2397
17755,2025-07-31,4,47,2,6998
17756,2025-07-31,4,48,3,11997
17757,2025-07-31,4,49,7,17493
17758,2025-07-31,4,50,3,3897
17759,2025-07-31,4,51,3,1497
17760,2025-07-31,4,52,4,7996
17761,2025-07-31,4,53,4,3596
17762,2025-07-31,4,54,12,7188
17763,2025-07-31,4,55,5,4495
17764,2025-07-31,4,56,9,6291
17765,2025-07-31,5,1,6,17994
17766,2025-07-31,5,3,2,9998
17767,2025-07-31,5,4,2,2998
17768,2025-07-31,5,5,6,7794
17769,2025-07-31,5,6,1,899
17770,2025-07-31,5,7,5,39995
17771,2025-07-31,5,9,3,1797
17772,2025-07-31,5,11,2,4998
17773,2025-07-31,5,12,3,1197
17774,2025-07-31,5,14,1,299
17775,2025-07-31,5,15,4,19996
17776,2025-07-31,5,16,5,3995
17777,2025-07-31,5,17,2,7998
17778,2025-07-31,5,18,3,5397
17779,2025-07-31,5,19,6,113994
17780,2025-07-31,5,21,6,14994
17781,2025-07-31,5,22,6,32994
17782,2025-07-31,5,23,3,14997
17783,2025-07-31,5,25,7,34993
17784,2025-07-31,5,26,2,39998
17785,2025-07-31,5,27,1,1299
17786,2025-07-31,5,28,1,1799
17787,2025-07-31,5,29,7,17493
17788,2025-07-31,5,30,5,19995
17789,2025-07-31,5,31,7,13993
17790,2025-07-31,5,32,7,62993
17791,2025-07-31,5,33,2,25998
17792,2025-07-31,5,34,6,113994
17793,2025-07-31,5,35,3,8997
17794,2025-07-31,5,36,3,4497
17795,2025-07-31,5,37,2,4598
17796,2025-07-31,5,38,1,8999
17797,2025-07-31,5,39,5,17495
17798,2025-07-31,5,40,3,1797
17799,2025-07-31,5,41,2,4998
17800,2025-07-31,5,46,1,799
17801,2025-07-31,5,47,1,3499
17802,2025-07-31,5,48,2,7998
17803,2025-07-31,5,49,5,12495
17804,2025-07-31,5,50,3,3897
17805,2025-07-31,5,51,2,998
17806,2025-07-31,5,52,1,1999
17807,2025-07-31,5,53,1,899
17808,2025-07-31,5,54,7,4193
17809,2025-07-31,5,55,4,3596
17810,2025-07-31,5,56,5,3495
17811,2025-07-31,6,1,5,14995
17812,2025-07-31,6,2,1,1999
17813,2025-07-31,6,3,2,9998
17814,2025-07-31,6,4,3,4497
17815,2025-07-31,6,5,15,19485
17816,2025-07-31,6,6,2,1798
17817,2025-07-31,6,7,14,111986
17818,2025-07-31,6,8,1,15999
17819,2025-07-31,6,9,3,1797
17820,2025-07-31,6,11,2,4998
17821,2025-07-31,6,12,4,1596
17822,2025-07-31,6,13,1,499
17823,2025-07-31,6,14,2,598
17824,2025-07-31,6,15,3,14997
17825,2025-07-31,6,16,4,3196
17826,2025-07-31,6,17,3,11997
17827,2025-07-31,6,18,6,10794
17828,2025-07-31,6,19,6,113994
17829,2025-07-31,6,21,7,17493
17830,2025-07-31,6,22,6,32994
17831,2025-07-31,6,23,4,19996
17832,2025-07-31,6,24,1,3499
17833,2025-07-31,6,25,6,29994
17834,2025-07-31,6,26,2,39998
17835,2025-07-31,6,27,1,1299
17836,2025-07-31,6,28,1,1799
17837,2025-07-31,6,29,11,27489
17838,2025-07-31,6,30,5,19995
17839,2025-07-31,6,31,13,25987
17840,2025-07-31,6,32,2,17998
17841,2025-07-31,6,33,6,77994
17842,2025-07-31,6,34,10,189990
17843,2025-07-31,6,35,3,8997
17844,2025-07-31,6,36,4,5996
17845,2025-07-31,6,37,8,18392
17846,2025-07-31,6,38,6,53994
17847,2025-07-31,6,39,5,17495
17848,2025-07-31,6,40,4,2396
17849,2025-07-31,6,41,8,19992
17850,2025-07-31,6,42,1,1799
17851,2025-07-31,6,43,1,1999
17852,2025-07-31,6,44,1,1299
17853,2025-07-31,6,45,1,4999
17854,2025-07-31,6,46,2,1598
17855,2025-07-31,6,48,2,7998
17856,2025-07-31,6,49,3,7497
17857,2025-07-31,6,50,4,5196
17858,2025-07-31,6,51,4,1996
17859,2025-07-31,6,52,3,5997
17860,2025-07-31,6,53,3,2697
17861,2025-07-31,6,54,6,3594
17862,2025-07-31,6,55,6,5394
17863,2025-07-31,6,56,5,3495
17864,2025-08-01,1,1,20,59980
17865,2025-08-01,1,2,1,1999
17866,2025-08-01,1,3,4,19996
17867,2025-08-01,1,4,2,2998
17868,2025-08-01,1,5,13,16887
17869,2025-08-01,1,6,1,899
17870,2025-08-01,1,7,14,111986
17871,2025-08-01,1,9,4,2396
17872,2025-08-01,1,11,2,4998
17873,2025-08-01,1,12,2,798
17874,2025-08-01,1,13,1,499
17875,2025-08-01,1,14,2,598
17876,2025-08-01,1,15,9,44991
17877,2025-08-01,1,16,7,5593
17878,2025-08-01,1,18,7,12593
17879,2025-08-01,1,19,5,94995
17880,2025-08-01,1,21,10,24990
17881,2025-08-01,1,22,8,43992
17882,2025-08-01,1,23,5,24995
17883,2025-08-01,1,24,2,6998
17884,2025-08-01,1,25,17,84983
17885,2025-08-01,1,26,2,39998
17886,2025-08-01,1,27,1,1299
17887,2025-08-01,1,28,1,1799
17888,2025-08-01,1,29,7,17493
17889,2025-08-01,1,30,5,19995
17890,2025-08-01,1,31,7,13993
17891,2025-08-01,1,32,8,71992
17892,2025-08-01,1,33,5,64995
17893,2025-08-01,1,34,8,151992
17894,2025-08-01,1,35,4,11996
17895,2025-08-01,1,36,8,11992
17896,2025-08-01,1,37,6,13794
17897,2025-08-01,1,38,4,35996
17898,2025-08-01,1,39,7,24493
17899,2025-08-01,1,40,3,1797
17900,2025-08-01,1,41,5,12495
17901,2025-08-01,1,42,1,1799
17902,2025-08-01,1,43,1,1999
17903,2025-08-01,1,44,5,6495
17904,2025-08-01,1,45,1,4999
17905,2025-08-01,1,46,1,799
17906,2025-08-01,1,47,1,3499
17907,2025-08-01,1,48,2,7998
17908,2025-08-01,1,49,7,17493
17909,2025-08-01,1,50,3,3897
17910,2025-08-01,1,51,4,1996
17911,2025-08-01,1,52,4,7996
17912,2025-08-01,1,53,2,1798
17913,2025-08-01,1,54,6,3594
17914,2025-08-01,1,55,6,5394
17915,2025-08-01,1,56,6,4194
17916,2025-08-01,2,1,5,14995
17917,2025-08-01,2,3,2,9998
17918,2025-08-01,2,4,2,2998
17919,2025-08-01,2,5,7,9093
17920,2025-08-01,2,6,1,899
17921,2025-08-01,2,7,6,47994
17922,2025-08-01,2,8,1,15999
17923,2025-08-01,2,9,3,1797
17924,2025-08-01,2,11,2,4998
17925,2025-08-01,2,12,4,1596
17926,2025-08-01,2,14,1,299
17927,2025-08-01,2,15,4,19996
17928,2025-08-01,2,16,3,2397
17929,2025-08-01,2,17,3,11997
17930,2025-08-01,2,18,5,8995
17931,2025-08-01,2,19,5,94995
17932,2025-08-01,2,21,2,4998
17933,2025-08-01,2,22,5,27495
17934,2025-08-01,2,23,1,4999
17935,2025-08-01,2,24,1,3499
17936,2025-08-01,2,25,6,29994
17937,2025-08-01,2,26,3,59997
17938,2025-08-01,2,27,1,1299
17939,2025-08-01,2,28,1,1799
17940,2025-08-01,2,29,5,12495
17941,2025-08-01,2,30,4,15996
17942,2025-08-01,2,31,7,13993
17943,2025-08-01,2,32,6,53994
17944,2025-08-01,2,33,5,64995
17945,2025-08-01,2,34,8,151992
17946,2025-08-01,2,35,2,5998
17947,2025-08-01,2,36,7,10493
17948,2025-08-01,2,37,3,6897
17949,2025-08-01,2,38,3,26997
17950,2025-08-01,2,39,5,17495
17951,2025-08-01,2,40,5,2995
17952,2025-08-01,2,41,3,7497
17953,2025-08-01,2,42,1,1799
17954,2025-08-01,2,43,1,1999
17955,2025-08-01,2,44,3,3897
17956,2025-08-01,2,45,1,4999
17957,2025-08-01,2,46,2,1598
17958,2025-08-01,2,47,1,3499
17959,2025-08-01,2,48,2,7998
17960,2025-08-01,2,49,5,12495
17961,2025-08-01,2,50,3,3897
17962,2025-08-01,2,52,2,3998
17963,2025-08-01,2,53,2,1798
17964,2025-08-01,2,54,9,5391
17965,2025-08-01,2,55,6,5394
17966,2025-08-01,2,56,5,3495
17967,2025-08-01,3,1,4,11996
17968,2025-08-01,3,4,2,2998
17969,2025-08-01,3,5,7,9093
17970,2025-08-01,3,7,6,47994
17971,2025-08-01,3,8,1,15999
17972,2025-08-01,3,9,2,1198
17973,2025-08-01,3,11,1,2499
17974,2025-08-01,3,12,3,1197
17975,2025-08-01,3,14,3,897
17976,2025-08-01,3,15,6,29994
17977,2025-08-01,3,16,4,3196
17978,2025-08-01,3,17,2,7998
17979,2025-08-01,3,18,5,8995
17980,2025-08-01,3,19,5,94995
17981,2025-08-01,3,21,7,17493
17982,2025-08-01,3,22,4,21996
17983,2025-08-01,3,23,4,19996
17984,2025-08-01,3,25,5,24995
17985,2025-08-01,3,26,2,39998
17986,2025-08-01,3,27,1,1299
17987,2025-08-01,3,28,1,1799
17988,2025-08-01,3,29,6,14994
17989,2025-08-01,3,30,3,11997
17990,2025-08-01,3,31,6,11994
17991,2025-08-01,3,32,5,44995
17992,2025-08-01,3,33,1,12999
17993,2025-08-01,3,34,8,151992
17994,2025-08-01,3,35,3,8997
17995,2025-08-01,3,36,3,4497
17996,2025-08-01,3,37,4,9196
17997,2025-08-01,3,38,5,44995
17998,2025-08-01,3,39,7,24493
17999,2025-08-01,3,40,2,1198
18000,2025-08-01,3,41,5,12495
18001,2025-08-01,3,43,1,1999
18002,2025-08-01,3,44,2,2598
18003,2025-08-01,3,46,2,1598
18004,2025-08-01,3,48,3,11997
18005,2025-08-01,3,49,4,9996
18006,2025-08-01,3,50,2,2598
18007,2025-08-01,3,51,3,1497
18008,2025-08-01,3,52,1,1999
18009,2025-08-01,3,53,1,899
18010,2025-08-01,3,54,5,2995
18011,2025-08-01,3,55,3,2697
18012,2025-08-01,3,56,4,2796
18013,2025-08-01,4,1,3,8997
18014,2025-08-01,4,2,1,1999
18015,2025-08-01,4,3,1,4999
18016,2025-08-01,4,4,2,2998
18017,2025-08-01,4,5,10,12990
18018,2025-08-01,4,6,1,899
18019,2025-08-01,4,7,12,95988
18020,2025-08-01,4,8,1,15999
18021,2025-08-01,4,9,5,2995
18022,2025-08-01,4,11,1,2499
18023,2025-08-01,4,12,7,2793
18024,2025-08-01,4,13,1,499
18025,2025-08-01,4,14,3,897
18026,2025-08-01,4,15,8,39992
18027,2025-08-01,4,16,5,3995
18028,2025-08-01,4,17,2,7998
18029,2025-08-01,4,18,6,10794
18030,2025-08-01,4,19,10,189990
18031,2025-08-01,4,21,5,12495
18032,2025-08-01,4,22,9,49491
18033,2025-08-01,4,23,2,9998
18034,2025-08-01,4,24,2,6998
18035,2025-08-01,4,25,11,54989
18036,2025-08-01,4,26,5,99995
18037,2025-08-01,4,27,1,1299
18038,2025-08-01,4,28,1,1799
18039,2025-08-01,4,29,9,22491
18040,2025-08-01,4,30,10,39990
18041,2025-08-01,4,31,9,17991
18042,2025-08-01,4,32,10,89990
18043,2025-08-01,4,33,1,12999
18044,2025-08-01,4,34,9,170991
18045,2025-08-01,4,35,4,11996
18046,2025-08-01,4,36,5,7495
18047,2025-08-01,4,37,6,13794
18048,2025-08-01,4,38,5,44995
18049,2025-08-01,4,39,10,34990
18050,2025-08-01,4,40,6,3594
18051,2025-08-01,4,41,7,17493
18052,2025-08-01,4,42,1,1799
18053,2025-08-01,4,43,1,1999
18054,2025-08-01,4,44,2,2598
18055,2025-08-01,4,46,2,1598
18056,2025-08-01,4,47,2,6998
18057,2025-08-01,4,48,4,15996
18058,2025-08-01,4,49,8,19992
18059,2025-08-01,4,50,4,5196
18060,2025-08-01,4,51,4,1996
18061,2025-08-01,4,52,3,5997
18062,2025-08-01,4,53,2,1798
18063,2025-08-01,4,54,13,7787
18064,2025-08-01,4,55,7,6293
18065,2025-08-01,4,56,6,4194
18066,2025-08-01,5,1,4,11996
18067,2025-08-01,5,3,2,9998
18068,2025-08-01,5,5,5,6495
18069,2025-08-01,5,6,1,899
18070,2025-08-01,5,7,6,47994
18071,2025-08-01,5,9,2,1198
18072,2025-08-01,5,11,1,2499
18073,2025-08-01,5,12,2,798
18074,2025-08-01,5,14,1,299
18075,2025-08-01,5,15,5,24995
18076,2025-08-01,5,16,3,2397
18077,2025-08-01,5,17,1,3999
18078,2025-08-01,5,18,3,5397
18079,2025-08-01,5,19,6,113994
18080,2025-08-01,5,21,2,4998
18081,2025-08-01,5,22,5,27495
18082,2025-08-01,5,23,3,14997
18083,2025-08-01,5,24,1,3499
18084,2025-08-01,5,25,5,24995
18085,2025-08-01,5,26,2,39998
18086,2025-08-01,5,27,1,1299
18087,2025-08-01,5,28,1,1799
18088,2025-08-01,5,29,5,12495
18089,2025-08-01,5,30,5,19995
18090,2025-08-01,5,31,6,11994
18091,2025-08-01,5,32,3,26997
18092,2025-08-01,5,33,3,38997
18093,2025-08-01,5,34,4,75996
18094,2025-08-01,5,36,3,4497
18095,2025-08-01,5,37,6,13794
18096,2025-08-01,5,38,1,8999
18097,2025-08-01,5,39,4,13996
18098,2025-08-01,5,40,4,2396
18099,2025-08-01,5,41,2,4998
18100,2025-08-01,5,43,2,3998
18101,2025-08-01,5,44,2,2598
18102,2025-08-01,5,45,1,4999
18103,2025-08-01,5,48,2,7998
18104,2025-08-01,5,49,4,9996
18105,2025-08-01,5,50,2,2598
18106,2025-08-01,5,51,2,998
18107,2025-08-01,5,52,2,3998
18108,2025-08-01,5,53,2,1798
18109,2025-08-01,5,54,9,5391
18110,2025-08-01,5,55,3,2697
18111,2025-08-01,5,56,3,2097
18112,2025-08-01,6,1,7,20993
18113,2025-08-01,6,2,1,1999
18114,2025-08-01,6,3,2,9998
18115,2025-08-01,6,4,1,1499
18116,2025-08-01,6,5,8,10392
18117,2025-08-01,6,6,1,899
18118,2025-08-01,6,7,8,63992
18119,2025-08-01,6,9,1,599
18120,2025-08-01,6,11,1,2499
18121,2025-08-01,6,12,5,1995
18122,2025-08-01,6,13,1,499
18123,2025-08-01,6,14,3,897
18124,2025-08-01,6,15,3,14997
18125,2025-08-01,6,16,6,4794
18126,2025-08-01,6,17,1,3999
18127,2025-08-01,6,18,3,5397
18128,2025-08-01,6,19,7,132993
18129,2025-08-01,6,21,7,17493
18130,2025-08-01,6,22,5,27495
18131,2025-08-01,6,23,3,14997
18132,2025-08-01,6,24,1,3499
18133,2025-08-01,6,25,9,44991
18134,2025-08-01,6,26,4,79996
18135,2025-08-01,6,27,2,2598
18136,2025-08-01,6,28,1,1799
18137,2025-08-01,6,29,7,17493
18138,2025-08-01,6,30,4,15996
18139,2025-08-01,6,31,4,7996
18140,2025-08-01,6,32,10,89990
18141,2025-08-01,6,33,4,51996
18142,2025-08-01,6,34,8,151992
18143,2025-08-01,6,35,3,8997
18144,2025-08-01,6,36,6,8994
18145,2025-08-01,6,37,8,18392
18146,2025-08-01,6,38,5,44995
18147,2025-08-01,6,39,11,38489
18148,2025-08-01,6,40,4,2396
18149,2025-08-01,6,41,7,17493
18150,2025-08-01,6,43,2,3998
18151,2025-08-01,6,44,3,3897
18152,2025-08-01,6,45,1,4999
18153,2025-08-01,6,46,2,1598
18154,2025-08-01,6,47,1,3499
18155,2025-08-01,6,48,3,11997
18156,2025-08-01,6,49,3,7497
18157,2025-08-01,6,50,3,3897
18158,2025-08-01,6,51,3,1497
18159,2025-08-01,6,52,2,3998
18160,2025-08-01,6,53,2,1798
18161,2025-08-01,6,54,9,5391
18162,2025-08-01,6,55,8,7192
18163,2025-08-01,6,56,5,3495
18164,2025-08-02,1,1,7,20993
18165,2025-08-02,1,2,1,1999
18166,2025-08-02,1,3,2,9998
18167,2025-08-02,1,4,4,5996
18168,2025-08-02,1,5,15,19485
18169,2025-08-02,1,6,1,899
18170,2025-08-02,1,7,11,87989
18171,2025-08-02,1,8,1,15999
18172,2025-08-02,1,9,8,4792
18173,2025-08-02,1,10,1,299
18174,2025-08-02,1,11,3,7497
18175,2025-08-02,1,12,7,2793
18176,2025-08-02,1,13,1,499
18177,2025-08-02,1,14,2,598
18178,2025-08-02,1,15,3,14997
18179,2025-08-02,1,16,6,4794
18180,2025-08-02,1,17,3,11997
18181,2025-08-02,1,18,6,10794
18182,2025-08-02,1,19,10,189990
18183,2025-08-02,1,21,7,17493
18184,2025-08-02,1,22,9,49491
18185,2025-08-02,1,23,4,19996
18186,2025-08-02,1,24,2,6998
18187,2025-08-02,1,25,14,69986
18188,2025-08-02,1,26,7,139993
18189,2025-08-02,1,27,2,2598
18190,2025-08-02,1,28,1,1799
18191,2025-08-02,1,29,11,27489
18192,2025-08-02,1,30,6,23994
18193,2025-08-02,1,31,10,19990
18194,2025-08-02,1,32,11,98989
18195,2025-08-02,1,33,9,116991
18196,2025-08-02,1,34,13,246987
18197,2025-08-02,1,35,5,14995
18198,2025-08-02,1,36,4,5996
18199,2025-08-02,1,37,13,29887
18200,2025-08-02,1,38,6,53994
18201,2025-08-02,1,39,7,24493
18202,2025-08-02,1,40,6,3594
18203,2025-08-02,1,41,10,24990
18204,2025-08-02,1,42,2,3598
18205,2025-08-02,1,43,4,7996
18206,2025-08-02,1,44,4,5196
18207,2025-08-02,1,45,1,4999
18208,2025-08-02,1,46,3,2397
18209,2025-08-02,1,47,2,6998
18210,2025-08-02,1,48,5,19995
18211,2025-08-02,1,49,7,17493
18212,2025-08-02,1,50,4,5196
18213,2025-08-02,1,51,6,2994
18214,2025-08-02,1,52,3,5997
18215,2025-08-02,1,53,2,1798
18216,2025-08-02,1,54,14,8386
18217,2025-08-02,1,55,10,8990
18218,2025-08-02,1,56,9,6291
18219,2025-08-02,2,1,6,17994
18220,2025-08-02,2,3,1,4999
18221,2025-08-02,2,4,1,1499
18222,2025-08-02,2,5,11,14289
18223,2025-08-02,2,6,2,1798
18224,2025-08-02,2,7,6,47994
18225,2025-08-02,2,8,1,15999
18226,2025-08-02,2,9,6,3594
18227,2025-08-02,2,11,2,4998
18228,2025-08-02,2,12,4,1596
18229,2025-08-02,2,13,1,499
18230,2025-08-02,2,14,3,897
18231,2025-08-02,2,15,6,29994
18232,2025-08-02,2,16,5,3995
18233,2025-08-02,2,17,4,15996
18234,2025-08-02,2,18,8,14392
18235,2025-08-02,2,19,9,170991
18236,2025-08-02,2,21,6,14994
18237,2025-08-02,2,22,5,27495
18238,2025-08-02,2,23,3,14997
18239,2025-08-02,2,24,2,6998
18240,2025-08-02,2,25,14,69986
18241,2025-08-02,2,26,4,79996
18242,2025-08-02,2,27,1,1299
18243,2025-08-02,2,28,1,1799
18244,2025-08-02,2,29,12,29988
18245,2025-08-02,2,30,7,27993
18246,2025-08-02,2,31,8,15992
18247,2025-08-02,2,32,7,62993
18248,2025-08-02,2,33,4,51996
18249,2025-08-02,2,34,11,208989
18250,2025-08-02,2,35,3,8997
18251,2025-08-02,2,36,5,7495
18252,2025-08-02,2,37,5,11495
18253,2025-08-02,2,38,5,44995
18254,2025-08-02,2,39,6,20994
18255,2025-08-02,2,40,4,2396
18256,2025-08-02,2,41,10,24990
18257,2025-08-02,2,43,1,1999
18258,2025-08-02,2,44,3,3897
18259,2025-08-02,2,45,1,4999
18260,2025-08-02,2,46,3,2397
18261,2025-08-02,2,47,1,3499
18262,2025-08-02,2,48,3,11997
18263,2025-08-02,2,49,10,24990
18264,2025-08-02,2,50,5,6495
18265,2025-08-02,2,51,5,2495
18266,2025-08-02,2,52,2,3998
18267,2025-08-02,2,53,1,899
18268,2025-08-02,2,54,13,7787
18269,2025-08-02,2,55,6,5394
18270,2025-08-02,2,56,7,4893
18271,2025-08-02,3,1,4,11996
18272,2025-08-02,3,2,1,1999
18273,2025-08-02,3,3,3,14997
18274,2025-08-02,3,4,2,2998
18275,2025-08-02,3,5,18,23382
18276,2025-08-02,3,7,12,95988
18277,2025-08-02,3,8,1,15999
18278,2025-08-02,3,9,3,1797
18279,2025-08-02,3,12,5,1995
18280,2025-08-02,3,13,1,499
18281,2025-08-02,3,14,2,598
18282,2025-08-02,3,15,4,19996
18283,2025-08-02,3,16,4,3196
18284,2025-08-02,3,17,1,3999
18285,2025-08-02,3,18,4,7196
18286,2025-08-02,3,19,7,132993
18287,2025-08-02,3,21,8,19992
18288,2025-08-02,3,22,5,27495
18289,2025-08-02,3,23,3,14997
18290,2025-08-02,3,24,2,6998
18291,2025-08-02,3,25,8,39992
18292,2025-08-02,3,26,2,39998
18293,2025-08-02,3,27,1,1299
18294,2025-08-02,3,28,1,1799
18295,2025-08-02,3,29,9,22491
18296,2025-08-02,3,30,4,15996
18297,2025-08-02,3,31,10,19990
18298,2025-08-02,3,32,8,71992
18299,2025-08-02,3,33,6,77994
18300,2025-08-02,3,34,8,151992
18301,2025-08-02,3,35,3,8997
18302,2025-08-02,3,36,3,4497
18303,2025-08-02,3,37,11,25289
18304,2025-08-02,3,38,4,35996
18305,2025-08-02,3,39,7,24493
18306,2025-08-02,3,40,4,2396
18307,2025-08-02,3,41,5,12495
18308,2025-08-02,3,42,1,1799
18309,2025-08-02,3,43,1,1999
18310,2025-08-02,3,44,5,6495
18311,2025-08-02,3,45,1,4999
18312,2025-08-02,3,46,3,2397
18313,2025-08-02,3,47,1,3499
18314,2025-08-02,3,48,1,3999
18315,2025-08-02,3,49,9,22491
18316,2025-08-02,3,50,2,2598
18317,2025-08-02,3,51,3,1497
18318,2025-08-02,3,52,2,3998
18319,2025-08-02,3,53,2,1798
18320,2025-08-02,3,54,7,4193
18321,2025-08-02,3,55,5,4495
18322,2025-08-02,3,56,8,5592
18323,2025-08-02,4,1,10,29990
18324,2025-08-02,4,2,1,1999
18325,2025-08-02,4,3,3,14997
18326,2025-08-02,4,4,3,4497
18327,2025-08-02,4,5,11,14289
18328,2025-08-02,4,6,2,1798
18329,2025-08-02,4,7,11,87989
18330,2025-08-02,4,8,1,15999
18331,2025-08-02,4,9,5,2995
18332,2025-08-02,4,10,1,299
18333,2025-08-02,4,11,2,4998
18334,2025-08-02,4,12,5,1995
18335,2025-08-02,4,14,4,1196
18336,2025-08-02,4,15,7,34993
18337,2025-08-02,4,16,8,6392
18338,2025-08-02,4,17,5,19995
18339,2025-08-02,4,18,3,5397
18340,2025-08-02,4,19,7,132993
18341,2025-08-02,4,21,14,34986
18342,2025-08-02,4,22,10,54990
18343,2025-08-02,4,23,6,29994
18344,2025-08-02,4,24,2,6998
18345,2025-08-02,4,25,9,44991
18346,2025-08-02,4,26,9,179991
18347,2025-08-02,4,29,11,27489
18348,2025-08-02,4,30,11,43989
18349,2025-08-02,4,31,12,23988
18350,2025-08-02,4,32,13,116987
18351,2025-08-02,4,33,7,90993
18352,2025-08-02,4,34,12,227988
18353,2025-08-02,4,35,2,5998
18354,2025-08-02,4,36,6,8994
18355,2025-08-02,4,37,7,16093
18356,2025-08-02,4,38,7,62993
18357,2025-08-02,4,39,14,48986
18358,2025-08-02,4,40,7,4193
18359,2025-08-02,4,41,12,29988
18360,2025-08-02,4,42,1,1799
18361,2025-08-02,4,43,3,5997
18362,2025-08-02,4,44,4,5196
18363,2025-08-02,4,45,2,9998
18364,2025-08-02,4,46,2,1598
18365,2025-08-02,4,47,1,3499
18366,2025-08-02,4,48,1,3999
18367,2025-08-02,4,49,13,32487
18368,2025-08-02,4,50,6,7794
18369,2025-08-02,4,51,4,1996
18370,2025-08-02,4,52,2,3998
18371,2025-08-02,4,53,4,3596
18372,2025-08-02,4,54,14,8386
18373,2025-08-02,4,55,8,7192
18374,2025-08-02,4,56,10,6990
18375,2025-08-02,5,1,7,20993
18376,2025-08-02,5,3,2,9998
18377,2025-08-02,5,4,2,2998
18378,2025-08-02,5,5,9,11691
18379,2025-08-02,5,6,1,899
18380,2025-08-02,5,7,7,55993
18381,2025-08-02,5,8,1,15999
18382,2025-08-02,5,9,5,2995
18383,2025-08-02,5,11,1,2499
18384,2025-08-02,5,12,6,2394
18385,2025-08-02,5,14,3,897
18386,2025-08-02,5,15,5,24995
18387,2025-08-02,5,16,5,3995
18388,2025-08-02,5,17,1,3999
18389,2025-08-02,5,18,6,10794
18390,2025-08-02,5,19,10,189990
18391,2025-08-02,5,21,8,19992
18392,2025-08-02,5,22,3,16497
18393,2025-08-02,5,23,3,14997
18394,2025-08-02,5,24,1,3499
18395,2025-08-02,5,25,10,49990
18396,2025-08-02,5,26,2,39998
18397,2025-08-02,5,27,2,2598
18398,2025-08-02,5,28,1,1799
18399,2025-08-02,5,29,5,12495
18400,2025-08-02,5,30,4,15996
18401,2025-08-02,5,31,9,17991
18402,2025-08-02,5,32,6,53994
18403,2025-08-02,5,33,4,51996
18404,2025-08-02,5,34,11,208989
18405,2025-08-02,5,35,4,11996
18406,2025-08-02,5,36,4,5996
18407,2025-08-02,5,37,5,11495
18408,2025-08-02,5,38,6,53994
18409,2025-08-02,5,39,10,34990
18410,2025-08-02,5,40,4,2396
18411,2025-08-02,5,41,6,14994
18412,2025-08-02,5,42,1,1799
18413,2025-08-02,5,43,2,3998
18414,2025-08-02,5,45,1,4999
18415,2025-08-02,5,46,2,1598
18416,2025-08-02,5,47,2,6998
18417,2025-08-02,5,48,1,3999
18418,2025-08-02,5,49,6,14994
18419,2025-08-02,5,50,4,5196
18420,2025-08-02,5,51,3,1497
18421,2025-08-02,5,52,3,5997
18422,2025-08-02,5,53,1,899
18423,2025-08-02,5,54,7,4193
18424,2025-08-02,5,55,5,4495
18425,2025-08-02,5,56,2,1398
18426,2025-08-02,6,1,8,23992
18427,2025-08-02,6,3,2,9998
18428,2025-08-02,6,4,3,4497
18429,2025-08-02,6,5,19,24681
18430,2025-08-02,6,6,1,899
18431,2025-08-02,6,7,9,71991
18432,2025-08-02,6,8,1,15999
18433,2025-08-02,6,9,6,3594
18434,2025-08-02,6,10,1,299
18435,2025-08-02,6,11,4,9996
18436,2025-08-02,6,12,3,1197
18437,2025-08-02,6,13,1,499
18438,2025-08-02,6,14,3,897
18439,2025-08-02,6,15,3,14997
18440,2025-08-02,6,16,7,5593
18441,2025-08-02,6,17,2,7998
18442,2025-08-02,6,18,3,5397
18443,2025-08-02,6,19,12,227988
18444,2025-08-02,6,21,7,17493
18445,2025-08-02,6,22,8,43992
18446,2025-08-02,6,23,6,29994
18447,2025-08-02,6,24,3,10497
18448,2025-08-02,6,25,13,64987
18449,2025-08-02,6,26,5,99995
18450,2025-08-02,6,27,1,1299
18451,2025-08-02,6,28,2,3598
18452,2025-08-02,6,29,12,29988
18453,2025-08-02,6,30,9,35991
18454,2025-08-02,6,31,14,27986
18455,2025-08-02,6,32,7,62993
18456,2025-08-02,6,33,2,25998
18457,2025-08-02,6,34,16,303984
18458,2025-08-02,6,35,3,8997
18459,2025-08-02,6,36,7,10493
18460,2025-08-02,6,37,9,20691
18461,2025-08-02,6,38,4,35996
18462,2025-08-02,6,39,7,24493
18463,2025-08-02,6,40,4,2396
18464,2025-08-02,6,41,8,19992
18465,2025-08-02,6,42,1,1799
18466,2025-08-02,6,43,3,5997
18467,2025-08-02,6,44,4,5196
18468,2025-08-02,6,45,1,4999
18469,2025-08-02,6,46,2,1598
18470,2025-08-02,6,47,1,3499
18471,2025-08-02,6,48,3,11997
18472,2025-08-02,6,49,12,29988
18473,2025-08-02,6,50,3,3897
18474,2025-08-02,6,51,5,2495
18475,2025-08-02,6,52,3,5997
18476,2025-08-02,6,53,2,1798
18477,2025-08-02,6,54,11,6589
18478,2025-08-02,6,55,9,8091
18479,2025-08-02,6,56,6,4194
18480,2025-08-03,1,1,18,53982
18481,2025-08-03,1,3,4,19996
18482,2025-08-03,1,4,4,5996
18483,2025-08-03,1,5,20,25980
18484,2025-08-03,1,6,3,2697
18485,2025-08-03,1,7,16,127984
18486,2025-08-03,1,8,1,15999
18487,2025-08-03,1,9,4,2396
18488,2025-08-03,1,10,1,299
18489,2025-08-03,1,11,3,7497
18490,2025-08-03,1,12,8,3192
18491,2025-08-03,1,14,3,897
18492,2025-08-03,1,15,8,39992
18493,2025-08-03,1,16,6,4794
18494,2025-08-03,1,17,2,7998
18495,2025-08-03,1,18,7,12593
18496,2025-08-03,1,19,14,265986
18497,2025-08-03,1,21,10,24990
18498,2025-08-03,1,22,11,60489
18499,2025-08-03,1,23,4,19996
18500,2025-08-03,1,24,2,6998
18501,2025-08-03,1,25,13,64987
18502,2025-08-03,1,26,6,119994
18503,2025-08-03,1,27,2,2598
18504,2025-08-03,1,28,1,1799
18505,2025-08-03,1,29,4,9996
18506,2025-08-03,1,30,13,51987
18507,2025-08-03,1,31,9,17991
18508,2025-08-03,1,32,4,35996
18509,2025-08-03,1,33,8,103992
18510,2025-08-03,1,34,14,265986
18511,2025-08-03,1,35,5,14995
18512,2025-08-03,1,36,10,14990
18513,2025-08-03,1,37,8,18392
18514,2025-08-03,1,38,7,62993
18515,2025-08-03,1,39,7,24493
18516,2025-08-03,1,40,6,3594
18517,2025-08-03,1,41,7,17493
18518,2025-08-03,1,43,5,9995
18519,2025-08-03,1,44,4,5196
18520,2025-08-03,1,45,1,4999
18521,2025-08-03,1,46,2,1598
18522,2025-08-03,1,47,2,6998
18523,2025-08-03,1,48,5,19995
18524,2025-08-03,1,49,5,12495
18525,2025-08-03,1,50,2,2598
18526,2025-08-03,1,51,5,2495
18527,2025-08-03,1,52,4,7996
18528,2025-08-03,1,53,4,3596
18529,2025-08-03,1,54,13,7787
18530,2025-08-03,1,55,4,3596
18531,2025-08-03,1,56,5,3495
18532,2025-08-03,2,1,5,14995
18533,2025-08-03,2,3,4,19996
18534,2025-08-03,2,4,2,2998
18535,2025-08-03,2,5,13,16887
18536,2025-08-03,2,6,2,1798
18537,2025-08-03,2,7,9,71991
18538,2025-08-03,2,8,1,15999
18539,2025-08-03,2,9,2,1198
18540,2025-08-03,2,10,1,299
18541,2025-08-03,2,11,4,9996
18542,2025-08-03,2,12,7,2793
18543,2025-08-03,2,14,3,897
18544,2025-08-03,2,15,6,29994
18545,2025-08-03,2,16,4,3196
18546,2025-08-03,2,17,2,7998
18547,2025-08-03,2,18,5,8995
18548,2025-08-03,2,19,8,151992
18549,2025-08-03,2,21,10,24990
18550,2025-08-03,2,22,10,54990
18551,2025-08-03,2,23,4,19996
18552,2025-08-03,2,24,2,6998
18553,2025-08-03,2,25,9,44991
18554,2025-08-03,2,26,3,59997
18555,2025-08-03,2,27,1,1299
18556,2025-08-03,2,28,1,1799
18557,2025-08-03,2,29,8,19992
18558,2025-08-03,2,30,5,19995
18559,2025-08-03,2,31,7,13993
18560,2025-08-03,2,32,8,71992
18561,2025-08-03,2,33,6,77994
18562,2025-08-03,2,34,6,113994
18563,2025-08-03,2,35,3,8997
18564,2025-08-03,2,36,6,8994
18565,2025-08-03,2,37,4,9196
18566,2025-08-03,2,38,7,62993
18567,2025-08-03,2,39,7,24493
18568,2025-08-03,2,40,6,3594
18569,2025-08-03,2,41,11,27489
18570,2025-08-03,2,42,1,1799
18571,2025-08-03,2,43,2,3998
18572,2025-08-03,2,44,3,3897
18573,2025-08-03,2,45,1,4999
18574,2025-08-03,2,47,2,6998
18575,2025-08-03,2,48,4,15996
18576,2025-08-03,2,49,8,19992
18577,2025-08-03,2,50,4,5196
18578,2025-08-03,2,51,5,2495
18579,2025-08-03,2,52,1,1999
18580,2025-08-03,2,53,2,1798
18581,2025-08-03,2,54,4,2396
18582,2025-08-03,2,55,5,4495
18583,2025-08-03,2,56,10,6990
18584,2025-08-03,3,1,5,14995
18585,2025-08-03,3,3,1,4999
18586,2025-08-03,3,4,3,4497
18587,2025-08-03,3,5,3,3897
18588,2025-08-03,3,6,1,899
18589,2025-08-03,3,7,6,47994
18590,2025-08-03,3,9,6,3594
18591,2025-08-03,3,10,1,299
18592,2025-08-03,3,11,2,4998
18593,2025-08-03,3,12,3,1197
18594,2025-08-03,3,14,2,598
18595,2025-08-03,3,15,4,19996
18596,2025-08-03,3,16,4,3196
18597,2025-08-03,3,17,2,7998
18598,2025-08-03,3,18,5,8995
18599,2025-08-03,3,19,8,151992
18600,2025-08-03,3,21,9,22491
18601,2025-08-03,3,22,4,21996
18602,2025-08-03,3,23,2,9998
18603,2025-08-03,3,24,3,10497
18604,2025-08-03,3,25,10,49990
18605,2025-08-03,3,26,4,79996
18606,2025-08-03,3,27,1,1299
18607,2025-08-03,3,29,9,22491
18608,2025-08-03,3,30,5,19995
18609,2025-08-03,3,31,7,13993
18610,2025-08-03,3,32,4,35996
18611,2025-08-03,3,33,5,64995
18612,2025-08-03,3,34,10,189990
18613,2025-08-03,3,35,3,8997
18614,2025-08-03,3,36,4,5996
18615,2025-08-03,3,37,4,9196
18616,2025-08-03,3,38,5,44995
18617,2025-08-03,3,39,4,13996
18618,2025-08-03,3,40,6,3594
18619,2025-08-03,3,41,9,22491
18620,2025-08-03,3,43,2,3998
18621,2025-08-03,3,44,2,2598
18622,2025-08-03,3,46,2,1598
18623,2025-08-03,3,47,1,3499
18624,2025-08-03,3,48,5,19995
18625,2025-08-03,3,49,4,9996
18626,2025-08-03,3,50,3,3897
18627,2025-08-03,3,51,3,1497
18628,2025-08-03,3,52,2,3998
18629,2025-08-03,3,53,2,1798
18630,2025-08-03,3,54,9,5391
18631,2025-08-03,3,55,4,3596
18632,2025-08-03,3,56,6,4194
18633,2025-08-03,4,1,8,23992
18634,2025-08-03,4,3,4,19996
18635,2025-08-03,4,4,5,7495
18636,2025-08-03,4,5,10,12990
18637,2025-08-03,4,6,3,2697
18638,2025-08-03,4,7,9,71991
18639,2025-08-03,4,8,2,31998
18640,2025-08-03,4,9,5,2995
18641,2025-08-03,4,11,3,7497
18642,2025-08-03,4,12,6,2394
18643,2025-08-03,4,14,3,897
18644,2025-08-03,4,15,8,39992
18645,2025-08-03,4,16,7,5593
18646,2025-08-03,4,17,3,11997
18647,2025-08-03,4,18,8,14392
18648,2025-08-03,4,19,11,208989
18649,2025-08-03,4,20,1,1299
18650,2025-08-03,4,21,13,32487
18651,2025-08-03,4,22,10,54990
18652,2025-08-03,4,23,6,29994
18653,2025-08-03,4,24,3,10497
18654,2025-08-03,4,25,10,49990
18655,2025-08-03,4,26,7,139993
18656,2025-08-03,4,27,2,2598
18657,2025-08-03,4,28,2,3598
18658,2025-08-03,4,29,18,44982
18659,2025-08-03,4,30,8,31992
18660,2025-08-03,4,31,10,19990
18661,2025-08-03,4,32,10,89990
18662,2025-08-03,4,33,8,103992
18663,2025-08-03,4,34,12,227988
18664,2025-08-03,4,35,8,23992
18665,2025-08-03,4,36,8,11992
18666,2025-08-03,4,37,9,20691
18667,2025-08-03,4,38,13,116987
18668,2025-08-03,4,39,12,41988
18669,2025-08-03,4,40,10,5990
18670,2025-08-03,4,41,12,29988
18671,2025-08-03,4,42,1,1799
18672,2025-08-03,4,43,1,1999
18673,2025-08-03,4,44,6,7794
18674,2025-08-03,4,45,1,4999
18675,2025-08-03,4,46,2,1598
18676,2025-08-03,4,47,1,3499
18677,2025-08-03,4,48,2,7998
18678,2025-08-03,4,49,7,17493
18679,2025-08-03,4,50,6,7794
18680,2025-08-03,4,51,5,2495
18681,2025-08-03,4,52,3,5997
18682,2025-08-03,4,53,3,2697
18683,2025-08-03,4,54,11,6589
18684,2025-08-03,4,55,6,5394
18685,2025-08-03,4,56,8,5592
18686,2025-08-03,5,1,1,2999
18687,2025-08-03,5,3,3,14997
18688,2025-08-03,5,4,1,1499
18689,2025-08-03,5,5,10,12990
18690,2025-08-03,5,6,1,899
18691,2025-08-03,5,7,9,71991
18692,2025-08-03,5,8,1,15999
18693,2025-08-03,5,9,3,1797
18694,2025-08-03,5,11,1,2499
18695,2025-08-03,5,12,2,798
18696,2025-08-03,5,13,1,499
18697,2025-08-03,5,14,2,598
18698,2025-08-03,5,15,6,29994
18699,2025-08-03,5,16,2,1598
18700,2025-08-03,5,17,2,7998
18701,2025-08-03,5,18,7,12593
18702,2025-08-03,5,19,3,56997
18703,2025-08-03,5,21,7,17493
18704,2025-08-03,5,22,9,49491
18705,2025-08-03,5,23,3,14997
18706,2025-08-03,5,24,1,3499
18707,2025-08-03,5,25,9,44991
18708,2025-08-03,5,26,3,59997
18709,2025-08-03,5,27,1,1299
18710,2025-08-03,5,28,1,1799
18711,2025-08-03,5,29,10,24990
18712,2025-08-03,5,30,5,19995
18713,2025-08-03,5,31,8,15992
18714,2025-08-03,5,32,10,89990
18715,2025-08-03,5,33,4,51996
18716,2025-08-03,5,34,6,113994
18717,2025-08-03,5,35,2,5998
18718,2025-08-03,5,36,4,5996
18719,2025-08-03,5,37,10,22990
18720,2025-08-03,5,38,5,44995
18721,2025-08-03,5,39,7,24493
18722,2025-08-03,5,40,6,3594
18723,2025-08-03,5,41,4,9996
18724,2025-08-03,5,43,2,3998
18725,2025-08-03,5,44,2,2598
18726,2025-08-03,5,45,1,4999
18727,2025-08-03,5,46,1,799
18728,2025-08-03,5,47,1,3499
18729,2025-08-03,5,48,4,15996
18730,2025-08-03,5,49,7,17493
18731,2025-08-03,5,50,2,2598
18732,2025-08-03,5,51,4,1996
18733,2025-08-03,5,52,1,1999
18734,2025-08-03,5,53,2,1798
18735,2025-08-03,5,54,10,5990
18736,2025-08-03,5,55,5,4495
18737,2025-08-03,5,56,6,4194
18738,2025-08-03,6,1,7,20993
18739,2025-08-03,6,3,3,14997
18740,2025-08-03,6,4,2,2998
18741,2025-08-03,6,5,12,15588
18742,2025-08-03,6,6,1,899
18743,2025-08-03,6,7,14,111986
18744,2025-08-03,6,8,1,15999
18745,2025-08-03,6,9,4,2396
18746,2025-08-03,6,11,3,7497
18747,2025-08-03,6,12,3,1197
18748,2025-08-03,6,14,4,1196
18749,2025-08-03,6,15,7,34993
18750,2025-08-03,6,16,5,3995
18751,2025-08-03,6,17,3,11997
18752,2025-08-03,6,18,8,14392
18753,2025-08-03,6,19,16,303984
18754,2025-08-03,6,20,1,1299
18755,2025-08-03,6,21,16,39984
18756,2025-08-03,6,22,9,49491
18757,2025-08-03,6,23,4,19996
18758,2025-08-03,6,24,2,6998
18759,2025-08-03,6,25,8,39992
18760,2025-08-03,6,26,7,139993
18761,2025-08-03,6,27,2,2598
18762,2025-08-03,6,28,3,5397
18763,2025-08-03,6,29,11,27489
18764,2025-08-03,6,30,10,39990
18765,2025-08-03,6,31,7,13993
18766,2025-08-03,6,32,8,71992
18767,2025-08-03,6,33,6,77994
18768,2025-08-03,6,34,10,189990
18769,2025-08-03,6,35,4,11996
18770,2025-08-03,6,36,6,8994
18771,2025-08-03,6,37,8,18392
18772,2025-08-03,6,38,9,80991
18773,2025-08-03,6,39,5,17495
18774,2025-08-03,6,40,5,2995
18775,2025-08-03,6,41,10,24990
18776,2025-08-03,6,42,1,1799
18777,2025-08-03,6,43,3,5997
18778,2025-08-03,6,44,5,6495
18779,2025-08-03,6,45,1,4999
18780,2025-08-03,6,46,2,1598
18781,2025-08-03,6,47,1,3499
18782,2025-08-03,6,48,5,19995
18783,2025-08-03,6,49,7,17493
18784,2025-08-03,6,50,4,5196
18785,2025-08-03,6,51,3,1497
18786,2025-08-03,6,52,2,3998
18787,2025-08-03,6,53,4,3596
18788,2025-08-03,6,54,13,7787
18789,2025-08-03,6,55,9,8091
18790,2025-08-03,6,56,6,4194
18791,2025-08-04,1,1,13,38987
18792,2025-08-04,1,3,2,9998
18793,2025-08-04,1,4,2,2998
18794,2025-08-04,1,5,18,23382
18795,2025-08-04,1,6,1,899
18796,2025-08-04,1,7,7,55993
18797,2025-08-04,1,8,1,15999
18798,2025-08-04,1,9,1,599
18799,2025-08-04,1,10,1,299
18800,2025-08-04,1,11,1,2499
18801,2025-08-04,1,12,4,1596
18802,2025-08-04,1,13,1,499
18803,2025-08-04,1,14,2,598
18804,2025-08-04,1,15,2,9998
18805,2025-08-04,1,16,4,3196
18806,2025-08-04,1,17,1,3999
18807,2025-08-04,1,18,7,12593
18808,2025-08-04,1,19,5,94995
18809,2025-08-04,1,21,9,22491
18810,2025-08-04,1,22,8,43992
18811,2025-08-04,1,23,5,24995
18812,2025-08-04,1,24,2,6998
18813,2025-08-04,1,25,7,34993
18814,2025-08-04,1,26,5,99995
18815,2025-08-04,1,27,1,1299
18816,2025-08-04,1,28,1,1799
18817,2025-08-04,1,29,7,17493
18818,2025-08-04,1,30,8,31992
18819,2025-08-04,1,31,4,7996
18820,2025-08-04,1,32,7,62993
18821,2025-08-04,1,33,5,64995
18822,2025-08-04,1,34,9,170991
18823,2025-08-04,1,35,2,5998
18824,2025-08-04,1,36,5,7495
18825,2025-08-04,1,37,9,20691
18826,2025-08-04,1,38,5,44995
18827,2025-08-04,1,39,7,24493
18828,2025-08-04,1,40,6,3594
18829,2025-08-04,1,41,6,14994
18830,2025-08-04,1,43,2,3998
18831,2025-08-04,1,44,3,3897
18832,2025-08-04,1,45,1,4999
18833,2025-08-04,1,46,2,1598
18834,2025-08-04,1,47,1,3499
18835,2025-08-04,1,48,2,7998
18836,2025-08-04,1,49,8,19992
18837,2025-08-04,1,50,4,5196
18838,2025-08-04,1,51,5,2495
18839,2025-08-04,1,52,3,5997
18840,2025-08-04,1,53,3,2697
18841,2025-08-04,1,54,12,7188
18842,2025-08-04,1,55,8,7192
18843,2025-08-04,1,56,3,2097
18844,2025-08-04,2,1,5,14995
18845,2025-08-04,2,3,2,9998
18846,2025-08-04,2,4,2,2998
18847,2025-08-04,2,5,7,9093
18848,2025-08-04,2,6,1,899
18849,2025-08-04,2,7,6,47994
18850,2025-08-04,2,8,1,15999
18851,2025-08-04,2,9,3,1797
18852,2025-08-04,2,11,1,2499
18853,2025-08-04,2,12,2,798
18854,2025-08-04,2,14,1,299
18855,2025-08-04,2,15,7,34993
18856,2025-08-04,2,16,4,3196
18857,2025-08-04,2,17,1,3999
18858,2025-08-04,2,18,3,5397
18859,2025-08-04,2,19,7,132993
18860,2025-08-04,2,21,8,19992
18861,2025-08-04,2,22,6,32994
18862,2025-08-04,2,23,2,9998
18863,2025-08-04,2,24,1,3499
18864,2025-08-04,2,25,4,19996
18865,2025-08-04,2,26,3,59997
18866,2025-08-04,2,27,1,1299
18867,2025-08-04,2,28,2,3598
18868,2025-08-04,2,29,5,12495
18869,2025-08-04,2,30,6,23994
18870,2025-08-04,2,31,3,5997
18871,2025-08-04,2,32,6,53994
18872,2025-08-04,2,33,3,38997
18873,2025-08-04,2,34,7,132993
18874,2025-08-04,2,35,2,5998
18875,2025-08-04,2,36,1,1499
18876,2025-08-04,2,37,4,9196
18877,2025-08-04,2,38,5,44995
18878,2025-08-04,2,39,6,20994
18879,2025-08-04,2,40,2,1198
18880,2025-08-04,2,41,5,12495
18881,2025-08-04,2,43,1,1999
18882,2025-08-04,2,44,1,1299
18883,2025-08-04,2,45,1,4999
18884,2025-08-04,2,46,1,799
18885,2025-08-04,2,47,1,3499
18886,2025-08-04,2,48,2,7998
18887,2025-08-04,2,49,2,4998
18888,2025-08-04,2,50,3,3897
18889,2025-08-04,2,51,3,1497
18890,2025-08-04,2,52,2,3998
18891,2025-08-04,2,53,3,2697
18892,2025-08-04,2,54,7,4193
18893,2025-08-04,2,55,7,6293
18894,2025-08-04,2,56,9,6291
18895,2025-08-04,3,1,4,11996
18896,2025-08-04,3,3,2,9998
18897,2025-08-04,3,4,1,1499
18898,2025-08-04,3,5,10,12990
18899,2025-08-04,3,6,2,1798
18900,2025-08-04,3,7,6,47994
18901,2025-08-04,3,8,1,15999
18902,2025-08-04,3,9,1,599
18903,2025-08-04,3,11,1,2499
18904,2025-08-04,3,12,3,1197
18905,2025-08-04,3,14,1,299
18906,2025-08-04,3,15,6,29994
18907,2025-08-04,3,16,7,5593
18908,2025-08-04,3,17,1,3999
18909,2025-08-04,3,18,1,1799
18910,2025-08-04,3,19,6,113994
18911,2025-08-04,3,21,6,14994
18912,2025-08-04,3,22,5,27495
18913,2025-08-04,3,23,3,14997
18914,2025-08-04,3,25,10,49990
18915,2025-08-04,3,26,4,79996
18916,2025-08-04,3,27,1,1299
18917,2025-08-04,3,29,7,17493
18918,2025-08-04,3,30,3,11997
18919,2025-08-04,3,31,8,15992
18920,2025-08-04,3,32,8,71992
18921,2025-08-04,3,33,1,12999
18922,2025-08-04,3,34,7,132993
18923,2025-08-04,3,35,3,8997
18924,2025-08-04,3,36,3,4497
18925,2025-08-04,3,37,4,9196
18926,2025-08-04,3,38,5,44995
18927,2025-08-04,3,39,4,13996
18928,2025-08-04,3,40,3,1797
18929,2025-08-04,3,41,1,2499
18930,2025-08-04,3,43,1,1999
18931,2025-08-04,3,44,1,1299
18932,2025-08-04,3,46,1,799
18933,2025-08-04,3,47,1,3499
18934,2025-08-04,3,48,1,3999
18935,2025-08-04,3,49,8,19992
18936,2025-08-04,3,50,3,3897
18937,2025-08-04,3,51,4,1996
18938,2025-08-04,3,52,1,1999
18939,2025-08-04,3,53,1,899
18940,2025-08-04,3,54,6,3594
18941,2025-08-04,3,55,2,1798
18942,2025-08-04,3,56,4,2796
18943,2025-08-04,4,1,3,8997
18944,2025-08-04,4,2,1,1999
18945,2025-08-04,4,3,4,19996
18946,2025-08-04,4,4,3,4497
18947,2025-08-04,4,5,14,18186
18948,2025-08-04,4,6,2,1798
18949,2025-08-04,4,7,10,79990
18950,2025-08-04,4,8,1,15999
18951,2025-08-04,4,9,7,4193
18952,2025-08-04,4,11,1,2499
18953,2025-08-04,4,12,9,3591
18954,2025-08-04,4,14,3,897
18955,2025-08-04,4,15,5,24995
18956,2025-08-04,4,16,4,3196
18957,2025-08-04,4,17,4,15996
18958,2025-08-04,4,18,7,12593
18959,2025-08-04,4,19,7,132993
18960,2025-08-04,4,21,8,19992
18961,2025-08-04,4,22,6,32994
18962,2025-08-04,4,23,5,24995
18963,2025-08-04,4,24,2,6998
18964,2025-08-04,4,25,10,49990
18965,2025-08-04,4,26,3,59997
18966,2025-08-04,4,27,1,1299
18967,2025-08-04,4,28,1,1799
18968,2025-08-04,4,30,8,31992
18969,2025-08-04,4,31,10,19990
18970,2025-08-04,4,32,10,89990
18971,2025-08-04,4,33,4,51996
18972,2025-08-04,4,34,7,132993
18973,2025-08-04,4,35,7,20993
18974,2025-08-04,4,36,6,8994
18975,2025-08-04,4,37,7,16093
18976,2025-08-04,4,38,7,62993
18977,2025-08-04,4,39,8,27992
18978,2025-08-04,4,40,4,2396
18979,2025-08-04,4,41,5,12495
18980,2025-08-04,4,42,1,1799
18981,2025-08-04,4,43,2,3998
18982,2025-08-04,4,44,3,3897
18983,2025-08-04,4,46,3,2397
18984,2025-08-04,4,48,3,11997
18985,2025-08-04,4,49,8,19992
18986,2025-08-04,4,50,4,5196
18987,2025-08-04,4,51,6,2994
18988,2025-08-04,4,52,2,3998
18989,2025-08-04,4,53,3,2697
18990,2025-08-04,4,54,1,599
18991,2025-08-04,4,55,5,4495
18992,2025-08-04,4,56,8,5592
18993,2025-08-04,5,1,3,8997
18994,2025-08-04,5,3,2,9998
18995,2025-08-04,5,4,1,1499
18996,2025-08-04,5,5,5,6495
18997,2025-08-04,5,6,1,899
18998,2025-08-04,5,7,4,31996
18999,2025-08-04,5,8,1,15999
19000,2025-08-04,5,9,2,1198
19001,2025-08-04,5,11,1,2499
19002,2025-08-04,5,12,2,798
19003,2025-08-04,5,14,1,299
19004,2025-08-04,5,15,5,24995
19005,2025-08-04,5,16,3,2397
19006,2025-08-04,5,17,1,3999
19007,2025-08-04,5,18,3,5397
19008,2025-08-04,5,19,4,75996
19009,2025-08-04,5,21,6,14994
19010,2025-08-04,5,22,3,16497
19011,2025-08-04,5,23,2,9998
19012,2025-08-04,5,24,1,3499
19013,2025-08-04,5,25,5,24995
19014,2025-08-04,5,26,2,39998
19015,2025-08-04,5,28,1,1799
19016,2025-08-04,5,29,3,7497
19017,2025-08-04,5,30,4,15996
19018,2025-08-04,5,31,7,13993
19019,2025-08-04,5,32,7,62993
19020,2025-08-04,5,33,3,38997
19021,2025-08-04,5,34,6,113994
19022,2025-08-04,5,35,2,5998
19023,2025-08-04,5,36,4,5996
19024,2025-08-04,5,37,6,13794
19025,2025-08-04,5,38,8,71992
19026,2025-08-04,5,39,4,13996
19027,2025-08-04,5,40,4,2396
19028,2025-08-04,5,41,5,12495
19029,2025-08-04,5,42,1,1799
19030,2025-08-04,5,43,1,1999
19031,2025-08-04,5,44,2,2598
19032,2025-08-04,5,45,1,4999
19033,2025-08-04,5,46,2,1598
19034,2025-08-04,5,48,1,3999
19035,2025-08-04,5,49,3,7497
19036,2025-08-04,5,50,3,3897
19037,2025-08-04,5,51,3,1497
19038,2025-08-04,5,52,2,3998
19039,2025-08-04,5,53,1,899
19040,2025-08-04,5,54,6,3594
19041,2025-08-04,5,55,3,2697
19042,2025-08-04,5,56,2,1398
19043,2025-08-04,6,1,5,14995
19044,2025-08-04,6,3,2,9998
19045,2025-08-04,6,4,1,1499
19046,2025-08-04,6,5,6,7794
19047,2025-08-04,6,6,2,1798
19048,2025-08-04,6,7,7,55993
19049,2025-08-04,6,8,1,15999
19050,2025-08-04,6,9,4,2396
19051,2025-08-04,6,10,1,299
19052,2025-08-04,6,11,2,4998
19053,2025-08-04,6,12,3,1197
19054,2025-08-04,6,14,2,598
19055,2025-08-04,6,15,6,29994
19056,2025-08-04,6,16,6,4794
19057,2025-08-04,6,17,2,7998
19058,2025-08-04,6,18,9,16191
19059,2025-08-04,6,19,6,113994
19060,2025-08-04,6,21,9,22491
19061,2025-08-04,6,22,6,32994
19062,2025-08-04,6,23,3,14997
19063,2025-08-04,6,24,2,6998
19064,2025-08-04,6,25,7,34993
19065,2025-08-04,6,26,4,79996
19066,2025-08-04,6,27,1,1299
19067,2025-08-04,6,28,1,1799
19068,2025-08-04,6,29,8,19992
19069,2025-08-04,6,30,7,27993
19070,2025-08-04,6,31,3,5997
19071,2025-08-04,6,32,8,71992
19072,2025-08-04,6,33,4,51996
19073,2025-08-04,6,34,7,132993
19074,2025-08-04,6,35,1,2999
19075,2025-08-04,6,36,6,8994
19076,2025-08-04,6,37,8,18392
19077,2025-08-04,6,38,5,44995
19078,2025-08-04,6,39,7,24493
19079,2025-08-04,6,40,5,2995
19080,2025-08-04,6,41,7,17493
19081,2025-08-04,6,43,3,5997
19082,2025-08-04,6,44,4,5196
19083,2025-08-04,6,45,1,4999
19084,2025-08-04,6,46,3,2397
19085,2025-08-04,6,47,1,3499
19086,2025-08-04,6,48,3,11997
19087,2025-08-04,6,49,3,7497
19088,2025-08-04,6,50,4,5196
19089,2025-08-04,6,51,3,1497
19090,2025-08-04,6,52,3,5997
19091,2025-08-04,6,53,3,2697
19092,2025-08-04,6,54,9,5391
19093,2025-08-04,6,55,7,6293
19094,2025-08-04,6,56,7,4893
19095,2025-08-05,1,1,11,32989
19096,2025-08-05,1,2,1,1999
19097,2025-08-05,1,3,3,14997
19098,2025-08-05,1,4,3,4497
19099,2025-08-05,1,5,16,20784
19100,2025-08-05,1,6,1,899
19101,2025-08-05,1,7,7,55993
19102,2025-08-05,1,8,1,15999
19103,2025-08-05,1,9,5,2995
19104,2025-08-05,1,10,1,299
19105,2025-08-05,1,11,3,7497
19106,2025-08-05,1,12,5,1995
19107,2025-08-05,1,14,2,598
19108,2025-08-05,1,15,3,14997
19109,2025-08-05,1,16,6,4794
19110,2025-08-05,1,17,2,7998
19111,2025-08-05,1,18,5,8995
19112,2025-08-05,1,19,9,170991
19113,2025-08-05,1,21,9,22491
19114,2025-08-05,1,22,9,49491
19115,2025-08-05,1,23,3,14997
19116,2025-08-05,1,25,12,59988
19117,2025-08-05,1,26,4,79996
19118,2025-08-05,1,27,2,2598
19119,2025-08-05,1,28,2,3598
19120,2025-08-05,1,29,8,19992
19121,2025-08-05,1,30,10,39990
19122,2025-08-05,1,31,10,19990
19123,2025-08-05,1,32,9,80991
19124,2025-08-05,1,33,5,64995
19125,2025-08-05,1,34,8,151992
19126,2025-08-05,1,35,2,5998
19127,2025-08-05,1,36,7,10493
19128,2025-08-05,1,37,8,18392
19129,2025-08-05,1,38,5,44995
19130,2025-08-05,1,39,12,41988
19131,2025-08-05,1,40,4,2396
19132,2025-08-05,1,41,2,4998
19133,2025-08-05,1,42,1,1799
19134,2025-08-05,1,43,2,3998
19135,2025-08-05,1,44,2,2598
19136,2025-08-05,1,45,1,4999
19137,2025-08-05,1,46,2,1598
19138,2025-08-05,1,47,1,3499
19139,2025-08-05,1,48,3,11997
19140,2025-08-05,1,49,4,9996
19141,2025-08-05,1,50,4,5196
19142,2025-08-05,1,51,4,1996
19143,2025-08-05,1,52,1,1999
19144,2025-08-05,1,53,2,1798
19145,2025-08-05,1,54,10,5990
19146,2025-08-05,1,55,9,8091
19147,2025-08-05,1,56,6,4194
19148,2025-08-05,2,1,3,8997
19149,2025-08-05,2,3,3,14997
19150,2025-08-05,2,4,2,2998
19151,2025-08-05,2,5,16,20784
19152,2025-08-05,2,6,1,899
19153,2025-08-05,2,7,3,23997
19154,2025-08-05,2,8,1,15999
19155,2025-08-05,2,9,3,1797
19156,2025-08-05,2,10,1,299
19157,2025-08-05,2,11,2,4998
19158,2025-08-05,2,12,5,1995
19159,2025-08-05,2,14,2,598
19160,2025-08-05,2,15,4,19996
19161,2025-08-05,2,16,5,3995
19162,2025-08-05,2,17,1,3999
19163,2025-08-05,2,18,5,8995
19164,2025-08-05,2,19,6,113994
19165,2025-08-05,2,21,2,4998
19166,2025-08-05,2,22,4,21996
19167,2025-08-05,2,23,2,9998
19168,2025-08-05,2,24,1,3499
19169,2025-08-05,2,25,9,44991
19170,2025-08-05,2,26,2,39998
19171,2025-08-05,2,27,1,1299
19172,2025-08-05,2,28,1,1799
19173,2025-08-05,2,29,4,9996
19174,2025-08-05,2,30,6,23994
19175,2025-08-05,2,31,6,11994
19176,2025-08-05,2,32,5,44995
19177,2025-08-05,2,33,3,38997
19178,2025-08-05,2,34,7,132993
19179,2025-08-05,2,35,5,14995
19180,2025-08-05,2,36,6,8994
19181,2025-08-05,2,37,6,13794
19182,2025-08-05,2,38,2,17998
19183,2025-08-05,2,39,6,20994
19184,2025-08-05,2,41,6,14994
19185,2025-08-05,2,43,2,3998
19186,2025-08-05,2,44,3,3897
19187,2025-08-05,2,46,3,2397
19188,2025-08-05,2,48,2,7998
19189,2025-08-05,2,49,4,9996
19190,2025-08-05,2,50,2,2598
19191,2025-08-05,2,51,4,1996
19192,2025-08-05,2,53,2,1798
19193,2025-08-05,2,54,10,5990
19194,2025-08-05,2,55,8,7192
19195,2025-08-05,2,56,3,2097
19196,2025-08-05,3,1,4,11996
19197,2025-08-05,3,3,2,9998
19198,2025-08-05,3,4,2,2998
19199,2025-08-05,3,5,9,11691
19200,2025-08-05,3,6,1,899
19201,2025-08-05,3,7,3,23997
19202,2025-08-05,3,9,3,1797
19203,2025-08-05,3,12,2,798
19204,2025-08-05,3,14,2,598
19205,2025-08-05,3,15,4,19996
19206,2025-08-05,3,16,4,3196
19207,2025-08-05,3,17,1,3999
19208,2025-08-05,3,18,4,7196
19209,2025-08-05,3,19,7,132993
19210,2025-08-05,3,21,3,7497
19211,2025-08-05,3,22,5,27495
19212,2025-08-05,3,23,3,14997
19213,2025-08-05,3,24,1,3499
19214,2025-08-05,3,25,9,44991
19215,2025-08-05,3,26,2,39998
19216,2025-08-05,3,27,1,1299
19217,2025-08-05,3,28,1,1799
19218,2025-08-05,3,29,7,17493
19219,2025-08-05,3,30,4,15996
19220,2025-08-05,3,31,9,17991
19221,2025-08-05,3,32,4,35996
19222,2025-08-05,3,33,3,38997
19223,2025-08-05,3,34,5,94995
19224,2025-08-05,3,35,3,8997
19225,2025-08-05,3,36,5,7495
19226,2025-08-05,3,37,6,13794
19227,2025-08-05,3,38,5,44995
19228,2025-08-05,3,39,8,27992
19229,2025-08-05,3,40,2,1198
19230,2025-08-05,3,41,5,12495
19231,2025-08-05,3,43,2,3998
19232,2025-08-05,3,44,2,2598
19233,2025-08-05,3,46,1,799
19234,2025-08-05,3,48,1,3999
19235,2025-08-05,3,49,3,7497
19236,2025-08-05,3,50,2,2598
19237,2025-08-05,3,51,3,1497
19238,2025-08-05,3,52,2,3998
19239,2025-08-05,3,53,1,899
19240,2025-08-05,3,54,4,2396
19241,2025-08-05,3,55,6,5394
19242,2025-08-05,3,56,5,3495
19243,2025-08-05,4,1,5,14995
19244,2025-08-05,4,3,3,14997
19245,2025-08-05,4,4,3,4497
19246,2025-08-05,4,5,11,14289
19247,2025-08-05,4,6,2,1798
19248,2025-08-05,4,7,7,55993
19249,2025-08-05,4,8,1,15999
19250,2025-08-05,4,9,4,2396
19251,2025-08-05,4,10,1,299
19252,2025-08-05,4,11,3,7497
19253,2025-08-05,4,12,4,1596
19254,2025-08-05,4,14,3,897
19255,2025-08-05,4,15,5,24995
19256,2025-08-05,4,16,3,2397
19257,2025-08-05,4,17,3,11997
19258,2025-08-05,4,18,8,14392
19259,2025-08-05,4,19,6,113994
19260,2025-08-05,4,21,6,14994
19261,2025-08-05,4,22,10,54990
19262,2025-08-05,4,23,2,9998
19263,2025-08-05,4,24,2,6998
19264,2025-08-05,4,25,9,44991
19265,2025-08-05,4,26,3,59997
19266,2025-08-05,4,27,1,1299
19267,2025-08-05,4,28,2,3598
19268,2025-08-05,4,29,11,27489
19269,2025-08-05,4,30,5,19995
19270,2025-08-05,4,31,10,19990
19271,2025-08-05,4,32,9,80991
19272,2025-08-05,4,33,7,90993
19273,2025-08-05,4,34,9,170991
19274,2025-08-05,4,35,3,8997
19275,2025-08-05,4,36,5,7495
19276,2025-08-05,4,37,6,13794
19277,2025-08-05,4,38,10,89990
19278,2025-08-05,4,39,5,17495
19279,2025-08-05,4,40,2,1198
19280,2025-08-05,4,41,9,22491
19281,2025-08-05,4,43,2,3998
19282,2025-08-05,4,44,4,5196
19283,2025-08-05,4,46,3,2397
19284,2025-08-05,4,47,1,3499
19285,2025-08-05,4,48,3,11997
19286,2025-08-05,4,49,11,27489
19287,2025-08-05,4,50,4,5196
19288,2025-08-05,4,51,3,1497
19289,2025-08-05,4,52,2,3998
19290,2025-08-05,4,53,2,1798
19291,2025-08-05,4,54,4,2396
19292,2025-08-05,4,55,6,5394
19293,2025-08-05,4,56,8,5592
19294,2025-08-05,5,1,5,14995
19295,2025-08-05,5,4,2,2998
19296,2025-08-05,5,5,4,5196
19297,2025-08-05,5,6,1,899
19298,2025-08-05,5,7,7,55993
19299,2025-08-05,5,8,1,15999
19300,2025-08-05,5,9,2,1198
19301,2025-08-05,5,11,2,4998
19302,2025-08-05,5,12,1,399
19303,2025-08-05,5,14,1,299
19304,2025-08-05,5,15,5,24995
19305,2025-08-05,5,16,2,1598
19306,2025-08-05,5,17,1,3999
19307,2025-08-05,5,18,3,5397
19308,2025-08-05,5,19,6,113994
19309,2025-08-05,5,21,8,19992
19310,2025-08-05,5,22,4,21996
19311,2025-08-05,5,23,3,14997
19312,2025-08-05,5,24,1,3499
19313,2025-08-05,5,25,6,29994
19314,2025-08-05,5,26,3,59997
19315,2025-08-05,5,27,1,1299
19316,2025-08-05,5,28,1,1799
19317,2025-08-05,5,29,4,9996
19318,2025-08-05,5,30,6,23994
19319,2025-08-05,5,31,8,15992
19320,2025-08-05,5,32,4,35996
19321,2025-08-05,5,33,1,12999
19322,2025-08-05,5,34,10,189990
19323,2025-08-05,5,35,2,5998
19324,2025-08-05,5,36,2,2998
19325,2025-08-05,5,37,6,13794
19326,2025-08-05,5,38,3,26997
19327,2025-08-05,5,39,6,20994
19328,2025-08-05,5,40,5,2995
19329,2025-08-05,5,41,3,7497
19330,2025-08-05,5,44,3,3897
19331,2025-08-05,5,46,1,799
19332,2025-08-05,5,48,1,3999
19333,2025-08-05,5,49,2,4998
19334,2025-08-05,5,50,3,3897
19335,2025-08-05,5,51,2,998
19336,2025-08-05,5,52,1,1999
19337,2025-08-05,5,53,1,899
19338,2025-08-05,5,54,6,3594
19339,2025-08-05,5,55,5,4495
19340,2025-08-05,5,56,5,3495
19341,2025-08-05,6,1,3,8997
19342,2025-08-05,6,3,2,9998
19343,2025-08-05,6,4,1,1499
19344,2025-08-05,6,5,6,7794
19345,2025-08-05,6,6,1,899
19346,2025-08-05,6,7,9,71991
19347,2025-08-05,6,8,1,15999
19348,2025-08-05,6,9,4,2396
19349,2025-08-05,6,11,3,7497
19350,2025-08-05,6,12,4,1596
19351,2025-08-05,6,14,2,598
19352,2025-08-05,6,15,8,39992
19353,2025-08-05,6,16,5,3995
19354,2025-08-05,6,17,2,7998
19355,2025-08-05,6,18,6,10794
19356,2025-08-05,6,19,4,75996
19357,2025-08-05,6,21,5,12495
19358,2025-08-05,6,22,12,65988
19359,2025-08-05,6,23,3,14997
19360,2025-08-05,6,24,1,3499
19361,2025-08-05,6,25,14,69986
19362,2025-08-05,6,26,4,79996
19363,2025-08-05,6,27,2,2598
19364,2025-08-05,6,28,1,1799
19365,2025-08-05,6,29,9,22491
19366,2025-08-05,6,30,7,27993
19367,2025-08-05,6,31,8,15992
19368,2025-08-05,6,32,6,53994
19369,2025-08-05,6,33,5,64995
19370,2025-08-05,6,34,4,75996
19371,2025-08-05,6,35,4,11996
19372,2025-08-05,6,36,5,7495
19373,2025-08-05,6,37,7,16093
19374,2025-08-05,6,38,6,53994
19375,2025-08-05,6,39,3,10497
19376,2025-08-05,6,40,6,3594
19377,2025-08-05,6,41,5,12495
19378,2025-08-05,6,43,2,3998
19379,2025-08-05,6,44,4,5196
19380,2025-08-05,6,46,1,799
19381,2025-08-05,6,47,1,3499
19382,2025-08-05,6,48,1,3999
19383,2025-08-05,6,49,6,14994
19384,2025-08-05,6,50,2,2598
19385,2025-08-05,6,51,2,998
19386,2025-08-05,6,52,3,5997
19387,2025-08-05,6,53,3,2697
19388,2025-08-05,6,54,6,3594
19389,2025-08-05,6,55,8,7192
19390,2025-08-05,6,56,2,1398
19391,2025-08-06,1,1,16,47984
19392,2025-08-06,1,2,1,1999
19393,2025-08-06,1,3,3,14997
19394,2025-08-06,1,4,3,4497
19395,2025-08-06,1,5,16,20784
19396,2025-08-06,1,6,2,1798
19397,2025-08-06,1,7,10,79990
19398,2025-08-06,1,8,1,15999
19399,2025-08-06,1,9,5,2995
19400,2025-08-06,1,11,2,4998
19401,2025-08-06,1,12,3,1197
19402,2025-08-06,1,14,1,299
19403,2025-08-06,1,15,8,39992
19404,2025-08-06,1,16,6,4794
19405,2025-08-06,1,17,3,11997
19406,2025-08-06,1,18,4,7196
19407,2025-08-06,1,19,2,37998
19408,2025-08-06,1,21,11,27489
19409,2025-08-06,1,22,3,16497
19410,2025-08-06,1,23,2,9998
19411,2025-08-06,1,24,1,3499
19412,2025-08-06,1,25,15,74985
19413,2025-08-06,1,26,4,79996
19414,2025-08-06,1,28,1,1799
19415,2025-08-06,1,29,7,17493
19416,2025-08-06,1,30,9,35991
19417,2025-08-06,1,31,12,23988
19418,2025-08-06,1,32,8,71992
19419,2025-08-06,1,33,7,90993
19420,2025-08-06,1,34,7,132993
19421,2025-08-06,1,35,1,2999
19422,2025-08-06,1,36,1,1499
19423,2025-08-06,1,37,6,13794
19424,2025-08-06,1,38,2,17998
19425,2025-08-06,1,39,8,27992
19426,2025-08-06,1,40,7,4193
19427,2025-08-06,1,41,7,17493
19428,2025-08-06,1,43,1,1999
19429,2025-08-06,1,44,3,3897
19430,2025-08-06,1,45,1,4999
19431,2025-08-06,1,46,2,1598
19432,2025-08-06,1,47,1,3499
19433,2025-08-06,1,48,3,11997
19434,2025-08-06,1,49,6,14994
19435,2025-08-06,1,50,3,3897
19436,2025-08-06,1,51,3,1497
19437,2025-08-06,1,52,2,3998
19438,2025-08-06,1,53,3,2697
19439,2025-08-06,1,54,9,5391
19440,2025-08-06,1,55,6,5394
19441,2025-08-06,1,56,5,3495
19442,2025-08-06,2,1,3,8997
19443,2025-08-06,2,3,3,14997
19444,2025-08-06,2,4,2,2998
19445,2025-08-06,2,5,14,18186
19446,2025-08-06,2,6,1,899
19447,2025-08-06,2,7,5,39995
19448,2025-08-06,2,9,4,2396
19449,2025-08-06,2,11,1,2499
19450,2025-08-06,2,12,1,399
19451,2025-08-06,2,14,1,299
19452,2025-08-06,2,15,3,14997
19453,2025-08-06,2,16,3,2397
19454,2025-08-06,2,17,2,7998
19455,2025-08-06,2,18,5,8995
19456,2025-08-06,2,19,6,113994
19457,2025-08-06,2,21,9,22491
19458,2025-08-06,2,22,5,27495
19459,2025-08-06,2,23,2,9998
19460,2025-08-06,2,24,1,3499
19461,2025-08-06,2,25,8,39992
19462,2025-08-06,2,26,4,79996
19463,2025-08-06,2,27,1,1299
19464,2025-08-06,2,28,1,1799
19465,2025-08-06,2,29,6,14994
19466,2025-08-06,2,30,2,7998
19467,2025-08-06,2,31,8,15992
19468,2025-08-06,2,32,6,53994
19469,2025-08-06,2,33,2,25998
19470,2025-08-06,2,34,10,189990
19471,2025-08-06,2,35,3,8997
19472,2025-08-06,2,36,5,7495
19473,2025-08-06,2,37,7,16093
19474,2025-08-06,2,38,5,44995
19475,2025-08-06,2,39,8,27992
19476,2025-08-06,2,40,3,1797
19477,2025-08-06,2,41,4,9996
19478,2025-08-06,2,43,2,3998
19479,2025-08-06,2,44,3,3897
19480,2025-08-06,2,45,1,4999
19481,2025-08-06,2,46,1,799
19482,2025-08-06,2,47,2,6998
19483,2025-08-06,2,48,1,3999
19484,2025-08-06,2,49,4,9996
19485,2025-08-06,2,50,4,5196
19486,2025-08-06,2,51,5,2495
19487,2025-08-06,2,52,3,5997
19488,2025-08-06,2,53,2,1798
19489,2025-08-06,2,54,2,1198
19490,2025-08-06,2,55,3,2697
19491,2025-08-06,2,56,3,2097
19492,2025-08-06,3,1,5,14995
19493,2025-08-06,3,3,2,9998
19494,2025-08-06,3,4,2,2998
19495,2025-08-06,3,5,12,15588
19496,2025-08-06,3,6,1,899
19497,2025-08-06,3,7,3,23997
19498,2025-08-06,3,9,2,1198
19499,2025-08-06,3,11,2,4998
19500,2025-08-06,3,12,2,798
19501,2025-08-06,3,14,1,299
19502,2025-08-06,3,15,2,9998
19503,2025-08-06,3,16,6,4794
19504,2025-08-06,3,17,1,3999
19505,2025-08-06,3,18,4,7196
19506,2025-08-06,3,19,6,113994
19507,2025-08-06,3,21,5,12495
19508,2025-08-06,3,22,6,32994
19509,2025-08-06,3,23,3,14997
19510,2025-08-06,3,24,1,3499
19511,2025-08-06,3,25,8,39992
19512,2025-08-06,3,26,1,19999
19513,2025-08-06,3,29,5,12495
19514,2025-08-06,3,30,4,15996
19515,2025-08-06,3,31,5,9995
19516,2025-08-06,3,32,4,35996
19517,2025-08-06,3,33,6,77994
19518,2025-08-06,3,34,8,151992
19519,2025-08-06,3,35,2,5998
19520,2025-08-06,3,36,5,7495
19521,2025-08-06,3,37,6,13794
19522,2025-08-06,3,38,4,35996
19523,2025-08-06,3,39,2,6998
19524,2025-08-06,3,41,5,12495
19525,2025-08-06,3,42,1,1799
19526,2025-08-06,3,43,1,1999
19527,2025-08-06,3,44,1,1299
19528,2025-08-06,3,45,1,4999
19529,2025-08-06,3,46,1,799
19530,2025-08-06,3,47,1,3499
19531,2025-08-06,3,48,3,11997
19532,2025-08-06,3,49,3,7497
19533,2025-08-06,3,50,2,2598
19534,2025-08-06,3,51,2,998
19535,2025-08-06,3,52,2,3998
19536,2025-08-06,3,53,1,899
19537,2025-08-06,3,54,5,2995
19538,2025-08-06,3,55,2,1798
19539,2025-08-06,3,56,5,3495
19540,2025-08-06,4,1,6,17994
19541,2025-08-06,4,3,3,14997
19542,2025-08-06,4,4,5,7495
19543,2025-08-06,4,5,9,11691
19544,2025-08-06,4,6,2,1798
19545,2025-08-06,4,7,6,47994
19546,2025-08-06,4,8,1,15999
19547,2025-08-06,4,9,5,2995
19548,2025-08-06,4,10,1,299
19549,2025-08-06,4,11,2,4998
19550,2025-08-06,4,12,5,1995
19551,2025-08-06,4,13,1,499
19552,2025-08-06,4,14,3,897
19553,2025-08-06,4,15,8,39992
19554,2025-08-06,4,16,4,3196
19555,2025-08-06,4,17,2,7998
19556,2025-08-06,4,18,7,12593
19557,2025-08-06,4,19,6,113994
19558,2025-08-06,4,21,11,27489
19559,2025-08-06,4,22,10,54990
19560,2025-08-06,4,23,3,14997
19561,2025-08-06,4,24,1,3499
19562,2025-08-06,4,25,5,24995
19563,2025-08-06,4,26,3,59997
19564,2025-08-06,4,27,1,1299
19565,2025-08-06,4,28,2,3598
19566,2025-08-06,4,29,11,27489
19567,2025-08-06,4,30,11,43989
19568,2025-08-06,4,31,14,27986
19569,2025-08-06,4,32,10,89990
19570,2025-08-06,4,33,5,64995
19571,2025-08-06,4,34,5,94995
19572,2025-08-06,4,35,5,14995
19573,2025-08-06,4,36,3,4497
19574,2025-08-06,4,37,9,20691
19575,2025-08-06,4,38,5,44995
19576,2025-08-06,4,39,8,27992
19577,2025-08-06,4,40,4,2396
19578,2025-08-06,4,41,8,19992
19579,2025-08-06,4,42,1,1799
19580,2025-08-06,4,43,1,1999
19581,2025-08-06,4,44,1,1299
19582,2025-08-06,4,45,2,9998
19583,2025-08-06,4,46,2,1598
19584,2025-08-06,4,47,1,3499
19585,2025-08-06,4,48,2,7998
19586,2025-08-06,4,49,4,9996
19587,2025-08-06,4,50,4,5196
19588,2025-08-06,4,51,4,1996
19589,2025-08-06,4,52,2,3998
19590,2025-08-06,4,53,2,1798
19591,2025-08-06,4,54,10,5990
19592,2025-08-06,4,55,5,4495
19593,2025-08-06,4,56,3,2097
19594,2025-08-06,5,1,3,8997
19595,2025-08-06,5,3,2,9998
19596,2025-08-06,5,4,1,1499
19597,2025-08-06,5,5,9,11691
19598,2025-08-06,5,7,7,55993
19599,2025-08-06,5,8,1,15999
19600,2025-08-06,5,9,4,2396
19601,2025-08-06,5,11,1,2499
19602,2025-08-06,5,12,3,1197
19603,2025-08-06,5,14,1,299
19604,2025-08-06,5,15,2,9998
19605,2025-08-06,5,16,6,4794
19606,2025-08-06,5,17,2,7998
19607,2025-08-06,5,18,2,3598
19608,2025-08-06,5,19,2,37998
19609,2025-08-06,5,21,4,9996
19610,2025-08-06,5,22,6,32994
19611,2025-08-06,5,23,2,9998
19612,2025-08-06,5,24,1,3499
19613,2025-08-06,5,25,10,49990
19614,2025-08-06,5,26,3,59997
19615,2025-08-06,5,28,1,1799
19616,2025-08-06,5,29,6,14994
19617,2025-08-06,5,30,2,7998
19618,2025-08-06,5,31,7,13993
19619,2025-08-06,5,32,4,35996
19620,2025-08-06,5,33,5,64995
19621,2025-08-06,5,34,8,151992
19622,2025-08-06,5,35,2,5998
19623,2025-08-06,5,36,2,2998
19624,2025-08-06,5,37,6,13794
19625,2025-08-06,5,38,5,44995
19626,2025-08-06,5,39,8,27992
19627,2025-08-06,5,40,4,2396
19628,2025-08-06,5,41,6,14994
19629,2025-08-06,5,43,1,1999
19630,2025-08-06,5,44,2,2598
19631,2025-08-06,5,45,1,4999
19632,2025-08-06,5,46,1,799
19633,2025-08-06,5,47,1,3499
19634,2025-08-06,5,48,2,7998
19635,2025-08-06,5,49,5,12495
19636,2025-08-06,5,50,1,1299
19637,2025-08-06,5,51,3,1497
19638,2025-08-06,5,52,2,3998
19639,2025-08-06,5,53,2,1798
19640,2025-08-06,5,54,5,2995
19641,2025-08-06,5,55,4,3596
19642,2025-08-06,5,56,2,1398
19643,2025-08-06,6,1,7,20993
19644,2025-08-06,6,3,3,14997
19645,2025-08-06,6,4,3,4497
19646,2025-08-06,6,5,15,19485
19647,2025-08-06,6,6,1,899
19648,2025-08-06,6,7,11,87989
19649,2025-08-06,6,8,1,15999
19650,2025-08-06,6,9,2,1198
19651,2025-08-06,6,11,1,2499
19652,2025-08-06,6,12,2,798
19653,2025-08-06,6,14,2,598
19654,2025-08-06,6,15,7,34993
19655,2025-08-06,6,16,1,799
19656,2025-08-06,6,17,3,11997
19657,2025-08-06,6,18,8,14392
19658,2025-08-06,6,19,11,208989
19659,2025-08-06,6,21,6,14994
19660,2025-08-06,6,22,5,27495
19661,2025-08-06,6,23,4,19996
19662,2025-08-06,6,24,2,6998
19663,2025-08-06,6,25,7,34993
19664,2025-08-06,6,26,2,39998
19665,2025-08-06,6,27,1,1299
19666,2025-08-06,6,28,1,1799
19667,2025-08-06,6,29,7,17493
19668,2025-08-06,6,30,7,27993
19669,2025-08-06,6,31,7,13993
19670,2025-08-06,6,32,3,26997
19671,2025-08-06,6,33,2,25998
19672,2025-08-06,6,34,9,170991
19673,2025-08-06,6,35,4,11996
19674,2025-08-06,6,36,6,8994
19675,2025-08-06,6,37,6,13794
19676,2025-08-06,6,38,5,44995
19677,2025-08-06,6,39,5,17495
19678,2025-08-06,6,40,7,4193
19679,2025-08-06,6,41,4,9996
19680,2025-08-06,6,42,1,1799
19681,2025-08-06,6,43,2,3998
19682,2025-08-06,6,44,3,3897
19683,2025-08-06,6,46,2,1598
19684,2025-08-06,6,47,1,3499
19685,2025-08-06,6,48,2,7998
19686,2025-08-06,6,49,8,19992
19687,2025-08-06,6,50,2,2598
19688,2025-08-06,6,51,3,1497
19689,2025-08-06,6,52,2,3998
19690,2025-08-06,6,53,2,1798
19691,2025-08-06,6,54,7,4193
19692,2025-08-06,6,55,5,4495
19693,2025-08-06,6,56,5,3495
19694,2025-08-07,1,1,23,68977
19695,2025-08-07,1,3,3,14997
19696,2025-08-07,1,4,2,2998
19697,2025-08-07,1,5,12,15588
19698,2025-08-07,1,6,2,1798
19699,2025-08-07,1,7,8,63992
19700,2025-08-07,1,8,1,15999
19701,2025-08-07,1,9,4,2396
19702,2025-08-07,1,11,2,4998
19703,2025-08-07,1,12,1,399
19704,2025-08-07,1,14,2,598
19705,2025-08-07,1,15,5,24995
19706,2025-08-07,1,16,5,3995
19707,2025-08-07,1,17,4,15996
19708,2025-08-07,1,18,7,12593
19709,2025-08-07,1,19,7,132993
19710,2025-08-07,1,21,10,24990
19711,2025-08-07,1,22,7,38493
19712,2025-08-07,1,23,3,14997
19713,2025-08-07,1,24,2,6998
19714,2025-08-07,1,25,11,54989
19715,2025-08-07,1,26,3,59997
19716,2025-08-07,1,27,1,1299
19717,2025-08-07,1,29,5,12495
19718,2025-08-07,1,30,11,43989
19719,2025-08-07,1,31,9,17991
19720,2025-08-07,1,32,11,98989
19721,2025-08-07,1,33,3,38997
19722,2025-08-07,1,34,11,208989
19723,2025-08-07,1,35,4,11996
19724,2025-08-07,1,36,4,5996
19725,2025-08-07,1,37,11,25289
19726,2025-08-07,1,38,5,44995
19727,2025-08-07,1,39,10,34990
19728,2025-08-07,1,40,6,3594
19729,2025-08-07,1,41,6,14994
19730,2025-08-07,1,43,1,1999
19731,2025-08-07,1,44,2,2598
19732,2025-08-07,1,45,1,4999
19733,2025-08-07,1,46,2,1598
19734,2025-08-07,1,47,1,3499
19735,2025-08-07,1,48,3,11997
19736,2025-08-07,1,49,6,14994
19737,2025-08-07,1,50,3,3897
19738,2025-08-07,1,51,4,1996
19739,2025-08-07,1,53,3,2697
19740,2025-08-07,1,54,8,4792
19741,2025-08-07,1,55,4,3596
19742,2025-08-07,1,56,5,3495
19743,2025-08-07,2,1,4,11996
19744,2025-08-07,2,3,3,14997
19745,2025-08-07,2,4,1,1499
19746,2025-08-07,2,5,10,12990
19747,2025-08-07,2,7,11,87989
19748,2025-08-07,2,8,1,15999
19749,2025-08-07,2,9,2,1198
19750,2025-08-07,2,11,1,2499
19751,2025-08-07,2,12,6,2394
19752,2025-08-07,2,14,2,598
19753,2025-08-07,2,15,6,29994
19754,2025-08-07,2,16,4,3196
19755,2025-08-07,2,17,1,3999
19756,2025-08-07,2,18,5,8995
19757,2025-08-07,2,19,5,94995
19758,2025-08-07,2,21,7,17493
19759,2025-08-07,2,22,6,32994
19760,2025-08-07,2,23,3,14997
19761,2025-08-07,2,24,2,6998
19762,2025-08-07,2,25,13,64987
19763,2025-08-07,2,26,2,39998
19764,2025-08-07,2,27,1,1299
19765,2025-08-07,2,28,1,1799
19766,2025-08-07,2,29,8,19992
19767,2025-08-07,2,30,3,11997
19768,2025-08-07,2,31,7,13993
19769,2025-08-07,2,32,9,80991
19770,2025-08-07,2,33,3,38997
19771,2025-08-07,2,34,9,170991
19772,2025-08-07,2,35,1,2999
19773,2025-08-07,2,36,6,8994
19774,2025-08-07,2,37,6,13794
19775,2025-08-07,2,38,3,26997
19776,2025-08-07,2,39,5,17495
19777,2025-08-07,2,40,4,2396
19778,2025-08-07,2,42,1,1799
19779,2025-08-07,2,43,2,3998
19780,2025-08-07,2,44,2,2598
19781,2025-08-07,2,46,2,1598
19782,2025-08-07,2,47,1,3499
19783,2025-08-07,2,48,2,7998
19784,2025-08-07,2,49,6,14994
19785,2025-08-07,2,50,3,3897
19786,2025-08-07,2,51,3,1497
19787,2025-08-07,2,52,1,1999
19788,2025-08-07,2,53,4,3596
19789,2025-08-07,2,54,5,2995
19790,2025-08-07,2,55,4,3596
19791,2025-08-07,2,56,5,3495
19792,2025-08-07,3,1,6,17994
19793,2025-08-07,3,3,2,9998
19794,2025-08-07,3,4,1,1499
19795,2025-08-07,3,5,10,12990
19796,2025-08-07,3,6,1,899
19797,2025-08-07,3,7,3,23997
19798,2025-08-07,3,8,1,15999
19799,2025-08-07,3,9,4,2396
19800,2025-08-07,3,11,2,4998
19801,2025-08-07,3,12,3,1197
19802,2025-08-07,3,14,2,598
19803,2025-08-07,3,15,7,34993
19804,2025-08-07,3,16,4,3196
19805,2025-08-07,3,17,2,7998
19806,2025-08-07,3,18,3,5397
19807,2025-08-07,3,19,8,151992
19808,2025-08-07,3,21,5,12495
19809,2025-08-07,3,22,6,32994
19810,2025-08-07,3,23,2,9998
19811,2025-08-07,3,24,1,3499
19812,2025-08-07,3,25,8,39992
19813,2025-08-07,3,26,3,59997
19814,2025-08-07,3,28,1,1799
19815,2025-08-07,3,29,8,19992
19816,2025-08-07,3,30,1,3999
19817,2025-08-07,3,31,5,9995
19818,2025-08-07,3,32,9,80991
19819,2025-08-07,3,33,3,38997
19820,2025-08-07,3,34,6,113994
19821,2025-08-07,3,35,2,5998
19822,2025-08-07,3,36,2,2998
19823,2025-08-07,3,37,3,6897
19824,2025-08-07,3,38,4,35996
19825,2025-08-07,3,39,5,17495
19826,2025-08-07,3,40,5,2995
19827,2025-08-07,3,41,6,14994
19828,2025-08-07,3,43,1,1999
19829,2025-08-07,3,44,2,2598
19830,2025-08-07,3,46,1,799
19831,2025-08-07,3,49,5,12495
19832,2025-08-07,3,50,3,3897
19833,2025-08-07,3,51,4,1996
19834,2025-08-07,3,52,2,3998
19835,2025-08-07,3,53,2,1798
19836,2025-08-07,3,54,7,4193
19837,2025-08-07,3,55,5,4495
19838,2025-08-07,3,56,5,3495
19839,2025-08-07,4,1,6,17994
19840,2025-08-07,4,3,3,14997
19841,2025-08-07,4,4,2,2998
19842,2025-08-07,4,5,14,18186
19843,2025-08-07,4,6,1,899
19844,2025-08-07,4,7,9,71991
19845,2025-08-07,4,9,4,2396
19846,2025-08-07,4,10,1,299
19847,2025-08-07,4,11,1,2499
19848,2025-08-07,4,12,4,1596
19849,2025-08-07,4,13,1,499
19850,2025-08-07,4,14,3,897
19851,2025-08-07,4,15,4,19996
19852,2025-08-07,4,16,2,1598
19853,2025-08-07,4,17,4,15996
19854,2025-08-07,4,18,8,14392
19855,2025-08-07,4,19,6,113994
19856,2025-08-07,4,20,1,1299
19857,2025-08-07,4,21,9,22491
19858,2025-08-07,4,22,13,71487
19859,2025-08-07,4,23,4,19996
19860,2025-08-07,4,24,2,6998
19861,2025-08-07,4,25,12,59988
19862,2025-08-07,4,26,3,59997
19863,2025-08-07,4,27,2,2598
19864,2025-08-07,4,28,2,3598
19865,2025-08-07,4,29,17,42483
19866,2025-08-07,4,30,4,15996
19867,2025-08-07,4,31,13,25987
19868,2025-08-07,4,32,8,71992
19869,2025-08-07,4,33,6,77994
19870,2025-08-07,4,34,3,56997
19871,2025-08-07,4,35,5,14995
19872,2025-08-07,4,36,1,1499
19873,2025-08-07,4,37,4,9196
19874,2025-08-07,4,38,11,98989
19875,2025-08-07,4,39,5,17495
19876,2025-08-07,4,40,5,2995
19877,2025-08-07,4,41,9,22491
19878,2025-08-07,4,42,1,1799
19879,2025-08-07,4,43,1,1999
19880,2025-08-07,4,44,2,2598
19881,2025-08-07,4,45,2,9998
19882,2025-08-07,4,46,2,1598
19883,2025-08-07,4,47,2,6998
19884,2025-08-07,4,48,3,11997
19885,2025-08-07,4,49,5,12495
19886,2025-08-07,4,50,4,5196
19887,2025-08-07,4,51,2,998
19888,2025-08-07,4,52,1,1999
19889,2025-08-07,4,53,1,899
19890,2025-08-07,4,54,11,6589
19891,2025-08-07,4,55,11,9889
19892,2025-08-07,4,56,8,5592
19893,2025-08-07,5,1,5,14995
19894,2025-08-07,5,3,1,4999
19895,2025-08-07,5,4,1,1499
19896,2025-08-07,5,5,6,7794
19897,2025-08-07,5,7,3,23997
19898,2025-08-07,5,9,2,1198
19899,2025-08-07,5,11,2,4998
19900,2025-08-07,5,12,5,1995
19901,2025-08-07,5,14,2,598
19902,2025-08-07,5,15,3,14997
19903,2025-08-07,5,16,4,3196
19904,2025-08-07,5,17,3,11997
19905,2025-08-07,5,18,5,8995
19906,2025-08-07,5,19,6,113994
19907,2025-08-07,5,21,5,12495
19908,2025-08-07,5,22,4,21996
19909,2025-08-07,5,23,4,19996
19910,2025-08-07,5,24,1,3499
19911,2025-08-07,5,25,3,14997
19912,2025-08-07,5,26,2,39998
19913,2025-08-07,5,29,3,7497
19914,2025-08-07,5,30,3,11997
19915,2025-08-07,5,31,5,9995
19916,2025-08-07,5,32,4,35996
19917,2025-08-07,5,33,4,51996
19918,2025-08-07,5,34,6,113994
19919,2025-08-07,5,35,2,5998
19920,2025-08-07,5,36,5,7495
19921,2025-08-07,5,37,4,9196
19922,2025-08-07,5,38,4,35996
19923,2025-08-07,5,39,3,10497
19924,2025-08-07,5,40,2,1198
19925,2025-08-07,5,41,6,14994
19926,2025-08-07,5,43,1,1999
19927,2025-08-07,5,44,1,1299
19928,2025-08-07,5,45,1,4999
19929,2025-08-07,5,46,3,2397
19930,2025-08-07,5,47,1,3499
19931,2025-08-07,5,48,2,7998
19932,2025-08-07,5,49,4,9996
19933,2025-08-07,5,50,2,2598
19934,2025-08-07,5,51,2,998
19935,2025-08-07,5,52,1,1999
19936,2025-08-07,5,53,1,899
19937,2025-08-07,5,54,8,4792
19938,2025-08-07,5,55,3,2697
19939,2025-08-07,5,56,4,2796
19940,2025-08-07,6,1,5,14995
19941,2025-08-07,6,3,1,4999
19942,2025-08-07,6,4,1,1499
19943,2025-08-07,6,5,12,15588
19944,2025-08-07,6,6,1,899
19945,2025-08-07,6,7,9,71991
19946,2025-08-07,6,9,5,2995
19947,2025-08-07,6,11,2,4998
19948,2025-08-07,6,12,6,2394
19949,2025-08-07,6,14,1,299
19950,2025-08-07,6,15,10,49990
19951,2025-08-07,6,16,4,3196
19952,2025-08-07,6,17,4,15996
19953,2025-08-07,6,18,5,8995
19954,2025-08-07,6,19,7,132993
19955,2025-08-07,6,21,5,12495
19956,2025-08-07,6,22,4,21996
19957,2025-08-07,6,23,2,9998
19958,2025-08-07,6,24,1,3499
19959,2025-08-07,6,25,3,14997
19960,2025-08-07,6,26,3,59997
19961,2025-08-07,6,27,1,1299
19962,2025-08-07,6,28,1,1799
19963,2025-08-07,6,29,11,27489
19964,2025-08-07,6,30,10,39990
19965,2025-08-07,6,31,10,19990
19966,2025-08-07,6,32,5,44995
19967,2025-08-07,6,33,5,64995
19968,2025-08-07,6,34,11,208989
19969,2025-08-07,6,35,3,8997
19970,2025-08-07,6,36,3,4497
19971,2025-08-07,6,37,7,16093
19972,2025-08-07,6,38,3,26997
19973,2025-08-07,6,39,10,34990
19974,2025-08-07,6,40,6,3594
19975,2025-08-07,6,41,4,9996
19976,2025-08-07,6,42,1,1799
19977,2025-08-07,6,43,1,1999
19978,2025-08-07,6,44,4,5196
19979,2025-08-07,6,45,1,4999
19980,2025-08-07,6,46,2,1598
19981,2025-08-07,6,47,1,3499
19982,2025-08-07,6,48,2,7998
19983,2025-08-07,6,49,8,19992
19984,2025-08-07,6,50,4,5196
19985,2025-08-07,6,51,3,1497
19986,2025-08-07,6,52,2,3998
19987,2025-08-07,6,53,1,899
19988,2025-08-07,6,54,8,4792
19989,2025-08-07,6,55,6,5394
19990,2025-08-07,6,56,1,699
19991,2025-08-08,1,1,18,53982
19992,2025-08-08,1,2,1,1999
19993,2025-08-08,1,3,1,4999
19994,2025-08-08,1,4,3,4497
19995,2025-08-08,1,5,7,9093
19996,2025-08-08,1,6,1,899
19997,2025-08-08,1,7,8,63992
19998,2025-08-08,1,8,1,15999
19999,2025-08-08,1,9,4,2396
20000,2025-08-08,1,11,2,4998
20001,2025-08-08,1,12,7,2793
20002,2025-08-08,1,13,1,499
20003,2025-08-08,1,14,2,598
20004,2025-08-08,1,15,5,24995
20005,2025-08-08,1,16,4,3196
20006,2025-08-08,1,17,2,7998
20007,2025-08-08,1,18,4,7196
20008,2025-08-08,1,19,8,151992
20009,2025-08-08,1,21,5,12495
20010,2025-08-08,1,22,4,21996
20011,2025-08-08,1,23,3,14997
20012,2025-08-08,1,24,2,6998
20013,2025-08-08,1,25,9,44991
20014,2025-08-08,1,26,4,79996
20015,2025-08-08,1,27,1,1299
20016,2025-08-08,1,28,2,3598
20017,2025-08-08,1,29,3,7497
20018,2025-08-08,1,30,7,27993
20019,2025-08-08,1,31,6,11994
20020,2025-08-08,1,32,8,71992
20021,2025-08-08,1,33,7,90993
20022,2025-08-08,1,34,7,132993
20023,2025-08-08,1,35,4,11996
20024,2025-08-08,1,36,6,8994
20025,2025-08-08,1,37,8,18392
20026,2025-08-08,1,38,7,62993
20027,2025-08-08,1,39,8,27992
20028,2025-08-08,1,40,3,1797
20029,2025-08-08,1,41,5,12495
20030,2025-08-08,1,43,2,3998
20031,2025-08-08,1,44,5,6495
20032,2025-08-08,1,45,1,4999
20033,2025-08-08,1,46,2,1598
20034,2025-08-08,1,47,1,3499
20035,2025-08-08,1,48,4,15996
20036,2025-08-08,1,49,5,12495
20037,2025-08-08,1,50,4,5196
20038,2025-08-08,1,51,6,2994
20039,2025-08-08,1,53,1,899
20040,2025-08-08,1,54,9,5391
20041,2025-08-08,1,55,5,4495
20042,2025-08-08,1,56,6,4194
20043,2025-08-08,2,1,5,14995
20044,2025-08-08,2,3,4,19996
20045,2025-08-08,2,4,2,2998
20046,2025-08-08,2,5,12,15588
20047,2025-08-08,2,6,1,899
20048,2025-08-08,2,7,3,23997
20049,2025-08-08,2,9,3,1797
20050,2025-08-08,2,11,2,4998
20051,2025-08-08,2,12,3,1197
20052,2025-08-08,2,14,2,598
20053,2025-08-08,2,15,3,14997
20054,2025-08-08,2,16,5,3995
20055,2025-08-08,2,17,2,7998
20056,2025-08-08,2,18,5,8995
20057,2025-08-08,2,19,7,132993
20058,2025-08-08,2,21,5,12495
20059,2025-08-08,2,22,1,5499
20060,2025-08-08,2,23,3,14997
20061,2025-08-08,2,24,1,3499
20062,2025-08-08,2,25,12,59988
20063,2025-08-08,2,26,3,59997
20064,2025-08-08,2,27,2,2598
20065,2025-08-08,2,28,1,1799
20066,2025-08-08,2,29,3,7497
20067,2025-08-08,2,30,3,11997
20068,2025-08-08,2,31,7,13993
20069,2025-08-08,2,32,6,53994
20070,2025-08-08,2,33,3,38997
20071,2025-08-08,2,34,7,132993
20072,2025-08-08,2,35,3,8997
20073,2025-08-08,2,36,7,10493
20074,2025-08-08,2,37,1,2299
20075,2025-08-08,2,38,3,26997
20076,2025-08-08,2,39,5,17495
20077,2025-08-08,2,40,2,1198
20078,2025-08-08,2,41,2,4998
20079,2025-08-08,2,43,2,3998
20080,2025-08-08,2,44,3,3897
20081,2025-08-08,2,46,1,799
20082,2025-08-08,2,48,1,3999
20083,2025-08-08,2,49,2,4998
20084,2025-08-08,2,50,2,2598
20085,2025-08-08,2,51,3,1497
20086,2025-08-08,2,52,3,5997
20087,2025-08-08,2,53,2,1798
20088,2025-08-08,2,54,9,5391
20089,2025-08-08,2,55,3,2697
20090,2025-08-08,2,56,5,3495
20091,2025-08-08,3,1,7,20993
20092,2025-08-08,3,3,2,9998
20093,2025-08-08,3,4,2,2998
20094,2025-08-08,3,5,8,10392
20095,2025-08-08,3,6,1,899
20096,2025-08-08,3,7,7,55993
20097,2025-08-08,3,9,3,1797
20098,2025-08-08,3,11,2,4998
20099,2025-08-08,3,12,2,798
20100,2025-08-08,3,14,1,299
20101,2025-08-08,3,15,6,29994
20102,2025-08-08,3,16,5,3995
20103,2025-08-08,3,17,2,7998
20104,2025-08-08,3,18,6,10794
20105,2025-08-08,3,19,8,151992
20106,2025-08-08,3,21,5,12495
20107,2025-08-08,3,22,4,21996
20108,2025-08-08,3,23,3,14997
20109,2025-08-08,3,24,1,3499
20110,2025-08-08,3,25,9,44991
20111,2025-08-08,3,26,2,39998
20112,2025-08-08,3,29,6,14994
20113,2025-08-08,3,30,4,15996
20114,2025-08-08,3,31,4,7996
20115,2025-08-08,3,32,4,35996
20116,2025-08-08,3,33,3,38997
20117,2025-08-08,3,34,6,113994
20118,2025-08-08,3,35,3,8997
20119,2025-08-08,3,36,2,2998
20120,2025-08-08,3,37,3,6897
20121,2025-08-08,3,38,3,26997
20122,2025-08-08,3,39,7,24493
20123,2025-08-08,3,40,4,2396
20124,2025-08-08,3,41,7,17493
20125,2025-08-08,3,43,1,1999
20126,2025-08-08,3,44,2,2598
20127,2025-08-08,3,45,1,4999
20128,2025-08-08,3,46,2,1598
20129,2025-08-08,3,47,1,3499
20130,2025-08-08,3,48,2,7998
20131,2025-08-08,3,49,6,14994
20132,2025-08-08,3,50,4,5196
20133,2025-08-08,3,51,3,1497
20134,2025-08-08,3,52,1,1999
20135,2025-08-08,3,53,3,2697
20136,2025-08-08,3,54,3,1797
20137,2025-08-08,3,55,4,3596
20138,2025-08-08,3,56,6,4194
20139,2025-08-08,4,1,5,14995
20140,2025-08-08,4,3,3,14997
20141,2025-08-08,4,4,2,2998
20142,2025-08-08,4,5,16,20784
20143,2025-08-08,4,6,2,1798
20144,2025-08-08,4,7,10,79990
20145,2025-08-08,4,8,2,31998
20146,2025-08-08,4,9,2,1198
20147,2025-08-08,4,11,3,7497
20148,2025-08-08,4,12,5,1995
20149,2025-08-08,4,14,2,598
20150,2025-08-08,4,15,9,44991
20151,2025-08-08,4,16,8,6392
20152,2025-08-08,4,17,4,15996
20153,2025-08-08,4,18,3,5397
20154,2025-08-08,4,19,6,113994
20155,2025-08-08,4,21,6,14994
20156,2025-08-08,4,22,8,43992
20157,2025-08-08,4,23,3,14997
20158,2025-08-08,4,24,2,6998
20159,2025-08-08,4,25,13,64987
20160,2025-08-08,4,26,4,79996
20161,2025-08-08,4,27,1,1299
20162,2025-08-08,4,29,11,27489
20163,2025-08-08,4,30,9,35991
20164,2025-08-08,4,31,10,19990
20165,2025-08-08,4,32,10,89990
20166,2025-08-08,4,33,5,64995
20167,2025-08-08,4,34,11,208989
20168,2025-08-08,4,35,2,5998
20169,2025-08-08,4,36,6,8994
20170,2025-08-08,4,37,6,13794
20171,2025-08-08,4,38,8,71992
20172,2025-08-08,4,39,11,38489
20173,2025-08-08,4,40,4,2396
20174,2025-08-08,4,41,10,24990
20175,2025-08-08,4,42,1,1799
20176,2025-08-08,4,43,2,3998
20177,2025-08-08,4,44,3,3897
20178,2025-08-08,4,45,1,4999
20179,2025-08-08,4,46,2,1598
20180,2025-08-08,4,47,2,6998
20181,2025-08-08,4,48,2,7998
20182,2025-08-08,4,49,9,22491
20183,2025-08-08,4,50,2,2598
20184,2025-08-08,4,51,1,499
20185,2025-08-08,4,52,3,5997
20186,2025-08-08,4,53,3,2697
20187,2025-08-08,4,54,11,6589
20188,2025-08-08,4,55,6,5394
20189,2025-08-08,4,56,5,3495
20190,2025-08-08,5,1,5,14995
20191,2025-08-08,5,3,1,4999
20192,2025-08-08,5,4,2,2998
20193,2025-08-08,5,5,10,12990
20194,2025-08-08,5,6,1,899
20195,2025-08-08,5,7,6,47994
20196,2025-08-08,5,9,2,1198
20197,2025-08-08,5,12,1,399
20198,2025-08-08,5,14,1,299
20199,2025-08-08,5,15,4,19996
20200,2025-08-08,5,16,4,3196
20201,2025-08-08,5,17,1,3999
20202,2025-08-08,5,18,5,8995
20203,2025-08-08,5,19,4,75996
20204,2025-08-08,5,21,6,14994
20205,2025-08-08,5,22,4,21996
20206,2025-08-08,5,23,2,9998
20207,2025-08-08,5,24,1,3499
20208,2025-08-08,5,25,8,39992
20209,2025-08-08,5,26,2,39998
20210,2025-08-08,5,28,1,1799
20211,2025-08-08,5,29,3,7497
20212,2025-08-08,5,30,2,7998
20213,2025-08-08,5,31,5,9995
20214,2025-08-08,5,32,8,71992
20215,2025-08-08,5,33,3,38997
20216,2025-08-08,5,34,5,94995
20217,2025-08-08,5,35,1,2999
20218,2025-08-08,5,36,2,2998
20219,2025-08-08,5,37,6,13794
20220,2025-08-08,5,38,5,44995
20221,2025-08-08,5,39,5,17495
20222,2025-08-08,5,40,3,1797
20223,2025-08-08,5,41,6,14994
20224,2025-08-08,5,43,2,3998
20225,2025-08-08,5,44,2,2598
20226,2025-08-08,5,46,1,799
20227,2025-08-08,5,48,2,7998
20228,2025-08-08,5,49,2,4998
20229,2025-08-08,5,50,2,2598
20230,2025-08-08,5,51,3,1497
20231,2025-08-08,5,52,2,3998
20232,2025-08-08,5,53,2,1798
20233,2025-08-08,5,54,7,4193
20234,2025-08-08,5,55,3,2697
20235,2025-08-08,5,56,3,2097
20236,2025-08-08,6,1,7,20993
20237,2025-08-08,6,3,2,9998
20238,2025-08-08,6,4,2,2998
20239,2025-08-08,6,5,9,11691
20240,2025-08-08,6,6,2,1798
20241,2025-08-08,6,7,8,63992
20242,2025-08-08,6,9,3,1797
20243,2025-08-08,6,11,1,2499
20244,2025-08-08,6,12,4,1596
20245,2025-08-08,6,14,1,299
20246,2025-08-08,6,15,6,29994
20247,2025-08-08,6,16,2,1598
20248,2025-08-08,6,17,2,7998
20249,2025-08-08,6,18,7,12593
20250,2025-08-08,6,19,6,113994
20251,2025-08-08,6,21,9,22491
20252,2025-08-08,6,22,6,32994
20253,2025-08-08,6,23,4,19996
20254,2025-08-08,6,24,2,6998
20255,2025-08-08,6,25,15,74985
20256,2025-08-08,6,26,1,19999
20257,2025-08-08,6,27,1,1299
20258,2025-08-08,6,29,8,19992
20259,2025-08-08,6,30,6,23994
20260,2025-08-08,6,31,5,9995
20261,2025-08-08,6,32,5,44995
20262,2025-08-08,6,33,5,64995
20263,2025-08-08,6,34,7,132993
20264,2025-08-08,6,35,3,8997
20265,2025-08-08,6,36,6,8994
20266,2025-08-08,6,37,9,20691
20267,2025-08-08,6,38,3,26997
20268,2025-08-08,6,39,10,34990
20269,2025-08-08,6,40,4,2396
20270,2025-08-08,6,41,6,14994
20271,2025-08-08,6,43,2,3998
20272,2025-08-08,6,44,4,5196
20273,2025-08-08,6,45,1,4999
20274,2025-08-08,6,46,1,799
20275,2025-08-08,6,47,1,3499
20276,2025-08-08,6,48,3,11997
20277,2025-08-08,6,49,5,12495
20278,2025-08-08,6,50,3,3897
20279,2025-08-08,6,51,1,499
20280,2025-08-08,6,52,1,1999
20281,2025-08-08,6,53,2,1798
20282,2025-08-08,6,54,4,2396
20283,2025-08-08,6,55,7,6293
20284,2025-08-08,6,56,3,2097
20285,2025-08-09,1,1,21,62979
20286,2025-08-09,1,2,1,1999
20287,2025-08-09,1,3,3,14997
20288,2025-08-09,1,4,2,2998
20289,2025-08-09,1,5,8,10392
20290,2025-08-09,1,6,2,1798
20291,2025-08-09,1,7,2,15998
20292,2025-08-09,1,8,2,31998
20293,2025-08-09,1,9,6,3594
20294,2025-08-09,1,10,1,299
20295,2025-08-09,1,11,4,9996
20296,2025-08-09,1,12,2,798
20297,2025-08-09,1,13,1,499
20298,2025-08-09,1,14,4,1196
20299,2025-08-09,1,15,5,24995
20300,2025-08-09,1,16,9,7191
20301,2025-08-09,1,17,2,7998
20302,2025-08-09,1,18,11,19789
20303,2025-08-09,1,19,13,246987
20304,2025-08-09,1,20,1,1299
20305,2025-08-09,1,21,11,27489
20306,2025-08-09,1,22,9,49491
20307,2025-08-09,1,23,6,29994
20308,2025-08-09,1,24,3,10497
20309,2025-08-09,1,25,17,84983
20310,2025-08-09,1,26,7,139993
20311,2025-08-09,1,27,2,2598
20312,2025-08-09,1,28,2,3598
20313,2025-08-09,1,29,13,32487
20314,2025-08-09,1,30,5,19995
20315,2025-08-09,1,31,9,17991
20316,2025-08-09,1,32,5,44995
20317,2025-08-09,1,33,3,38997
20318,2025-08-09,1,34,5,94995
20319,2025-08-09,1,35,3,8997
20320,2025-08-09,1,36,7,10493
20321,2025-08-09,1,37,12,27588
20322,2025-08-09,1,38,11,98989
20323,2025-08-09,1,39,10,34990
20324,2025-08-09,1,40,5,2995
20325,2025-08-09,1,41,9,22491
20326,2025-08-09,1,42,1,1799
20327,2025-08-09,1,43,2,3998
20328,2025-08-09,1,44,2,2598
20329,2025-08-09,1,45,1,4999
20330,2025-08-09,1,46,3,2397
20331,2025-08-09,1,47,2,6998
20332,2025-08-09,1,48,4,15996
20333,2025-08-09,1,49,6,14994
20334,2025-08-09,1,50,4,5196
20335,2025-08-09,1,51,5,2495
20336,2025-08-09,1,52,3,5997
20337,2025-08-09,1,53,3,2697
20338,2025-08-09,1,54,17,10183
20339,2025-08-09,1,55,10,8990
20340,2025-08-09,1,56,7,4893
20341,2025-08-09,2,1,8,23992
20342,2025-08-09,2,2,1,1999
20343,2025-08-09,2,3,3,14997
20344,2025-08-09,2,4,4,5996
20345,2025-08-09,2,5,16,20784
20346,2025-08-09,2,6,1,899
20347,2025-08-09,2,7,5,39995
20348,2025-08-09,2,8,2,31998
20349,2025-08-09,2,9,6,3594
20350,2025-08-09,2,11,2,4998
20351,2025-08-09,2,12,4,1596
20352,2025-08-09,2,14,2,598
20353,2025-08-09,2,15,8,39992
20354,2025-08-09,2,16,4,3196
20355,2025-08-09,2,17,3,11997
20356,2025-08-09,2,18,8,14392
20357,2025-08-09,2,19,12,227988
20358,2025-08-09,2,21,9,22491
20359,2025-08-09,2,22,3,16497
20360,2025-08-09,2,23,3,14997
20361,2025-08-09,2,24,2,6998
20362,2025-08-09,2,25,10,49990
20363,2025-08-09,2,26,3,59997
20364,2025-08-09,2,27,1,1299
20365,2025-08-09,2,28,1,1799
20366,2025-08-09,2,29,8,19992
20367,2025-08-09,2,30,7,27993
20368,2025-08-09,2,31,7,13993
20369,2025-08-09,2,32,6,53994
20370,2025-08-09,2,33,3,38997
20371,2025-08-09,2,34,5,94995
20372,2025-08-09,2,35,6,17994
20373,2025-08-09,2,36,5,7495
20374,2025-08-09,2,37,9,20691
20375,2025-08-09,2,38,7,62993
20376,2025-08-09,2,39,6,20994
20377,2025-08-09,2,40,5,2995
20378,2025-08-09,2,41,7,17493
20379,2025-08-09,2,42,1,1799
20380,2025-08-09,2,43,3,5997
20381,2025-08-09,2,44,2,2598
20382,2025-08-09,2,45,1,4999
20383,2025-08-09,2,46,2,1598
20384,2025-08-09,2,47,1,3499
20385,2025-08-09,2,48,5,19995
20386,2025-08-09,2,49,8,19992
20387,2025-08-09,2,50,5,6495
20388,2025-08-09,2,51,4,1996
20389,2025-08-09,2,52,3,5997
20390,2025-08-09,2,53,3,2697
20391,2025-08-09,2,54,9,5391
20392,2025-08-09,2,55,9,8091
20393,2025-08-09,2,56,7,4893
20394,2025-08-09,3,1,5,14995
20395,2025-08-09,3,2,1,1999
20396,2025-08-09,3,3,2,9998
20397,2025-08-09,3,4,2,2998
20398,2025-08-09,3,5,13,16887
20399,2025-08-09,3,6,2,1798
20400,2025-08-09,3,7,6,47994
20401,2025-08-09,3,8,1,15999
20402,2025-08-09,3,9,3,1797
20403,2025-08-09,3,11,3,7497
20404,2025-08-09,3,12,3,1197
20405,2025-08-09,3,14,2,598
20406,2025-08-09,3,15,4,19996
20407,2025-08-09,3,16,3,2397
20408,2025-08-09,3,17,1,3999
20409,2025-08-09,3,18,5,8995
20410,2025-08-09,3,19,9,170991
20411,2025-08-09,3,20,1,1299
20412,2025-08-09,3,21,8,19992
20413,2025-08-09,3,22,4,21996
20414,2025-08-09,3,23,2,9998
20415,2025-08-09,3,24,1,3499
20416,2025-08-09,3,25,10,49990
20417,2025-08-09,3,26,3,59997
20418,2025-08-09,3,27,1,1299
20419,2025-08-09,3,28,1,1799
20420,2025-08-09,3,29,10,24990
20421,2025-08-09,3,30,3,11997
20422,2025-08-09,3,31,6,11994
20423,2025-08-09,3,32,6,53994
20424,2025-08-09,3,33,5,64995
20425,2025-08-09,3,34,8,151992
20426,2025-08-09,3,35,4,11996
20427,2025-08-09,3,36,2,2998
20428,2025-08-09,3,37,5,11495
20429,2025-08-09,3,38,5,44995
20430,2025-08-09,3,39,4,13996
20431,2025-08-09,3,40,6,3594
20432,2025-08-09,3,41,7,17493
20433,2025-08-09,3,42,1,1799
20434,2025-08-09,3,43,2,3998
20435,2025-08-09,3,44,2,2598
20436,2025-08-09,3,45,1,4999
20437,2025-08-09,3,46,2,1598
20438,2025-08-09,3,47,1,3499
20439,2025-08-09,3,48,3,11997
20440,2025-08-09,3,49,6,14994
20441,2025-08-09,3,50,3,3897
20442,2025-08-09,3,51,2,998
20443,2025-08-09,3,52,3,5997
20444,2025-08-09,3,53,2,1798
20445,2025-08-09,3,54,9,5391
20446,2025-08-09,3,55,5,4495
20447,2025-08-09,3,56,3,2097
20448,2025-08-09,4,1,13,38987
20449,2025-08-09,4,2,1,1999
20450,2025-08-09,4,3,2,9998
20451,2025-08-09,4,4,1,1499
20452,2025-08-09,4,5,11,14289
20453,2025-08-09,4,6,3,2697
20454,2025-08-09,4,7,5,39995
20455,2025-08-09,4,8,1,15999
20456,2025-08-09,4,9,8,4792
20457,2025-08-09,4,11,3,7497
20458,2025-08-09,4,12,5,1995
20459,2025-08-09,4,13,1,499
20460,2025-08-09,4,14,3,897
20461,2025-08-09,4,15,11,54989
20462,2025-08-09,4,16,11,8789
20463,2025-08-09,4,17,4,15996
20464,2025-08-09,4,18,6,10794
20465,2025-08-09,4,19,14,265986
20466,2025-08-09,4,21,3,7497
20467,2025-08-09,4,22,8,43992
20468,2025-08-09,4,23,4,19996
20469,2025-08-09,4,24,2,6998
20470,2025-08-09,4,25,15,74985
20471,2025-08-09,4,26,6,119994
20472,2025-08-09,4,27,2,2598
20473,2025-08-09,4,28,1,1799
20474,2025-08-09,4,29,15,37485
20475,2025-08-09,4,30,3,11997
20476,2025-08-09,4,31,15,29985
20477,2025-08-09,4,32,10,89990
20478,2025-08-09,4,33,7,90993
20479,2025-08-09,4,34,14,265986
20480,2025-08-09,4,35,3,8997
20481,2025-08-09,4,36,9,13491
20482,2025-08-09,4,37,14,32186
20483,2025-08-09,4,38,14,125986
20484,2025-08-09,4,39,13,45487
20485,2025-08-09,4,40,9,5391
20486,2025-08-09,4,41,12,29988
20487,2025-08-09,4,42,1,1799
20488,2025-08-09,4,43,3,5997
20489,2025-08-09,4,44,3,3897
20490,2025-08-09,4,45,1,4999
20491,2025-08-09,4,46,3,2397
20492,2025-08-09,4,47,2,6998
20493,2025-08-09,4,48,5,19995
20494,2025-08-09,4,49,7,17493
20495,2025-08-09,4,50,4,5196
20496,2025-08-09,4,51,5,2495
20497,2025-08-09,4,52,5,9995
20498,2025-08-09,4,53,4,3596
20499,2025-08-09,4,54,10,5990
20500,2025-08-09,4,55,12,10788
20501,2025-08-09,4,56,12,8388
20502,2025-08-09,5,1,8,23992
20503,2025-08-09,5,3,4,19996
20504,2025-08-09,5,4,3,4497
20505,2025-08-09,5,5,13,16887
20506,2025-08-09,5,6,2,1798
20507,2025-08-09,5,7,2,15998
20508,2025-08-09,5,8,1,15999
20509,2025-08-09,5,9,2,1198
20510,2025-08-09,5,11,2,4998
20511,2025-08-09,5,12,4,1596
20512,2025-08-09,5,14,3,897
20513,2025-08-09,5,15,5,24995
20514,2025-08-09,5,16,6,4794
20515,2025-08-09,5,17,2,7998
20516,2025-08-09,5,18,5,8995
20517,2025-08-09,5,19,7,132993
20518,2025-08-09,5,21,8,19992
20519,2025-08-09,5,22,5,27495
20520,2025-08-09,5,23,4,19996
20521,2025-08-09,5,24,2,6998
20522,2025-08-09,5,25,10,49990
20523,2025-08-09,5,26,3,59997
20524,2025-08-09,5,27,2,2598
20525,2025-08-09,5,28,1,1799
20526,2025-08-09,5,29,7,17493
20527,2025-08-09,5,30,5,19995
20528,2025-08-09,5,31,8,15992
20529,2025-08-09,5,32,5,44995
20530,2025-08-09,5,33,2,25998
20531,2025-08-09,5,34,7,132993
20532,2025-08-09,5,35,2,5998
20533,2025-08-09,5,36,6,8994
20534,2025-08-09,5,37,4,9196
20535,2025-08-09,5,38,4,35996
20536,2025-08-09,5,39,7,24493
20537,2025-08-09,5,40,6,3594
20538,2025-08-09,5,41,5,12495
20539,2025-08-09,5,43,2,3998
20540,2025-08-09,5,44,3,3897
20541,2025-08-09,5,45,1,4999
20542,2025-08-09,5,46,2,1598
20543,2025-08-09,5,47,1,3499
20544,2025-08-09,5,48,1,3999
20545,2025-08-09,5,49,7,17493
20546,2025-08-09,5,50,2,2598
20547,2025-08-09,5,51,1,499
20548,2025-08-09,5,52,2,3998
20549,2025-08-09,5,53,2,1798
20550,2025-08-09,5,54,8,4792
20551,2025-08-09,5,55,6,5394
20552,2025-08-09,5,56,1,699
20553,2025-08-09,6,1,9,26991
20554,2025-08-09,6,2,1,1999
20555,2025-08-09,6,3,5,24995
20556,2025-08-09,6,4,3,4497
20557,2025-08-09,6,5,9,11691
20558,2025-08-09,6,6,2,1798
20559,2025-08-09,6,7,10,79990
20560,2025-08-09,6,8,1,15999
20561,2025-08-09,6,9,2,1198
20562,2025-08-09,6,10,1,299
20563,2025-08-09,6,11,3,7497
20564,2025-08-09,6,12,5,1995
20565,2025-08-09,6,13,1,499
20566,2025-08-09,6,14,3,897
20567,2025-08-09,6,15,7,34993
20568,2025-08-09,6,16,9,7191
20569,2025-08-09,6,17,2,7998
20570,2025-08-09,6,18,6,10794
20571,2025-08-09,6,19,6,113994
20572,2025-08-09,6,21,8,19992
20573,2025-08-09,6,22,13,71487
20574,2025-08-09,6,23,4,19996
20575,2025-08-09,6,24,2,6998
20576,2025-08-09,6,25,16,79984
20577,2025-08-09,6,26,5,99995
20578,2025-08-09,6,27,2,2598
20579,2025-08-09,6,28,2,3598
20580,2025-08-09,6,29,15,37485
20581,2025-08-09,6,30,9,35991
20582,2025-08-09,6,31,7,13993
20583,2025-08-09,6,32,7,62993
20584,2025-08-09,6,33,5,64995
20585,2025-08-09,6,34,14,265986
20586,2025-08-09,6,35,6,17994
20587,2025-08-09,6,36,6,8994
20588,2025-08-09,6,37,15,34485
20589,2025-08-09,6,38,4,35996
20590,2025-08-09,6,39,8,27992
20591,2025-08-09,6,40,5,2995
20592,2025-08-09,6,41,13,32487
20593,2025-08-09,6,43,3,5997
20594,2025-08-09,6,44,3,3897
20595,2025-08-09,6,45,2,9998
20596,2025-08-09,6,46,3,2397
20597,2025-08-09,6,47,2,6998
20598,2025-08-09,6,48,4,15996
20599,2025-08-09,6,49,9,22491
20600,2025-08-09,6,50,5,6495
20601,2025-08-09,6,51,4,1996
20602,2025-08-09,6,52,3,5997
20603,2025-08-09,6,53,1,899
20604,2025-08-09,6,54,9,5391
20605,2025-08-09,6,55,6,5394
20606,2025-08-09,6,56,4,2796
20607,2025-08-10,1,1,18,53982
20608,2025-08-10,1,2,1,1999
20609,2025-08-10,1,3,5,24995
20610,2025-08-10,1,4,3,4497
20611,2025-08-10,1,5,22,28578
20612,2025-08-10,1,6,1,899
20613,2025-08-10,1,7,10,79990
20614,2025-08-10,1,8,1,15999
20615,2025-08-10,1,9,4,2396
20616,2025-08-10,1,10,1,299
20617,2025-08-10,1,11,4,9996
20618,2025-08-10,1,12,4,1596
20619,2025-08-10,1,14,2,598
20620,2025-08-10,1,15,10,49990
20621,2025-08-10,1,16,8,6392
20622,2025-08-10,1,17,2,7998
20623,2025-08-10,1,18,6,10794
20624,2025-08-10,1,19,12,227988
20625,2025-08-10,1,21,12,29988
20626,2025-08-10,1,22,4,21996
20627,2025-08-10,1,23,2,9998
20628,2025-08-10,1,24,2,6998
20629,2025-08-10,1,25,22,109978
20630,2025-08-10,1,26,7,139993
20631,2025-08-10,1,27,1,1299
20632,2025-08-10,1,28,1,1799
20633,2025-08-10,1,29,10,24990
20634,2025-08-10,1,30,6,23994
20635,2025-08-10,1,31,12,23988
20636,2025-08-10,1,32,15,134985
20637,2025-08-10,1,33,8,103992
20638,2025-08-10,1,34,11,208989
20639,2025-08-10,1,35,6,17994
20640,2025-08-10,1,36,9,13491
20641,2025-08-10,1,37,12,27588
20642,2025-08-10,1,38,7,62993
20643,2025-08-10,1,39,4,13996
20644,2025-08-10,1,40,7,4193
20645,2025-08-10,1,41,9,22491
20646,2025-08-10,1,42,1,1799
20647,2025-08-10,1,43,3,5997
20648,2025-08-10,1,44,5,6495
20649,2025-08-10,1,45,2,9998
20650,2025-08-10,1,46,2,1598
20651,2025-08-10,1,47,2,6998
20652,2025-08-10,1,48,6,23994
20653,2025-08-10,1,49,9,22491
20654,2025-08-10,1,50,3,3897
20655,2025-08-10,1,51,3,1497
20656,2025-08-10,1,52,3,5997
20657,2025-08-10,1,53,3,2697
20658,2025-08-10,1,54,11,6589
20659,2025-08-10,1,55,10,8990
20660,2025-08-10,1,56,5,3495
20661,2025-08-10,2,1,5,14995
20662,2025-08-10,2,2,1,1999
20663,2025-08-10,2,3,4,19996
20664,2025-08-10,2,4,2,2998
20665,2025-08-10,2,5,7,9093
20666,2025-08-10,2,6,2,1798
20667,2025-08-10,2,7,9,71991
20668,2025-08-10,2,8,1,15999
20669,2025-08-10,2,9,4,2396
20670,2025-08-10,2,11,3,7497
20671,2025-08-10,2,12,5,1995
20672,2025-08-10,2,14,2,598
20673,2025-08-10,2,15,6,29994
20674,2025-08-10,2,16,2,1598
20675,2025-08-10,2,17,2,7998
20676,2025-08-10,2,18,5,8995
20677,2025-08-10,2,19,7,132993
20678,2025-08-10,2,21,12,29988
20679,2025-08-10,2,22,12,65988
20680,2025-08-10,2,23,2,9998
20681,2025-08-10,2,24,3,10497
20682,2025-08-10,2,25,18,89982
20683,2025-08-10,2,26,5,99995
20684,2025-08-10,2,27,1,1299
20685,2025-08-10,2,28,2,3598
20686,2025-08-10,2,29,14,34986
20687,2025-08-10,2,30,6,23994
20688,2025-08-10,2,31,7,13993
20689,2025-08-10,2,32,8,71992
20690,2025-08-10,2,33,6,77994
20691,2025-08-10,2,34,5,94995
20692,2025-08-10,2,35,4,11996
20693,2025-08-10,2,36,6,8994
20694,2025-08-10,2,37,9,20691
20695,2025-08-10,2,38,6,53994
20696,2025-08-10,2,39,8,27992
20697,2025-08-10,2,40,5,2995
20698,2025-08-10,2,41,5,12495
20699,2025-08-10,2,43,2,3998
20700,2025-08-10,2,44,2,2598
20701,2025-08-10,2,45,1,4999
20702,2025-08-10,2,46,2,1598
20703,2025-08-10,2,47,1,3499
20704,2025-08-10,2,48,3,11997
20705,2025-08-10,2,49,7,17493
20706,2025-08-10,2,50,4,5196
20707,2025-08-10,2,51,3,1497
20708,2025-08-10,2,52,2,3998
20709,2025-08-10,2,53,3,2697
20710,2025-08-10,2,54,10,5990
20711,2025-08-10,2,55,5,4495
20712,2025-08-10,2,56,4,2796
20713,2025-08-10,3,1,7,20993
20714,2025-08-10,3,3,2,9998
20715,2025-08-10,3,4,2,2998
20716,2025-08-10,3,5,19,24681
20717,2025-08-10,3,6,2,1798
20718,2025-08-10,3,7,9,71991
20719,2025-08-10,3,8,2,31998
20720,2025-08-10,3,9,5,2995
20721,2025-08-10,3,11,2,4998
20722,2025-08-10,3,12,2,798
20723,2025-08-10,3,14,1,299
20724,2025-08-10,3,15,4,19996
20725,2025-08-10,3,16,5,3995
20726,2025-08-10,3,17,2,7998
20727,2025-08-10,3,18,6,10794
20728,2025-08-10,3,19,4,75996
20729,2025-08-10,3,21,7,17493
20730,2025-08-10,3,22,10,54990
20731,2025-08-10,3,23,5,24995
20732,2025-08-10,3,24,1,3499
20733,2025-08-10,3,25,8,39992
20734,2025-08-10,3,26,4,79996
20735,2025-08-10,3,27,2,2598
20736,2025-08-10,3,29,7,17493
20737,2025-08-10,3,30,9,35991
20738,2025-08-10,3,31,13,25987
20739,2025-08-10,3,32,6,53994
20740,2025-08-10,3,33,3,38997
20741,2025-08-10,3,34,5,94995
20742,2025-08-10,3,35,4,11996
20743,2025-08-10,3,36,6,8994
20744,2025-08-10,3,37,6,13794
20745,2025-08-10,3,38,8,71992
20746,2025-08-10,3,39,9,31491
20747,2025-08-10,3,40,4,2396
20748,2025-08-10,3,41,4,9996
20749,2025-08-10,3,44,1,1299
20750,2025-08-10,3,45,1,4999
20751,2025-08-10,3,46,2,1598
20752,2025-08-10,3,47,1,3499
20753,2025-08-10,3,48,4,15996
20754,2025-08-10,3,49,7,17493
20755,2025-08-10,3,50,5,6495
20756,2025-08-10,3,51,3,1497
20757,2025-08-10,3,52,2,3998
20758,2025-08-10,3,53,1,899
20759,2025-08-10,3,54,6,3594
20760,2025-08-10,3,55,8,7192
20761,2025-08-10,3,56,2,1398
20762,2025-08-10,4,1,10,29990
20763,2025-08-10,4,2,1,1999
20764,2025-08-10,4,3,3,14997
20765,2025-08-10,4,4,6,8994
20766,2025-08-10,4,5,20,25980
20767,2025-08-10,4,6,3,2697
20768,2025-08-10,4,7,18,143982
20769,2025-08-10,4,8,1,15999
20770,2025-08-10,4,9,4,2396
20771,2025-08-10,4,10,1,299
20772,2025-08-10,4,11,2,4998
20773,2025-08-10,4,12,9,3591
20774,2025-08-10,4,13,1,499
20775,2025-08-10,4,14,3,897
20776,2025-08-10,4,15,14,69986
20777,2025-08-10,4,16,4,3196
20778,2025-08-10,4,17,3,11997
20779,2025-08-10,4,18,1,1799
20780,2025-08-10,4,19,8,151992
20781,2025-08-10,4,21,8,19992
20782,2025-08-10,4,22,6,32994
20783,2025-08-10,4,23,4,19996
20784,2025-08-10,4,24,4,13996
20785,2025-08-10,4,25,16,79984
20786,2025-08-10,4,26,7,139993
20787,2025-08-10,4,27,1,1299
20788,2025-08-10,4,28,1,1799
20789,2025-08-10,4,29,13,32487
20790,2025-08-10,4,30,12,47988
20791,2025-08-10,4,31,10,19990
20792,2025-08-10,4,32,11,98989
20793,2025-08-10,4,33,5,64995
20794,2025-08-10,4,34,7,132993
20795,2025-08-10,4,35,8,23992
20796,2025-08-10,4,36,7,10493
20797,2025-08-10,4,37,9,20691
20798,2025-08-10,4,38,7,62993
20799,2025-08-10,4,39,14,48986
20800,2025-08-10,4,40,11,6589
20801,2025-08-10,4,41,7,17493
20802,2025-08-10,4,42,1,1799
20803,2025-08-10,4,43,4,7996
20804,2025-08-10,4,44,2,2598
20805,2025-08-10,4,45,1,4999
20806,2025-08-10,4,46,1,799
20807,2025-08-10,4,47,2,6998
20808,2025-08-10,4,48,2,7998
20809,2025-08-10,4,49,7,17493
20810,2025-08-10,4,50,1,1299
20811,2025-08-10,4,51,6,2994
20812,2025-08-10,4,52,3,5997
20813,2025-08-10,4,53,4,3596
20814,2025-08-10,4,54,9,5391
20815,2025-08-10,4,55,12,10788
20816,2025-08-10,4,56,8,5592
20817,2025-08-10,5,1,5,14995
20818,2025-08-10,5,3,4,19996
20819,2025-08-10,5,4,3,4497
20820,2025-08-10,5,5,15,19485
20821,2025-08-10,5,6,2,1798
20822,2025-08-10,5,7,9,71991
20823,2025-08-10,5,9,4,2396
20824,2025-08-10,5,10,1,299
20825,2025-08-10,5,11,2,4998
20826,2025-08-10,5,12,6,2394
20827,2025-08-10,5,14,1,299
20828,2025-08-10,5,15,6,29994
20829,2025-08-10,5,16,4,3196
20830,2025-08-10,5,17,3,11997
20831,2025-08-10,5,18,6,10794
20832,2025-08-10,5,19,6,113994
20833,2025-08-10,5,21,6,14994
20834,2025-08-10,5,22,6,32994
20835,2025-08-10,5,23,1,4999
20836,2025-08-10,5,25,9,44991
20837,2025-08-10,5,26,4,79996
20838,2025-08-10,5,27,1,1299
20839,2025-08-10,5,28,2,3598
20840,2025-08-10,5,29,10,24990
20841,2025-08-10,5,30,4,15996
20842,2025-08-10,5,31,11,21989
20843,2025-08-10,5,32,2,17998
20844,2025-08-10,5,33,5,64995
20845,2025-08-10,5,34,4,75996
20846,2025-08-10,5,35,4,11996
20847,2025-08-10,5,36,1,1499
20848,2025-08-10,5,37,6,13794
20849,2025-08-10,5,38,4,35996
20850,2025-08-10,5,39,10,34990
20851,2025-08-10,5,40,2,1198
20852,2025-08-10,5,41,11,27489
20853,2025-08-10,5,42,1,1799
20854,2025-08-10,5,43,1,1999
20855,2025-08-10,5,44,4,5196
20856,2025-08-10,5,46,2,1598
20857,2025-08-10,5,48,3,11997
20858,2025-08-10,5,49,5,12495
20859,2025-08-10,5,50,2,2598
20860,2025-08-10,5,51,4,1996
20861,2025-08-10,5,52,2,3998
20862,2025-08-10,5,53,3,2697
20863,2025-08-10,5,54,7,4193
20864,2025-08-10,5,55,5,4495
20865,2025-08-10,5,56,4,2796
20866,2025-08-10,6,1,12,35988
20867,2025-08-10,6,3,7,34993
20868,2025-08-10,6,4,2,2998
20869,2025-08-10,6,5,13,16887
20870,2025-08-10,6,7,7,55993
20871,2025-08-10,6,8,1,15999
20872,2025-08-10,6,9,7,4193
20873,2025-08-10,6,10,1,299
20874,2025-08-10,6,11,2,4998
20875,2025-08-10,6,12,8,3192
20876,2025-08-10,6,14,1,299
20877,2025-08-10,6,15,12,59988
20878,2025-08-10,6,16,3,2397
20879,2025-08-10,6,17,2,7998
20880,2025-08-10,6,18,3,5397
20881,2025-08-10,6,19,10,189990
20882,2025-08-10,6,20,1,1299
20883,2025-08-10,6,21,12,29988
20884,2025-08-10,6,22,7,38493
20885,2025-08-10,6,23,4,19996
20886,2025-08-10,6,24,3,10497
20887,2025-08-10,6,25,10,49990
20888,2025-08-10,6,26,6,119994
20889,2025-08-10,6,27,2,2598
20890,2025-08-10,6,28,2,3598
20891,2025-08-10,6,29,11,27489
20892,2025-08-10,6,30,4,15996
20893,2025-08-10,6,31,10,19990
20894,2025-08-10,6,32,11,98989
20895,2025-08-10,6,33,6,77994
20896,2025-08-10,6,34,9,170991
20897,2025-08-10,6,35,4,11996
20898,2025-08-10,6,36,7,10493
20899,2025-08-10,6,37,6,13794
20900,2025-08-10,6,38,9,80991
20901,2025-08-10,6,39,3,10497
20902,2025-08-10,6,40,4,2396
20903,2025-08-10,6,41,7,17493
20904,2025-08-10,6,42,1,1799
20905,2025-08-10,6,43,3,5997
20906,2025-08-10,6,44,4,5196
20907,2025-08-10,6,45,1,4999
20908,2025-08-10,6,46,4,3196
20909,2025-08-10,6,47,1,3499
20910,2025-08-10,6,48,5,19995
20911,2025-08-10,6,49,10,24990
20912,2025-08-10,6,50,4,5196
20913,2025-08-10,6,51,3,1497
20914,2025-08-10,6,52,1,1999
20915,2025-08-10,6,53,2,1798
20916,2025-08-10,6,54,17,10183
20917,2025-08-10,6,55,3,2697
20918,2025-08-10,6,56,4,2796
20919,2025-08-11,1,1,17,50983
20920,2025-08-11,1,3,3,14997
20921,2025-08-11,1,4,2,2998
20922,2025-08-11,1,5,8,10392
20923,2025-08-11,1,6,3,2697
20924,2025-08-11,1,7,10,79990
20925,2025-08-11,1,8,1,15999
20926,2025-08-11,1,9,4,2396
20927,2025-08-11,1,11,3,7497
20928,2025-08-11,1,12,4,1596
20929,2025-08-11,1,13,1,499
20930,2025-08-11,1,14,1,299
20931,2025-08-11,1,15,3,14997
20932,2025-08-11,1,16,3,2397
20933,2025-08-11,1,17,1,3999
20934,2025-08-11,1,18,4,7196
20935,2025-08-11,1,19,7,132993
20936,2025-08-11,1,21,8,19992
20937,2025-08-11,1,22,10,54990
20938,2025-08-11,1,23,5,24995
20939,2025-08-11,1,24,1,3499
20940,2025-08-11,1,25,6,29994
20941,2025-08-11,1,26,2,39998
20942,2025-08-11,1,28,1,1799
20943,2025-08-11,1,29,11,27489
20944,2025-08-11,1,30,7,27993
20945,2025-08-11,1,31,9,17991
20946,2025-08-11,1,32,7,62993
20947,2025-08-11,1,33,4,51996
20948,2025-08-11,1,34,12,227988
20949,2025-08-11,1,35,3,8997
20950,2025-08-11,1,36,4,5996
20951,2025-08-11,1,37,4,9196
20952,2025-08-11,1,38,3,26997
20953,2025-08-11,1,39,6,20994
20954,2025-08-11,1,40,7,4193
20955,2025-08-11,1,41,7,17493
20956,2025-08-11,1,43,2,3998
20957,2025-08-11,1,44,4,5196
20958,2025-08-11,1,45,1,4999
20959,2025-08-11,1,46,1,799
20960,2025-08-11,1,47,1,3499
20961,2025-08-11,1,48,3,11997
20962,2025-08-11,1,49,7,17493
20963,2025-08-11,1,50,2,2598
20964,2025-08-11,1,51,4,1996
20965,2025-08-11,1,52,2,3998
20966,2025-08-11,1,53,2,1798
20967,2025-08-11,1,54,7,4193
20968,2025-08-11,1,55,6,5394
20969,2025-08-11,1,56,5,3495
20970,2025-08-11,2,1,5,14995
20971,2025-08-11,2,3,2,9998
20972,2025-08-11,2,4,1,1499
20973,2025-08-11,2,5,15,19485
20974,2025-08-11,2,6,1,899
20975,2025-08-11,2,7,5,39995
20976,2025-08-11,2,9,5,2995
20977,2025-08-11,2,10,1,299
20978,2025-08-11,2,11,2,4998
20979,2025-08-11,2,12,4,1596
20980,2025-08-11,2,14,2,598
20981,2025-08-11,2,15,6,29994
20982,2025-08-11,2,16,6,4794
20983,2025-08-11,2,17,1,3999
20984,2025-08-11,2,18,5,8995
20985,2025-08-11,2,19,5,94995
20986,2025-08-11,2,21,6,14994
20987,2025-08-11,2,22,3,16497
20988,2025-08-11,2,23,3,14997
20989,2025-08-11,2,24,1,3499
20990,2025-08-11,2,25,6,29994
20991,2025-08-11,2,26,1,19999
20992,2025-08-11,2,27,1,1299
20993,2025-08-11,2,28,1,1799
20994,2025-08-11,2,29,8,19992
20995,2025-08-11,2,30,3,11997
20996,2025-08-11,2,31,5,9995
20997,2025-08-11,2,32,10,89990
20998,2025-08-11,2,33,4,51996
20999,2025-08-11,2,34,4,75996
21000,2025-08-11,2,35,3,8997
21001,2025-08-11,2,36,4,5996
21002,2025-08-11,2,37,4,9196
21003,2025-08-11,2,38,5,44995
21004,2025-08-11,2,39,6,20994
21005,2025-08-11,2,40,5,2995
21006,2025-08-11,2,41,6,14994
21007,2025-08-11,2,43,3,5997
21008,2025-08-11,2,44,1,1299
21009,2025-08-11,2,45,1,4999
21010,2025-08-11,2,46,1,799
21011,2025-08-11,2,47,1,3499
21012,2025-08-11,2,48,1,3999
21013,2025-08-11,2,49,3,7497
21014,2025-08-11,2,50,1,1299
21015,2025-08-11,2,51,3,1497
21016,2025-08-11,2,52,1,1999
21017,2025-08-11,2,53,2,1798
21018,2025-08-11,2,54,10,5990
21019,2025-08-11,2,55,6,5394
21020,2025-08-11,2,56,3,2097
21021,2025-08-11,3,1,4,11996
21022,2025-08-11,3,3,1,4999
21023,2025-08-11,3,4,1,1499
21024,2025-08-11,3,5,12,15588
21025,2025-08-11,3,6,1,899
21026,2025-08-11,3,7,2,15998
21027,2025-08-11,3,8,1,15999
21028,2025-08-11,3,9,1,599
21029,2025-08-11,3,11,1,2499
21030,2025-08-11,3,12,4,1596
21031,2025-08-11,3,14,2,598
21032,2025-08-11,3,15,4,19996
21033,2025-08-11,3,16,4,3196
21034,2025-08-11,3,17,2,7998
21035,2025-08-11,3,18,4,7196
21036,2025-08-11,3,19,6,113994
21037,2025-08-11,3,21,7,17493
21038,2025-08-11,3,22,7,38493
21039,2025-08-11,3,23,3,14997
21040,2025-08-11,3,24,1,3499
21041,2025-08-11,3,25,5,24995
21042,2025-08-11,3,26,2,39998
21043,2025-08-11,3,27,1,1299
21044,2025-08-11,3,28,1,1799
21045,2025-08-11,3,29,5,12495
21046,2025-08-11,3,30,3,11997
21047,2025-08-11,3,31,9,17991
21048,2025-08-11,3,32,9,80991
21049,2025-08-11,3,33,4,51996
21050,2025-08-11,3,34,10,189990
21051,2025-08-11,3,35,2,5998
21052,2025-08-11,3,36,2,2998
21053,2025-08-11,3,37,7,16093
21054,2025-08-11,3,38,4,35996
21055,2025-08-11,3,39,5,17495
21056,2025-08-11,3,40,4,2396
21057,2025-08-11,3,41,5,12495
21058,2025-08-11,3,43,2,3998
21059,2025-08-11,3,44,2,2598
21060,2025-08-11,3,45,1,4999
21061,2025-08-11,3,46,2,1598
21062,2025-08-11,3,47,1,3499
21063,2025-08-11,3,48,1,3999
21064,2025-08-11,3,49,5,12495
21065,2025-08-11,3,50,1,1299
21066,2025-08-11,3,51,2,998
21067,2025-08-11,3,52,1,1999
21068,2025-08-11,3,53,1,899
21069,2025-08-11,3,54,6,3594
21070,2025-08-11,3,55,3,2697
21071,2025-08-11,3,56,4,2796
21072,2025-08-11,4,1,2,5998
21073,2025-08-11,4,3,3,14997
21074,2025-08-11,4,4,1,1499
21075,2025-08-11,4,5,22,28578
21076,2025-08-11,4,6,3,2697
21077,2025-08-11,4,7,8,63992
21078,2025-08-11,4,8,1,15999
21079,2025-08-11,4,9,4,2396
21080,2025-08-11,4,11,2,4998
21081,2025-08-11,4,12,6,2394
21082,2025-08-11,4,14,2,598
21083,2025-08-11,4,15,5,24995
21084,2025-08-11,4,16,5,3995
21085,2025-08-11,4,17,2,7998
21086,2025-08-11,4,18,5,8995
21087,2025-08-11,4,19,11,208989
21088,2025-08-11,4,21,8,19992
21089,2025-08-11,4,22,5,27495
21090,2025-08-11,4,23,3,14997
21091,2025-08-11,4,24,1,3499
21092,2025-08-11,4,25,10,49990
21093,2025-08-11,4,26,4,79996
21094,2025-08-11,4,27,1,1299
21095,2025-08-11,4,29,4,9996
21096,2025-08-11,4,30,7,27993
21097,2025-08-11,4,31,10,19990
21098,2025-08-11,4,32,6,53994
21099,2025-08-11,4,33,5,64995
21100,2025-08-11,4,34,10,189990
21101,2025-08-11,4,35,4,11996
21102,2025-08-11,4,36,3,4497
21103,2025-08-11,4,37,11,25289
21104,2025-08-11,4,38,4,35996
21105,2025-08-11,4,39,9,31491
21106,2025-08-11,4,40,9,5391
21107,2025-08-11,4,41,6,14994
21108,2025-08-11,4,43,2,3998
21109,2025-08-11,4,44,2,2598
21110,2025-08-11,4,45,1,4999
21111,2025-08-11,4,46,1,799
21112,2025-08-11,4,47,1,3499
21113,2025-08-11,4,48,3,11997
21114,2025-08-11,4,49,7,17493
21115,2025-08-11,4,50,6,7794
21116,2025-08-11,4,51,4,1996
21117,2025-08-11,4,52,2,3998
21118,2025-08-11,4,53,3,2697
21119,2025-08-11,4,54,8,4792
21120,2025-08-11,4,55,5,4495
21121,2025-08-11,4,56,6,4194
21122,2025-08-11,5,1,4,11996
21123,2025-08-11,5,3,2,9998
21124,2025-08-11,5,4,2,2998
21125,2025-08-11,5,5,7,9093
21126,2025-08-11,5,6,1,899
21127,2025-08-11,5,7,4,31996
21128,2025-08-11,5,8,1,15999
21129,2025-08-11,5,9,3,1797
21130,2025-08-11,5,11,1,2499
21131,2025-08-11,5,12,2,798
21132,2025-08-11,5,14,2,598
21133,2025-08-11,5,15,6,29994
21134,2025-08-11,5,16,3,2397
21135,2025-08-11,5,17,2,7998
21136,2025-08-11,5,18,1,1799
21137,2025-08-11,5,19,6,113994
21138,2025-08-11,5,21,6,14994
21139,2025-08-11,5,22,2,10998
21140,2025-08-11,5,23,1,4999
21141,2025-08-11,5,24,1,3499
21142,2025-08-11,5,25,6,29994
21143,2025-08-11,5,26,2,39998
21144,2025-08-11,5,27,1,1299
21145,2025-08-11,5,28,1,1799
21146,2025-08-11,5,29,6,14994
21147,2025-08-11,5,30,3,11997
21148,2025-08-11,5,31,5,9995
21149,2025-08-11,5,32,5,44995
21150,2025-08-11,5,33,3,38997
21151,2025-08-11,5,34,7,132993
21152,2025-08-11,5,35,2,5998
21153,2025-08-11,5,36,3,4497
21154,2025-08-11,5,37,3,6897
21155,2025-08-11,5,38,3,26997
21156,2025-08-11,5,39,5,17495
21157,2025-08-11,5,40,4,2396
21158,2025-08-11,5,41,5,12495
21159,2025-08-11,5,43,2,3998
21160,2025-08-11,5,44,2,2598
21161,2025-08-11,5,46,1,799
21162,2025-08-11,5,47,1,3499
21163,2025-08-11,5,48,3,11997
21164,2025-08-11,5,49,5,12495
21165,2025-08-11,5,50,3,3897
21166,2025-08-11,5,51,2,998
21167,2025-08-11,5,52,1,1999
21168,2025-08-11,5,53,1,899
21169,2025-08-11,5,54,5,2995
21170,2025-08-11,5,55,3,2697
21171,2025-08-11,5,56,5,3495
21172,2025-08-11,6,1,5,14995
21173,2025-08-11,6,3,3,14997
21174,2025-08-11,6,4,2,2998
21175,2025-08-11,6,5,18,23382
21176,2025-08-11,6,6,1,899
21177,2025-08-11,6,7,8,63992
21178,2025-08-11,6,9,3,1797
21179,2025-08-11,6,11,2,4998
21180,2025-08-11,6,12,2,798
21181,2025-08-11,6,14,2,598
21182,2025-08-11,6,15,6,29994
21183,2025-08-11,6,16,2,1598
21184,2025-08-11,6,17,3,11997
21185,2025-08-11,6,18,6,10794
21186,2025-08-11,6,19,7,132993
21187,2025-08-11,6,21,5,12495
21188,2025-08-11,6,22,6,32994
21189,2025-08-11,6,23,4,19996
21190,2025-08-11,6,24,1,3499
21191,2025-08-11,6,25,6,29994
21192,2025-08-11,6,26,3,59997
21193,2025-08-11,6,27,1,1299
21194,2025-08-11,6,28,1,1799
21195,2025-08-11,6,29,5,12495
21196,2025-08-11,6,30,3,11997
21197,2025-08-11,6,31,11,21989
21198,2025-08-11,6,32,10,89990
21199,2025-08-11,6,33,7,90993
21200,2025-08-11,6,34,8,151992
21201,2025-08-11,6,35,4,11996
21202,2025-08-11,6,36,5,7495
21203,2025-08-11,6,37,7,16093
21204,2025-08-11,6,38,7,62993
21205,2025-08-11,6,39,9,31491
21206,2025-08-11,6,40,5,2995
21207,2025-08-11,6,41,7,17493
21208,2025-08-11,6,43,2,3998
21209,2025-08-11,6,44,3,3897
21210,2025-08-11,6,45,1,4999
21211,2025-08-11,6,46,2,1598
21212,2025-08-11,6,47,1,3499
21213,2025-08-11,6,48,2,7998
21214,2025-08-11,6,49,5,12495
21215,2025-08-11,6,50,3,3897
21216,2025-08-11,6,51,4,1996
21217,2025-08-11,6,52,3,5997
21218,2025-08-11,6,53,2,1798
21219,2025-08-11,6,54,9,5391
21220,2025-08-11,6,55,3,2697
21221,2025-08-11,6,56,5,3495
21222,2025-08-12,1,1,16,47984
21223,2025-08-12,1,3,4,19996
21224,2025-08-12,1,4,3,4497
21225,2025-08-12,1,5,12,15588
21226,2025-08-12,1,6,1,899
21227,2025-08-12,1,7,9,71991
21228,2025-08-12,1,9,5,2995
21229,2025-08-12,1,11,2,4998
21230,2025-08-12,1,12,2,798
21231,2025-08-12,1,14,1,299
21232,2025-08-12,1,15,7,34993
21233,2025-08-12,1,16,6,4794
21234,2025-08-12,1,17,2,7998
21235,2025-08-12,1,18,3,5397
21236,2025-08-12,1,19,10,189990
21237,2025-08-12,1,21,5,12495
21238,2025-08-12,1,22,5,27495
21239,2025-08-12,1,23,1,4999
21240,2025-08-12,1,24,2,6998
21241,2025-08-12,1,25,13,64987
21242,2025-08-12,1,26,2,39998
21243,2025-08-12,1,27,2,2598
21244,2025-08-12,1,28,1,1799
21245,2025-08-12,1,29,7,17493
21246,2025-08-12,1,30,9,35991
21247,2025-08-12,1,31,4,7996
21248,2025-08-12,1,32,8,71992
21249,2025-08-12,1,33,6,77994
21250,2025-08-12,1,34,9,170991
21251,2025-08-12,1,35,6,17994
21252,2025-08-12,1,36,5,7495
21253,2025-08-12,1,37,10,22990
21254,2025-08-12,1,38,5,44995
21255,2025-08-12,1,39,6,20994
21256,2025-08-12,1,40,3,1797
21257,2025-08-12,1,41,3,7497
21258,2025-08-12,1,42,1,1799
21259,2025-08-12,1,43,1,1999
21260,2025-08-12,1,44,1,1299
21261,2025-08-12,1,45,1,4999
21262,2025-08-12,1,46,2,1598
21263,2025-08-12,1,47,1,3499
21264,2025-08-12,1,48,3,11997
21265,2025-08-12,1,49,4,9996
21266,2025-08-12,1,50,3,3897
21267,2025-08-12,1,51,3,1497
21268,2025-08-12,1,52,2,3998
21269,2025-08-12,1,53,2,1798
21270,2025-08-12,1,54,4,2396
21271,2025-08-12,1,55,6,5394
21272,2025-08-12,1,56,3,2097
21273,2025-08-12,2,1,8,23992
21274,2025-08-12,2,3,2,9998
21275,2025-08-12,2,5,11,14289
21276,2025-08-12,2,6,2,1798
21277,2025-08-12,2,7,8,63992
21278,2025-08-12,2,8,1,15999
21279,2025-08-12,2,9,3,1797
21280,2025-08-12,2,11,1,2499
21281,2025-08-12,2,12,5,1995
21282,2025-08-12,2,13,1,499
21283,2025-08-12,2,14,1,299
21284,2025-08-12,2,15,5,24995
21285,2025-08-12,2,16,4,3196
21286,2025-08-12,2,17,1,3999
21287,2025-08-12,2,18,2,3598
21288,2025-08-12,2,19,5,94995
21289,2025-08-12,2,21,6,14994
21290,2025-08-12,2,22,3,16497
21291,2025-08-12,2,23,3,14997
21292,2025-08-12,2,24,1,3499
21293,2025-08-12,2,25,6,29994
21294,2025-08-12,2,26,3,59997
21295,2025-08-12,2,27,1,1299
21296,2025-08-12,2,28,1,1799
21297,2025-08-12,2,29,10,24990
21298,2025-08-12,2,30,5,19995
21299,2025-08-12,2,31,6,11994
21300,2025-08-12,2,32,8,71992
21301,2025-08-12,2,33,4,51996
21302,2025-08-12,2,34,14,265986
21303,2025-08-12,2,35,3,8997
21304,2025-08-12,2,36,5,7495
21305,2025-08-12,2,37,4,9196
21306,2025-08-12,2,38,1,8999
21307,2025-08-12,2,39,5,17495
21308,2025-08-12,2,40,4,2396
21309,2025-08-12,2,41,7,17493
21310,2025-08-12,2,43,2,3998
21311,2025-08-12,2,44,2,2598
21312,2025-08-12,2,45,1,4999
21313,2025-08-12,2,46,1,799
21314,2025-08-12,2,47,1,3499
21315,2025-08-12,2,48,2,7998
21316,2025-08-12,2,49,4,9996
21317,2025-08-12,2,50,4,5196
21318,2025-08-12,2,51,3,1497
21319,2025-08-12,2,52,1,1999
21320,2025-08-12,2,53,2,1798
21321,2025-08-12,2,54,6,3594
21322,2025-08-12,2,55,4,3596
21323,2025-08-12,2,56,6,4194
21324,2025-08-12,3,1,4,11996
21325,2025-08-12,3,3,2,9998
21326,2025-08-12,3,4,1,1499
21327,2025-08-12,3,5,10,12990
21328,2025-08-12,3,6,1,899
21329,2025-08-12,3,7,6,47994
21330,2025-08-12,3,8,1,15999
21331,2025-08-12,3,9,3,1797
21332,2025-08-12,3,12,2,798
21333,2025-08-12,3,14,1,299
21334,2025-08-12,3,15,7,34993
21335,2025-08-12,3,16,4,3196
21336,2025-08-12,3,17,1,3999
21337,2025-08-12,3,18,5,8995
21338,2025-08-12,3,19,6,113994
21339,2025-08-12,3,21,5,12495
21340,2025-08-12,3,22,3,16497
21341,2025-08-12,3,23,1,4999
21342,2025-08-12,3,24,1,3499
21343,2025-08-12,3,25,8,39992
21344,2025-08-12,3,26,2,39998
21345,2025-08-12,3,27,1,1299
21346,2025-08-12,3,28,1,1799
21347,2025-08-12,3,29,7,17493
21348,2025-08-12,3,30,5,19995
21349,2025-08-12,3,31,5,9995
21350,2025-08-12,3,32,6,53994
21351,2025-08-12,3,33,5,64995
21352,2025-08-12,3,34,6,113994
21353,2025-08-12,3,35,3,8997
21354,2025-08-12,3,36,5,7495
21355,2025-08-12,3,37,5,11495
21356,2025-08-12,3,38,5,44995
21357,2025-08-12,3,39,7,24493
21358,2025-08-12,3,40,3,1797
21359,2025-08-12,3,41,4,9996
21360,2025-08-12,3,43,1,1999
21361,2025-08-12,3,44,1,1299
21362,2025-08-12,3,45,1,4999
21363,2025-08-12,3,46,2,1598
21364,2025-08-12,3,47,1,3499
21365,2025-08-12,3,48,2,7998
21366,2025-08-12,3,49,2,4998
21367,2025-08-12,3,50,2,2598
21368,2025-08-12,3,51,3,1497
21369,2025-08-12,3,52,1,1999
21370,2025-08-12,3,53,1,899
21371,2025-08-12,3,54,8,4792
21372,2025-08-12,3,55,4,3596
21373,2025-08-12,3,56,4,2796
21374,2025-08-12,4,1,4,11996
21375,2025-08-12,4,3,3,14997
21376,2025-08-12,4,4,3,4497
21377,2025-08-12,4,5,4,5196
21378,2025-08-12,4,6,2,1798
21379,2025-08-12,4,7,9,71991
21380,2025-08-12,4,8,1,15999
21381,2025-08-12,4,9,4,2396
21382,2025-08-12,4,10,1,299
21383,2025-08-12,4,11,2,4998
21384,2025-08-12,4,12,7,2793
21385,2025-08-12,4,14,2,598
21386,2025-08-12,4,15,3,14997
21387,2025-08-12,4,16,6,4794
21388,2025-08-12,4,17,2,7998
21389,2025-08-12,4,18,10,17990
21390,2025-08-12,4,19,5,94995
21391,2025-08-12,4,21,6,14994
21392,2025-08-12,4,22,7,38493
21393,2025-08-12,4,23,4,19996
21394,2025-08-12,4,24,2,6998
21395,2025-08-12,4,25,6,29994
21396,2025-08-12,4,26,3,59997
21397,2025-08-12,4,28,1,1799
21398,2025-08-12,4,29,12,29988
21399,2025-08-12,4,30,4,15996
21400,2025-08-12,4,31,9,17991
21401,2025-08-12,4,32,4,35996
21402,2025-08-12,4,33,5,64995
21403,2025-08-12,4,34,13,246987
21404,2025-08-12,4,35,3,8997
21405,2025-08-12,4,36,5,7495
21406,2025-08-12,4,37,7,16093
21407,2025-08-12,4,38,6,53994
21408,2025-08-12,4,39,4,13996
21409,2025-08-12,4,40,7,4193
21410,2025-08-12,4,41,6,14994
21411,2025-08-12,4,43,2,3998
21412,2025-08-12,4,44,2,2598
21413,2025-08-12,4,45,1,4999
21414,2025-08-12,4,46,2,1598
21415,2025-08-12,4,47,1,3499
21416,2025-08-12,4,48,4,15996
21417,2025-08-12,4,49,5,12495
21418,2025-08-12,4,50,5,6495
21419,2025-08-12,4,51,5,2495
21420,2025-08-12,4,52,2,3998
21421,2025-08-12,4,53,2,1798
21422,2025-08-12,4,54,5,2995
21423,2025-08-12,4,55,3,2697
21424,2025-08-12,4,56,5,3495
21425,2025-08-12,5,1,1,2999
21426,2025-08-12,5,3,3,14997
21427,2025-08-12,5,4,1,1499
21428,2025-08-12,5,5,10,12990
21429,2025-08-12,5,6,1,899
21430,2025-08-12,5,7,3,23997
21431,2025-08-12,5,9,3,1797
21432,2025-08-12,5,11,1,2499
21433,2025-08-12,5,12,5,1995
21434,2025-08-12,5,14,1,299
21435,2025-08-12,5,15,3,14997
21436,2025-08-12,5,16,4,3196
21437,2025-08-12,5,17,1,3999
21438,2025-08-12,5,18,4,7196
21439,2025-08-12,5,19,3,56997
21440,2025-08-12,5,21,6,14994
21441,2025-08-12,5,22,3,16497
21442,2025-08-12,5,23,2,9998
21443,2025-08-12,5,25,6,29994
21444,2025-08-12,5,26,1,19999
21445,2025-08-12,5,27,1,1299
21446,2025-08-12,5,29,6,14994
21447,2025-08-12,5,30,3,11997
21448,2025-08-12,5,31,5,9995
21449,2025-08-12,5,32,4,35996
21450,2025-08-12,5,33,4,51996
21451,2025-08-12,5,34,8,151992
21452,2025-08-12,5,35,2,5998
21453,2025-08-12,5,36,4,5996
21454,2025-08-12,5,37,6,13794
21455,2025-08-12,5,39,6,20994
21456,2025-08-12,5,40,4,2396
21457,2025-08-12,5,41,6,14994
21458,2025-08-12,5,43,1,1999
21459,2025-08-12,5,44,2,2598
21460,2025-08-12,5,45,1,4999
21461,2025-08-12,5,46,1,799
21462,2025-08-12,5,48,1,3999
21463,2025-08-12,5,49,1,2499
21464,2025-08-12,5,50,3,3897
21465,2025-08-12,5,52,1,1999
21466,2025-08-12,5,53,2,1798
21467,2025-08-12,5,54,7,4193
21468,2025-08-12,5,55,5,4495
21469,2025-08-12,5,56,4,2796
21470,2025-08-12,6,1,3,8997
21471,2025-08-12,6,3,3,14997
21472,2025-08-12,6,4,2,2998
21473,2025-08-12,6,5,11,14289
21474,2025-08-12,6,6,2,1798
21475,2025-08-12,6,7,8,63992
21476,2025-08-12,6,8,1,15999
21477,2025-08-12,6,9,2,1198
21478,2025-08-12,6,11,2,4998
21479,2025-08-12,6,12,3,1197
21480,2025-08-12,6,14,1,299
21481,2025-08-12,6,15,7,34993
21482,2025-08-12,6,16,6,4794
21483,2025-08-12,6,17,1,3999
21484,2025-08-12,6,18,7,12593
21485,2025-08-12,6,19,6,113994
21486,2025-08-12,6,21,8,19992
21487,2025-08-12,6,22,5,27495
21488,2025-08-12,6,23,1,4999
21489,2025-08-12,6,24,1,3499
21490,2025-08-12,6,25,13,64987
21491,2025-08-12,6,26,4,79996
21492,2025-08-12,6,27,1,1299
21493,2025-08-12,6,28,1,1799
21494,2025-08-12,6,29,5,12495
21495,2025-08-12,6,30,3,11997
21496,2025-08-12,6,31,3,5997
21497,2025-08-12,6,32,5,44995
21498,2025-08-12,6,33,4,51996
21499,2025-08-12,6,34,8,151992
21500,2025-08-12,6,35,3,8997
21501,2025-08-12,6,36,3,4497
21502,2025-08-12,6,37,9,20691
21503,2025-08-12,6,38,5,44995
21504,2025-08-12,6,39,9,31491
21505,2025-08-12,6,40,7,4193
21506,2025-08-12,6,41,9,22491
21507,2025-08-12,6,43,1,1999
21508,2025-08-12,6,44,3,3897
21509,2025-08-12,6,46,1,799
21510,2025-08-12,6,47,1,3499
21511,2025-08-12,6,48,2,7998
21512,2025-08-12,6,49,5,12495
21513,2025-08-12,6,50,2,2598
21514,2025-08-12,6,51,4,1996
21515,2025-08-12,6,52,2,3998
21516,2025-08-12,6,53,2,1798
21517,2025-08-12,6,54,9,5391
21518,2025-08-12,6,55,6,5394
21519,2025-08-12,6,56,6,4194
21520,2025-08-13,1,1,12,35988
21521,2025-08-13,1,3,3,14997
21522,2025-08-13,1,5,18,23382
21523,2025-08-13,1,6,2,1798
21524,2025-08-13,1,7,5,39995
21525,2025-08-13,1,9,4,2396
21526,2025-08-13,1,11,3,7497
21527,2025-08-13,1,12,8,3192
21528,2025-08-13,1,14,2,598
21529,2025-08-13,1,15,8,39992
21530,2025-08-13,1,16,3,2397
21531,2025-08-13,1,17,2,7998
21532,2025-08-13,1,18,6,10794
21533,2025-08-13,1,19,9,170991
21534,2025-08-13,1,21,9,22491
21535,2025-08-13,1,22,6,32994
21536,2025-08-13,1,23,2,9998
21537,2025-08-13,1,24,1,3499
21538,2025-08-13,1,25,11,54989
21539,2025-08-13,1,26,6,119994
21540,2025-08-13,1,27,1,1299
21541,2025-08-13,1,28,1,1799
21542,2025-08-13,1,29,10,24990
21543,2025-08-13,1,30,7,27993
21544,2025-08-13,1,31,7,13993
21545,2025-08-13,1,32,8,71992
21546,2025-08-13,1,33,3,38997
21547,2025-08-13,1,34,8,151992
21548,2025-08-13,1,35,3,8997
21549,2025-08-13,1,36,4,5996
21550,2025-08-13,1,37,12,27588
21551,2025-08-13,1,38,7,62993
21552,2025-08-13,1,39,8,27992
21553,2025-08-13,1,40,6,3594
21554,2025-08-13,1,41,5,12495
21555,2025-08-13,1,43,2,3998
21556,2025-08-13,1,44,1,1299
21557,2025-08-13,1,45,1,4999
21558,2025-08-13,1,46,1,799
21559,2025-08-13,1,47,1,3499
21560,2025-08-13,1,48,1,3999
21561,2025-08-13,1,49,6,14994
21562,2025-08-13,1,50,3,3897
21563,2025-08-13,1,51,4,1996
21564,2025-08-13,1,52,2,3998
21565,2025-08-13,1,53,2,1798
21566,2025-08-13,1,54,7,4193
21567,2025-08-13,1,55,9,8091
21568,2025-08-13,1,56,6,4194
21569,2025-08-13,2,1,6,17994
21570,2025-08-13,2,2,1,1999
21571,2025-08-13,2,3,1,4999
21572,2025-08-13,2,4,1,1499
21573,2025-08-13,2,5,6,7794
21574,2025-08-13,2,6,1,899
21575,2025-08-13,2,7,5,39995
21576,2025-08-13,2,8,1,15999
21577,2025-08-13,2,9,3,1797
21578,2025-08-13,2,10,1,299
21579,2025-08-13,2,11,1,2499
21580,2025-08-13,2,12,4,1596
21581,2025-08-13,2,14,1,299
21582,2025-08-13,2,15,7,34993
21583,2025-08-13,2,16,5,3995
21584,2025-08-13,2,17,1,3999
21585,2025-08-13,2,18,4,7196
21586,2025-08-13,2,19,5,94995
21587,2025-08-13,2,21,2,4998
21588,2025-08-13,2,22,9,49491
21589,2025-08-13,2,23,2,9998
21590,2025-08-13,2,24,1,3499
21591,2025-08-13,2,25,9,44991
21592,2025-08-13,2,27,1,1299
21593,2025-08-13,2,28,1,1799
21594,2025-08-13,2,29,9,22491
21595,2025-08-13,2,30,4,15996
21596,2025-08-13,2,31,4,7996
21597,2025-08-13,2,32,7,62993
21598,2025-08-13,2,33,3,38997
21599,2025-08-13,2,34,8,151992
21600,2025-08-13,2,35,4,11996
21601,2025-08-13,2,36,5,7495
21602,2025-08-13,2,37,6,13794
21603,2025-08-13,2,38,5,44995
21604,2025-08-13,2,39,5,17495
21605,2025-08-13,2,40,4,2396
21606,2025-08-13,2,41,7,17493
21607,2025-08-13,2,43,2,3998
21608,2025-08-13,2,44,1,1299
21609,2025-08-13,2,45,1,4999
21610,2025-08-13,2,46,2,1598
21611,2025-08-13,2,47,1,3499
21612,2025-08-13,2,48,2,7998
21613,2025-08-13,2,49,5,12495
21614,2025-08-13,2,50,4,5196
21615,2025-08-13,2,51,4,1996
21616,2025-08-13,2,52,1,1999
21617,2025-08-13,2,53,2,1798
21618,2025-08-13,2,54,7,4193
21619,2025-08-13,2,55,6,5394
21620,2025-08-13,2,56,5,3495
21621,2025-08-13,3,1,7,20993
21622,2025-08-13,3,3,3,14997
21623,2025-08-13,3,4,2,2998
21624,2025-08-13,3,5,13,16887
21625,2025-08-13,3,7,7,55993
21626,2025-08-13,3,8,1,15999
21627,2025-08-13,3,9,5,2995
21628,2025-08-13,3,11,1,2499
21629,2025-08-13,3,12,4,1596
21630,2025-08-13,3,14,1,299
21631,2025-08-13,3,15,4,19996
21632,2025-08-13,3,16,7,5593
21633,2025-08-13,3,17,1,3999
21634,2025-08-13,3,18,4,7196
21635,2025-08-13,3,19,5,94995
21636,2025-08-13,3,21,3,7497
21637,2025-08-13,3,22,4,21996
21638,2025-08-13,3,23,2,9998
21639,2025-08-13,3,24,1,3499
21640,2025-08-13,3,25,9,44991
21641,2025-08-13,3,26,3,59997
21642,2025-08-13,3,27,1,1299
21643,2025-08-13,3,28,1,1799
21644,2025-08-13,3,29,8,19992
21645,2025-08-13,3,30,3,11997
21646,2025-08-13,3,31,6,11994
21647,2025-08-13,3,32,5,44995
21648,2025-08-13,3,33,5,64995
21649,2025-08-13,3,34,5,94995
21650,2025-08-13,3,35,4,11996
21651,2025-08-13,3,36,3,4497
21652,2025-08-13,3,37,5,11495
21653,2025-08-13,3,38,4,35996
21654,2025-08-13,3,39,7,24493
21655,2025-08-13,3,40,4,2396
21656,2025-08-13,3,41,2,4998
21657,2025-08-13,3,43,1,1999
21658,2025-08-13,3,44,1,1299
21659,2025-08-13,3,45,1,4999
21660,2025-08-13,3,46,3,2397
21661,2025-08-13,3,47,1,3499
21662,2025-08-13,3,48,2,7998
21663,2025-08-13,3,49,5,12495
21664,2025-08-13,3,50,2,2598
21665,2025-08-13,3,51,2,998
21666,2025-08-13,3,52,1,1999
21667,2025-08-13,3,53,2,1798
21668,2025-08-13,3,54,5,2995
21669,2025-08-13,3,55,7,6293
21670,2025-08-13,3,56,4,2796
21671,2025-08-13,4,1,9,26991
21672,2025-08-13,4,2,1,1999
21673,2025-08-13,4,3,2,9998
21674,2025-08-13,4,4,3,4497
21675,2025-08-13,4,5,15,19485
21676,2025-08-13,4,6,2,1798
21677,2025-08-13,4,7,6,47994
21678,2025-08-13,4,8,1,15999
21679,2025-08-13,4,9,3,1797
21680,2025-08-13,4,10,1,299
21681,2025-08-13,4,11,2,4998
21682,2025-08-13,4,12,5,1995
21683,2025-08-13,4,13,1,499
21684,2025-08-13,4,14,3,897
21685,2025-08-13,4,15,9,44991
21686,2025-08-13,4,16,7,5593
21687,2025-08-13,4,17,2,7998
21688,2025-08-13,4,18,8,14392
21689,2025-08-13,4,19,2,37998
21690,2025-08-13,4,21,10,24990
21691,2025-08-13,4,22,3,16497
21692,2025-08-13,4,23,4,19996
21693,2025-08-13,4,24,2,6998
21694,2025-08-13,4,25,10,49990
21695,2025-08-13,4,26,2,39998
21696,2025-08-13,4,28,2,3598
21697,2025-08-13,4,29,10,24990
21698,2025-08-13,4,30,6,23994
21699,2025-08-13,4,31,10,19990
21700,2025-08-13,4,32,9,80991
21701,2025-08-13,4,33,3,38997
21702,2025-08-13,4,34,9,170991
21703,2025-08-13,4,35,3,8997
21704,2025-08-13,4,36,5,7495
21705,2025-08-13,4,37,11,25289
21706,2025-08-13,4,38,6,53994
21707,2025-08-13,4,39,11,38489
21708,2025-08-13,4,40,7,4193
21709,2025-08-13,4,41,10,24990
21710,2025-08-13,4,43,1,1999
21711,2025-08-13,4,44,3,3897
21712,2025-08-13,4,45,1,4999
21713,2025-08-13,4,46,3,2397
21714,2025-08-13,4,48,3,11997
21715,2025-08-13,4,49,8,19992
21716,2025-08-13,4,50,3,3897
21717,2025-08-13,4,51,5,2495
21718,2025-08-13,4,52,4,7996
21719,2025-08-13,4,53,2,1798
21720,2025-08-13,4,54,12,7188
21721,2025-08-13,4,55,4,3596
21722,2025-08-13,4,56,4,2796
21723,2025-08-13,5,1,1,2999
21724,2025-08-13,5,3,1,4999
21725,2025-08-13,5,4,2,2998
21726,2025-08-13,5,5,7,9093
21727,2025-08-13,5,6,1,899
21728,2025-08-13,5,7,4,31996
21729,2025-08-13,5,9,1,599
21730,2025-08-13,5,11,2,4998
21731,2025-08-13,5,12,2,798
21732,2025-08-13,5,14,1,299
21733,2025-08-13,5,15,4,19996
21734,2025-08-13,5,16,5,3995
21735,2025-08-13,5,17,2,7998
21736,2025-08-13,5,18,5,8995
21737,2025-08-13,5,19,3,56997
21738,2025-08-13,5,21,5,12495
21739,2025-08-13,5,22,4,21996
21740,2025-08-13,5,23,3,14997
21741,2025-08-13,5,24,1,3499
21742,2025-08-13,5,25,4,19996
21743,2025-08-13,5,26,3,59997
21744,2025-08-13,5,28,1,1799
21745,2025-08-13,5,29,6,14994
21746,2025-08-13,5,30,3,11997
21747,2025-08-13,5,31,7,13993
21748,2025-08-13,5,32,6,53994
21749,2025-08-13,5,33,1,12999
21750,2025-08-13,5,34,6,113994
21751,2025-08-13,5,35,3,8997
21752,2025-08-13,5,36,3,4497
21753,2025-08-13,5,37,6,13794
21754,2025-08-13,5,38,3,26997
21755,2025-08-13,5,39,6,20994
21756,2025-08-13,5,40,3,1797
21757,2025-08-13,5,41,4,9996
21758,2025-08-13,5,43,1,1999
21759,2025-08-13,5,44,3,3897
21760,2025-08-13,5,46,1,799
21761,2025-08-13,5,48,2,7998
21762,2025-08-13,5,49,4,9996
21763,2025-08-13,5,50,2,2598
21764,2025-08-13,5,51,3,1497
21765,2025-08-13,5,52,1,1999
21766,2025-08-13,5,53,1,899
21767,2025-08-13,5,54,5,2995
21768,2025-08-13,5,55,5,4495
21769,2025-08-13,5,56,4,2796
21770,2025-08-13,6,1,2,5998
21771,2025-08-13,6,3,2,9998
21772,2025-08-13,6,4,2,2998
21773,2025-08-13,6,5,10,12990
21774,2025-08-13,6,6,1,899
21775,2025-08-13,6,7,6,47994
21776,2025-08-13,6,9,4,2396
21777,2025-08-13,6,10,1,299
21778,2025-08-13,6,11,2,4998
21779,2025-08-13,6,12,4,1596
21780,2025-08-13,6,13,1,499
21781,2025-08-13,6,14,2,598
21782,2025-08-13,6,15,2,9998
21783,2025-08-13,6,16,6,4794
21784,2025-08-13,6,17,1,3999
21785,2025-08-13,6,18,5,8995
21786,2025-08-13,6,19,8,151992
21787,2025-08-13,6,21,5,12495
21788,2025-08-13,6,22,4,21996
21789,2025-08-13,6,23,3,14997
21790,2025-08-13,6,24,1,3499
21791,2025-08-13,6,25,8,39992
21792,2025-08-13,6,26,3,59997
21793,2025-08-13,6,27,1,1299
21794,2025-08-13,6,28,1,1799
21795,2025-08-13,6,29,3,7497
21796,2025-08-13,6,30,2,7998
21797,2025-08-13,6,31,7,13993
21798,2025-08-13,6,32,6,53994
21799,2025-08-13,6,33,4,51996
21800,2025-08-13,6,34,7,132993
21801,2025-08-13,6,35,4,11996
21802,2025-08-13,6,36,4,5996
21803,2025-08-13,6,37,4,9196
21804,2025-08-13,6,38,7,62993
21805,2025-08-13,6,39,6,20994
21806,2025-08-13,6,40,6,3594
21807,2025-08-13,6,41,3,7497
21808,2025-08-13,6,43,2,3998
21809,2025-08-13,6,44,4,5196
21810,2025-08-13,6,45,1,4999
21811,2025-08-13,6,46,2,1598
21812,2025-08-13,6,47,1,3499
21813,2025-08-13,6,48,2,7998
21814,2025-08-13,6,49,6,14994
21815,2025-08-13,6,50,3,3897
21816,2025-08-13,6,51,4,1996
21817,2025-08-13,6,53,2,1798
21818,2025-08-13,6,54,7,4193
21819,2025-08-13,6,55,4,3596
21820,2025-08-13,6,56,7,4893
21821,2025-08-14,1,1,13,38987
21822,2025-08-14,1,3,2,9998
21823,2025-08-14,1,4,2,2998
21824,2025-08-14,1,5,8,10392
21825,2025-08-14,1,6,2,1798
21826,2025-08-14,1,7,8,63992
21827,2025-08-14,1,8,1,15999
21828,2025-08-14,1,9,5,2995
21829,2025-08-14,1,10,1,299
21830,2025-08-14,1,11,2,4998
21831,2025-08-14,1,12,6,2394
21832,2025-08-14,1,13,1,499
21833,2025-08-14,1,14,2,598
21834,2025-08-14,1,15,6,29994
21835,2025-08-14,1,16,7,5593
21836,2025-08-14,1,17,2,7998
21837,2025-08-14,1,18,7,12593
21838,2025-08-14,1,19,3,56997
21839,2025-08-14,1,21,5,12495
21840,2025-08-14,1,22,8,43992
21841,2025-08-14,1,23,3,14997
21842,2025-08-14,1,24,1,3499
21843,2025-08-14,1,25,9,44991
21844,2025-08-14,1,26,2,39998
21845,2025-08-14,1,27,1,1299
21846,2025-08-14,1,28,1,1799
21847,2025-08-14,1,29,6,14994
21848,2025-08-14,1,30,7,27993
21849,2025-08-14,1,31,8,15992
21850,2025-08-14,1,32,6,53994
21851,2025-08-14,1,33,5,64995
21852,2025-08-14,1,34,9,170991
21853,2025-08-14,1,35,4,11996
21854,2025-08-14,1,36,4,5996
21855,2025-08-14,1,37,4,9196
21856,2025-08-14,1,38,5,44995
21857,2025-08-14,1,39,6,20994
21858,2025-08-14,1,40,6,3594
21859,2025-08-14,1,41,7,17493
21860,2025-08-14,1,42,1,1799
21861,2025-08-14,1,43,1,1999
21862,2025-08-14,1,44,3,3897
21863,2025-08-14,1,45,1,4999
21864,2025-08-14,1,46,1,799
21865,2025-08-14,1,47,2,6998
21866,2025-08-14,1,48,2,7998
21867,2025-08-14,1,49,3,7497
21868,2025-08-14,1,50,3,3897
21869,2025-08-14,1,51,3,1497
21870,2025-08-14,1,52,2,3998
21871,2025-08-14,1,53,3,2697
21872,2025-08-14,1,54,2,1198
21873,2025-08-14,1,55,8,7192
21874,2025-08-14,1,56,5,3495
21875,2025-08-14,2,1,4,11996
21876,2025-08-14,2,3,3,14997
21877,2025-08-14,2,4,3,4497
21878,2025-08-14,2,5,8,10392
21879,2025-08-14,2,7,7,55993
21880,2025-08-14,2,8,1,15999
21881,2025-08-14,2,9,4,2396
21882,2025-08-14,2,11,2,4998
21883,2025-08-14,2,12,2,798
21884,2025-08-14,2,14,2,598
21885,2025-08-14,2,15,7,34993
21886,2025-08-14,2,16,5,3995
21887,2025-08-14,2,17,1,3999
21888,2025-08-14,2,18,2,3598
21889,2025-08-14,2,19,6,113994
21890,2025-08-14,2,21,4,9996
21891,2025-08-14,2,22,7,38493
21892,2025-08-14,2,23,2,9998
21893,2025-08-14,2,24,2,6998
21894,2025-08-14,2,25,9,44991
21895,2025-08-14,2,26,3,59997
21896,2025-08-14,2,27,1,1299
21897,2025-08-14,2,28,1,1799
21898,2025-08-14,2,29,10,24990
21899,2025-08-14,2,30,3,11997
21900,2025-08-14,2,31,8,15992
21901,2025-08-14,2,32,8,71992
21902,2025-08-14,2,33,2,25998
21903,2025-08-14,2,34,10,189990
21904,2025-08-14,2,35,2,5998
21905,2025-08-14,2,36,5,7495
21906,2025-08-14,2,37,6,13794
21907,2025-08-14,2,38,5,44995
21908,2025-08-14,2,39,8,27992
21909,2025-08-14,2,40,3,1797
21910,2025-08-14,2,41,5,12495
21911,2025-08-14,2,43,1,1999
21912,2025-08-14,2,44,2,2598
21913,2025-08-14,2,45,1,4999
21914,2025-08-14,2,46,2,1598
21915,2025-08-14,2,47,1,3499
21916,2025-08-14,2,48,2,7998
21917,2025-08-14,2,49,7,17493
21918,2025-08-14,2,50,4,5196
21919,2025-08-14,2,51,2,998
21920,2025-08-14,2,52,1,1999
21921,2025-08-14,2,53,2,1798
21922,2025-08-14,2,54,5,2995
21923,2025-08-14,2,55,6,5394
21924,2025-08-14,2,56,3,2097
21925,2025-08-14,3,1,5,14995
21926,2025-08-14,3,3,1,4999
21927,2025-08-14,3,4,2,2998
21928,2025-08-14,3,5,9,11691
21929,2025-08-14,3,7,3,23997
21930,2025-08-14,3,9,3,1797
21931,2025-08-14,3,11,2,4998
21932,2025-08-14,3,12,3,1197
21933,2025-08-14,3,14,2,598
21934,2025-08-14,3,15,4,19996
21935,2025-08-14,3,16,4,3196
21936,2025-08-14,3,17,2,7998
21937,2025-08-14,3,18,2,3598
21938,2025-08-14,3,19,5,94995
21939,2025-08-14,3,21,6,14994
21940,2025-08-14,3,22,6,32994
21941,2025-08-14,3,23,1,4999
21942,2025-08-14,3,24,1,3499
21943,2025-08-14,3,25,6,29994
21944,2025-08-14,3,26,3,59997
21945,2025-08-14,3,27,1,1299
21946,2025-08-14,3,28,1,1799
21947,2025-08-14,3,29,8,19992
21948,2025-08-14,3,30,7,27993
21949,2025-08-14,3,31,2,3998
21950,2025-08-14,3,32,3,26997
21951,2025-08-14,3,33,1,12999
21952,2025-08-14,3,34,9,170991
21953,2025-08-14,3,35,2,5998
21954,2025-08-14,3,36,5,7495
21955,2025-08-14,3,37,6,13794
21956,2025-08-14,3,38,5,44995
21957,2025-08-14,3,39,6,20994
21958,2025-08-14,3,40,3,1797
21959,2025-08-14,3,41,5,12495
21960,2025-08-14,3,43,2,3998
21961,2025-08-14,3,44,3,3897
21962,2025-08-14,3,46,2,1598
21963,2025-08-14,3,47,1,3499
21964,2025-08-14,3,48,3,11997
21965,2025-08-14,3,49,5,12495
21966,2025-08-14,3,50,3,3897
21967,2025-08-14,3,51,2,998
21968,2025-08-14,3,52,1,1999
21969,2025-08-14,3,53,1,899
21970,2025-08-14,3,54,8,4792
21971,2025-08-14,3,55,3,2697
21972,2025-08-14,3,56,3,2097
21973,2025-08-14,4,1,6,17994
21974,2025-08-14,4,3,2,9998
21975,2025-08-14,4,4,1,1499
21976,2025-08-14,4,5,13,16887
21977,2025-08-14,4,6,2,1798
21978,2025-08-14,4,7,9,71991
21979,2025-08-14,4,8,1,15999
21980,2025-08-14,4,9,6,3594
21981,2025-08-14,4,10,1,299
21982,2025-08-14,4,11,2,4998
21983,2025-08-14,4,12,5,1995
21984,2025-08-14,4,14,2,598
21985,2025-08-14,4,15,8,39992
21986,2025-08-14,4,16,5,3995
21987,2025-08-14,4,17,3,11997
21988,2025-08-14,4,18,7,12593
21989,2025-08-14,4,19,6,113994
21990,2025-08-14,4,21,4,9996
21991,2025-08-14,4,22,2,10998
21992,2025-08-14,4,23,4,19996
21993,2025-08-14,4,24,2,6998
21994,2025-08-14,4,25,11,54989
21995,2025-08-14,4,26,6,119994
21996,2025-08-14,4,27,1,1299
21997,2025-08-14,4,28,2,3598
21998,2025-08-14,4,29,11,27489
21999,2025-08-14,4,30,4,15996
22000,2025-08-14,4,31,8,15992
22001,2025-08-14,4,32,7,62993
22002,2025-08-14,4,33,4,51996
22003,2025-08-14,4,34,12,227988
22004,2025-08-14,4,35,1,2999
22005,2025-08-14,4,36,6,8994
22006,2025-08-14,4,37,8,18392
22007,2025-08-14,4,38,7,62993
22008,2025-08-14,4,39,10,34990
22009,2025-08-14,4,40,8,4792
22010,2025-08-14,4,41,3,7497
22011,2025-08-14,4,42,1,1799
22012,2025-08-14,4,43,2,3998
22013,2025-08-14,4,44,4,5196
22014,2025-08-14,4,45,1,4999
22015,2025-08-14,4,46,2,1598
22016,2025-08-14,4,47,1,3499
22017,2025-08-14,4,48,4,15996
22018,2025-08-14,4,49,7,17493
22019,2025-08-14,4,50,3,3897
22020,2025-08-14,4,51,3,1497
22021,2025-08-14,4,52,3,5997
22022,2025-08-14,4,53,1,899
22023,2025-08-14,4,54,7,4193
22024,2025-08-14,4,55,7,6293
22025,2025-08-14,4,56,5,3495
22026,2025-08-14,5,1,4,11996
22027,2025-08-14,5,3,1,4999
22028,2025-08-14,5,4,2,2998
22029,2025-08-14,5,5,5,6495
22030,2025-08-14,5,6,1,899
22031,2025-08-14,5,7,8,63992
22032,2025-08-14,5,9,3,1797
22033,2025-08-14,5,11,1,2499
22034,2025-08-14,5,12,5,1995
22035,2025-08-14,5,14,2,598
22036,2025-08-14,5,15,5,24995
22037,2025-08-14,5,16,3,2397
22038,2025-08-14,5,17,2,7998
22039,2025-08-14,5,18,4,7196
22040,2025-08-14,5,19,6,113994
22041,2025-08-14,5,21,3,7497
22042,2025-08-14,5,22,5,27495
22043,2025-08-14,5,23,3,14997
22044,2025-08-14,5,24,1,3499
22045,2025-08-14,5,25,6,29994
22046,2025-08-14,5,26,1,19999
22047,2025-08-14,5,28,1,1799
22048,2025-08-14,5,29,5,12495
22049,2025-08-14,5,30,5,19995
22050,2025-08-14,5,31,7,13993
22051,2025-08-14,5,32,3,26997
22052,2025-08-14,5,33,5,64995
22053,2025-08-14,5,34,5,94995
22054,2025-08-14,5,35,2,5998
22055,2025-08-14,5,36,4,5996
22056,2025-08-14,5,37,6,13794
22057,2025-08-14,5,38,4,35996
22058,2025-08-14,5,39,5,17495
22059,2025-08-14,5,40,5,2995
22060,2025-08-14,5,41,3,7497
22061,2025-08-14,5,42,1,1799
22062,2025-08-14,5,43,1,1999
22063,2025-08-14,5,44,3,3897
22064,2025-08-14,5,46,1,799
22065,2025-08-14,5,47,1,3499
22066,2025-08-14,5,49,4,9996
22067,2025-08-14,5,50,3,3897
22068,2025-08-14,5,51,3,1497
22069,2025-08-14,5,52,1,1999
22070,2025-08-14,5,54,4,2396
22071,2025-08-14,5,55,6,5394
22072,2025-08-14,5,56,1,699
22073,2025-08-14,6,1,3,8997
22074,2025-08-14,6,3,2,9998
22075,2025-08-14,6,4,2,2998
22076,2025-08-14,6,5,18,23382
22077,2025-08-14,6,6,2,1798
22078,2025-08-14,6,7,6,47994
22079,2025-08-14,6,8,1,15999
22080,2025-08-14,6,9,3,1797
22081,2025-08-14,6,10,1,299
22082,2025-08-14,6,11,3,7497
22083,2025-08-14,6,12,3,1197
22084,2025-08-14,6,14,3,897
22085,2025-08-14,6,15,3,14997
22086,2025-08-14,6,16,3,2397
22087,2025-08-14,6,17,3,11997
22088,2025-08-14,6,18,5,8995
22089,2025-08-14,6,19,8,151992
22090,2025-08-14,6,21,6,14994
22091,2025-08-14,6,22,5,27495
22092,2025-08-14,6,23,3,14997
22093,2025-08-14,6,24,1,3499
22094,2025-08-14,6,25,7,34993
22095,2025-08-14,6,26,3,59997
22096,2025-08-14,6,27,1,1299
22097,2025-08-14,6,28,2,3598
22098,2025-08-14,6,29,7,17493
22099,2025-08-14,6,30,7,27993
22100,2025-08-14,6,31,8,15992
22101,2025-08-14,6,32,6,53994
22102,2025-08-14,6,33,5,64995
22103,2025-08-14,6,34,11,208989
22104,2025-08-14,6,35,3,8997
22105,2025-08-14,6,36,3,4497
22106,2025-08-14,6,37,10,22990
22107,2025-08-14,6,38,5,44995
22108,2025-08-14,6,39,7,24493
22109,2025-08-14,6,40,3,1797
22110,2025-08-14,6,41,5,12495
22111,2025-08-14,6,43,2,3998
22112,2025-08-14,6,44,2,2598
22113,2025-08-14,6,45,1,4999
22114,2025-08-14,6,46,3,2397
22115,2025-08-14,6,47,2,6998
22116,2025-08-14,6,48,3,11997
22117,2025-08-14,6,49,7,17493
22118,2025-08-14,6,50,5,6495
22119,2025-08-14,6,51,4,1996
22120,2025-08-14,6,52,2,3998
22121,2025-08-14,6,53,3,2697
22122,2025-08-14,6,54,6,3594
22123,2025-08-14,6,55,2,1798
22124,2025-08-14,6,56,6,4194
22125,2025-08-15,1,1,13,38987
22126,2025-08-15,1,2,1,1999
22127,2025-08-15,1,3,3,14997
22128,2025-08-15,1,4,3,4497
22129,2025-08-15,1,5,14,18186
22130,2025-08-15,1,6,1,899
22131,2025-08-15,1,7,9,71991
22132,2025-08-15,1,8,1,15999
22133,2025-08-15,1,9,4,2396
22134,2025-08-15,1,11,3,7497
22135,2025-08-15,1,12,4,1596
22136,2025-08-15,1,14,2,598
22137,2025-08-15,1,15,4,19996
22138,2025-08-15,1,16,2,1598
22139,2025-08-15,1,17,2,7998
22140,2025-08-15,1,18,4,7196
22141,2025-08-15,1,19,3,56997
22142,2025-08-15,1,21,11,27489
22143,2025-08-15,1,22,6,32994
22144,2025-08-15,1,23,3,14997
22145,2025-08-15,1,24,2,6998
22146,2025-08-15,1,25,10,49990
22147,2025-08-15,1,26,4,79996
22148,2025-08-15,1,27,1,1299
22149,2025-08-15,1,28,2,3598
22150,2025-08-15,1,29,7,17493
22151,2025-08-15,1,30,6,23994
22152,2025-08-15,1,31,10,19990
22153,2025-08-15,1,32,7,62993
22154,2025-08-15,1,33,6,77994
22155,2025-08-15,1,34,8,151992
22156,2025-08-15,1,35,4,11996
22157,2025-08-15,1,36,5,7495
22158,2025-08-15,1,37,8,18392
22159,2025-08-15,1,38,2,17998
22160,2025-08-15,1,39,9,31491
22161,2025-08-15,1,40,7,4193
22162,2025-08-15,1,41,4,9996
22163,2025-08-15,1,42,1,1799
22164,2025-08-15,1,43,2,3998
22165,2025-08-15,1,44,3,3897
22166,2025-08-15,1,45,1,4999
22167,2025-08-15,1,46,2,1598
22168,2025-08-15,1,47,2,6998
22169,2025-08-15,1,48,3,11997
22170,2025-08-15,1,49,4,9996
22171,2025-08-15,1,50,3,3897
22172,2025-08-15,1,51,3,1497
22173,2025-08-15,1,52,2,3998
22174,2025-08-15,1,53,1,899
22175,2025-08-15,1,54,11,6589
22176,2025-08-15,1,55,8,7192
22177,2025-08-15,1,56,4,2796
22178,2025-08-15,2,1,6,17994
22179,2025-08-15,2,3,3,14997
22180,2025-08-15,2,4,2,2998
22181,2025-08-15,2,5,14,18186
22182,2025-08-15,2,6,1,899
22183,2025-08-15,2,7,6,47994
22184,2025-08-15,2,9,3,1797
22185,2025-08-15,2,11,2,4998
22186,2025-08-15,2,12,2,798
22187,2025-08-15,2,14,1,299
22188,2025-08-15,2,15,3,14997
22189,2025-08-15,2,16,2,1598
22190,2025-08-15,2,17,1,3999
22191,2025-08-15,2,18,4,7196
22192,2025-08-15,2,19,6,113994
22193,2025-08-15,2,21,8,19992
22194,2025-08-15,2,22,4,21996
22195,2025-08-15,2,23,2,9998
22196,2025-08-15,2,24,2,6998
22197,2025-08-15,2,25,4,19996
22198,2025-08-15,2,26,2,39998
22199,2025-08-15,2,27,1,1299
22200,2025-08-15,2,28,1,1799
22201,2025-08-15,2,29,10,24990
22202,2025-08-15,2,30,6,23994
22203,2025-08-15,2,31,3,5997
22204,2025-08-15,2,32,8,71992
22205,2025-08-15,2,33,5,64995
22206,2025-08-15,2,34,4,75996
22207,2025-08-15,2,35,4,11996
22208,2025-08-15,2,36,5,7495
22209,2025-08-15,2,37,6,13794
22210,2025-08-15,2,38,4,35996
22211,2025-08-15,2,39,7,24493
22212,2025-08-15,2,40,3,1797
22213,2025-08-15,2,41,7,17493
22214,2025-08-15,2,43,2,3998
22215,2025-08-15,2,44,1,1299
22216,2025-08-15,2,45,1,4999
22217,2025-08-15,2,46,2,1598
22218,2025-08-15,2,47,1,3499
22219,2025-08-15,2,48,3,11997
22220,2025-08-15,2,49,5,12495
22221,2025-08-15,2,50,2,2598
22222,2025-08-15,2,51,2,998
22223,2025-08-15,2,52,1,1999
22224,2025-08-15,2,53,3,2697
22225,2025-08-15,2,54,8,4792
22226,2025-08-15,2,55,5,4495
22227,2025-08-15,2,56,8,5592
22228,2025-08-15,3,1,5,14995
22229,2025-08-15,3,3,2,9998
22230,2025-08-15,3,4,2,2998
22231,2025-08-15,3,5,10,12990
22232,2025-08-15,3,7,8,63992
22233,2025-08-15,3,8,1,15999
22234,2025-08-15,3,9,2,1198
22235,2025-08-15,3,11,1,2499
22236,2025-08-15,3,12,4,1596
22237,2025-08-15,3,14,1,299
22238,2025-08-15,3,15,5,24995
22239,2025-08-15,3,16,5,3995
22240,2025-08-15,3,17,1,3999
22241,2025-08-15,3,18,5,8995
22242,2025-08-15,3,19,6,113994
22243,2025-08-15,3,21,4,9996
22244,2025-08-15,3,22,4,21996
22245,2025-08-15,3,23,2,9998
22246,2025-08-15,3,24,1,3499
22247,2025-08-15,3,25,6,29994
22248,2025-08-15,3,26,4,79996
22249,2025-08-15,3,27,1,1299
22250,2025-08-15,3,28,1,1799
22251,2025-08-15,3,29,10,24990
22252,2025-08-15,3,30,5,19995
22253,2025-08-15,3,31,7,13993
22254,2025-08-15,3,32,3,26997
22255,2025-08-15,3,33,6,77994
22256,2025-08-15,3,34,5,94995
22257,2025-08-15,3,35,2,5998
22258,2025-08-15,3,36,5,7495
22259,2025-08-15,3,37,5,11495
22260,2025-08-15,3,38,4,35996
22261,2025-08-15,3,39,5,17495
22262,2025-08-15,3,40,5,2995
22263,2025-08-15,3,41,4,9996
22264,2025-08-15,3,43,1,1999
22265,2025-08-15,3,44,3,3897
22266,2025-08-15,3,45,1,4999
22267,2025-08-15,3,46,2,1598
22268,2025-08-15,3,47,1,3499
22269,2025-08-15,3,48,2,7998
22270,2025-08-15,3,49,6,14994
22271,2025-08-15,3,50,2,2598
22272,2025-08-15,3,51,2,998
22273,2025-08-15,3,52,1,1999
22274,2025-08-15,3,53,1,899
22275,2025-08-15,3,54,7,4193
22276,2025-08-15,3,55,6,5394
22277,2025-08-15,3,56,3,2097
22278,2025-08-15,4,1,7,20993
22279,2025-08-15,4,3,4,19996
22280,2025-08-15,4,4,2,2998
22281,2025-08-15,4,5,12,15588
22282,2025-08-15,4,6,2,1798
22283,2025-08-15,4,7,7,55993
22284,2025-08-15,4,8,2,31998
22285,2025-08-15,4,9,5,2995
22286,2025-08-15,4,11,2,4998
22287,2025-08-15,4,12,8,3192
22288,2025-08-15,4,14,2,598
22289,2025-08-15,4,15,4,19996
22290,2025-08-15,4,16,6,4794
22291,2025-08-15,4,17,3,11997
22292,2025-08-15,4,18,5,8995
22293,2025-08-15,4,19,6,113994
22294,2025-08-15,4,21,7,17493
22295,2025-08-15,4,22,4,21996
22296,2025-08-15,4,23,5,24995
22297,2025-08-15,4,24,1,3499
22298,2025-08-15,4,25,11,54989
22299,2025-08-15,4,26,5,99995
22300,2025-08-15,4,27,1,1299
22301,2025-08-15,4,28,1,1799
22302,2025-08-15,4,29,6,14994
22303,2025-08-15,4,30,6,23994
22304,2025-08-15,4,31,8,15992
22305,2025-08-15,4,32,10,89990
22306,2025-08-15,4,33,7,90993
22307,2025-08-15,4,34,14,265986
22308,2025-08-15,4,35,3,8997
22309,2025-08-15,4,36,4,5996
22310,2025-08-15,4,37,9,20691
22311,2025-08-15,4,38,4,35996
22312,2025-08-15,4,39,8,27992
22313,2025-08-15,4,40,8,4792
22314,2025-08-15,4,41,10,24990
22315,2025-08-15,4,43,2,3998
22316,2025-08-15,4,44,3,3897
22317,2025-08-15,4,45,1,4999
22318,2025-08-15,4,46,2,1598
22319,2025-08-15,4,47,2,6998
22320,2025-08-15,4,48,1,3999
22321,2025-08-15,4,49,7,17493
22322,2025-08-15,4,50,3,3897
22323,2025-08-15,4,51,3,1497
22324,2025-08-15,4,52,2,3998
22325,2025-08-15,4,53,4,3596
22326,2025-08-15,4,54,17,10183
22327,2025-08-15,4,55,8,7192
22328,2025-08-15,4,56,3,2097
22329,2025-08-15,5,1,4,11996
22330,2025-08-15,5,3,1,4999
22331,2025-08-15,5,4,1,1499
22332,2025-08-15,5,5,6,7794
22333,2025-08-15,5,6,2,1798
22334,2025-08-15,5,7,6,47994
22335,2025-08-15,5,9,5,2995
22336,2025-08-15,5,11,2,4998
22337,2025-08-15,5,12,3,1197
22338,2025-08-15,5,14,1,299
22339,2025-08-15,5,15,2,9998
22340,2025-08-15,5,16,3,2397
22341,2025-08-15,5,17,1,3999
22342,2025-08-15,5,18,3,5397
22343,2025-08-15,5,19,5,94995
22344,2025-08-15,5,21,6,14994
22345,2025-08-15,5,22,5,27495
22346,2025-08-15,5,23,3,14997
22347,2025-08-15,5,24,1,3499
22348,2025-08-15,5,25,9,44991
22349,2025-08-15,5,26,2,39998
22350,2025-08-15,5,27,1,1299
22351,2025-08-15,5,28,1,1799
22352,2025-08-15,5,29,5,12495
22353,2025-08-15,5,30,5,19995
22354,2025-08-15,5,31,3,5997
22355,2025-08-15,5,32,6,53994
22356,2025-08-15,5,33,4,51996
22357,2025-08-15,5,34,7,132993
22358,2025-08-15,5,35,2,5998
22359,2025-08-15,5,36,3,4497
22360,2025-08-15,5,37,6,13794
22361,2025-08-15,5,38,2,17998
22362,2025-08-15,5,39,7,24493
22363,2025-08-15,5,40,3,1797
22364,2025-08-15,5,41,4,9996
22365,2025-08-15,5,43,1,1999
22366,2025-08-15,5,44,1,1299
22367,2025-08-15,5,45,1,4999
22368,2025-08-15,5,46,1,799
22369,2025-08-15,5,47,1,3499
22370,2025-08-15,5,48,1,3999
22371,2025-08-15,5,49,6,14994
22372,2025-08-15,5,50,1,1299
22373,2025-08-15,5,51,2,998
22374,2025-08-15,5,52,1,1999
22375,2025-08-15,5,53,1,899
22376,2025-08-15,5,54,2,1198
22377,2025-08-15,5,55,3,2697
22378,2025-08-15,5,56,4,2796
22379,2025-08-15,6,1,3,8997
22380,2025-08-15,6,3,2,9998
22381,2025-08-15,6,4,1,1499
22382,2025-08-15,6,5,6,7794
22383,2025-08-15,6,6,1,899
22384,2025-08-15,6,7,4,31996
22385,2025-08-15,6,8,1,15999
22386,2025-08-15,6,9,4,2396
22387,2025-08-15,6,11,2,4998
22388,2025-08-15,6,12,2,798
22389,2025-08-15,6,14,2,598
22390,2025-08-15,6,15,4,19996
22391,2025-08-15,6,16,4,3196
22392,2025-08-15,6,17,1,3999
22393,2025-08-15,6,18,4,7196
22394,2025-08-15,6,19,10,189990
22395,2025-08-15,6,21,6,14994
22396,2025-08-15,6,22,5,27495
22397,2025-08-15,6,23,4,19996
22398,2025-08-15,6,24,1,3499
22399,2025-08-15,6,25,11,54989
22400,2025-08-15,6,26,3,59997
22401,2025-08-15,6,27,1,1299
22402,2025-08-15,6,28,1,1799
22403,2025-08-15,6,29,7,17493
22404,2025-08-15,6,30,8,31992
22405,2025-08-15,6,31,10,19990
22406,2025-08-15,6,32,7,62993
22407,2025-08-15,6,33,5,64995
22408,2025-08-15,6,34,10,189990
22409,2025-08-15,6,35,3,8997
22410,2025-08-15,6,36,5,7495
22411,2025-08-15,6,37,8,18392
22412,2025-08-15,6,38,4,35996
22413,2025-08-15,6,39,7,24493
22414,2025-08-15,6,40,5,2995
22415,2025-08-15,6,41,6,14994
22416,2025-08-15,6,43,2,3998
22417,2025-08-15,6,44,1,1299
22418,2025-08-15,6,46,1,799
22419,2025-08-15,6,47,1,3499
22420,2025-08-15,6,48,3,11997
22421,2025-08-15,6,49,5,12495
22422,2025-08-15,6,50,6,7794
22423,2025-08-15,6,51,3,1497
22424,2025-08-15,6,53,4,3596
22425,2025-08-15,6,54,8,4792
22426,2025-08-15,6,55,5,4495
22427,2025-08-15,6,56,4,2796
22428,2025-08-16,1,1,13,38987
22429,2025-08-16,1,2,1,1999
22430,2025-08-16,1,3,5,24995
22431,2025-08-16,1,4,3,4497
22432,2025-08-16,1,5,16,20784
22433,2025-08-16,1,6,2,1798
22434,2025-08-16,1,7,7,55993
22435,2025-08-16,1,8,1,15999
22436,2025-08-16,1,9,5,2995
22437,2025-08-16,1,10,1,299
22438,2025-08-16,1,11,3,7497
22439,2025-08-16,1,12,8,3192
22440,2025-08-16,1,14,3,897
22441,2025-08-16,1,15,7,34993
22442,2025-08-16,1,16,3,2397
22443,2025-08-16,1,17,2,7998
22444,2025-08-16,1,18,5,8995
22445,2025-08-16,1,19,13,246987
22446,2025-08-16,1,20,1,1299
22447,2025-08-16,1,21,10,24990
22448,2025-08-16,1,22,15,82485
22449,2025-08-16,1,23,5,24995
22450,2025-08-16,1,24,2,6998
22451,2025-08-16,1,25,14,69986
22452,2025-08-16,1,26,3,59997
22453,2025-08-16,1,27,2,2598
22454,2025-08-16,1,28,1,1799
22455,2025-08-16,1,29,12,29988
22456,2025-08-16,1,30,13,51987
22457,2025-08-16,1,31,14,27986
22458,2025-08-16,1,32,19,170981
22459,2025-08-16,1,33,7,90993
22460,2025-08-16,1,34,11,208989
22461,2025-08-16,1,35,6,17994
22462,2025-08-16,1,36,2,2998
22463,2025-08-16,1,37,7,16093
22464,2025-08-16,1,38,7,62993
22465,2025-08-16,1,39,9,31491
22466,2025-08-16,1,40,8,4792
22467,2025-08-16,1,41,10,24990
22468,2025-08-16,1,42,1,1799
22469,2025-08-16,1,43,3,5997
22470,2025-08-16,1,44,5,6495
22471,2025-08-16,1,45,2,9998
22472,2025-08-16,1,46,3,2397
22473,2025-08-16,1,47,2,6998
22474,2025-08-16,1,48,6,23994
22475,2025-08-16,1,49,5,12495
22476,2025-08-16,1,50,5,6495
22477,2025-08-16,1,51,4,1996
22478,2025-08-16,1,52,4,7996
22479,2025-08-16,1,53,4,3596
22480,2025-08-16,1,54,14,8386
22481,2025-08-16,1,55,9,8091
22482,2025-08-16,1,56,11,7689
22483,2025-08-16,2,1,8,23992
22484,2025-08-16,2,3,2,9998
22485,2025-08-16,2,4,3,4497
22486,2025-08-16,2,5,4,5196
22487,2025-08-16,2,6,1,899
22488,2025-08-16,2,7,13,103987
22489,2025-08-16,2,8,1,15999
22490,2025-08-16,2,9,7,4193
22491,2025-08-16,2,11,2,4998
22492,2025-08-16,2,12,7,2793
22493,2025-08-16,2,13,1,499
22494,2025-08-16,2,14,1,299
22495,2025-08-16,2,15,7,34993
22496,2025-08-16,2,16,8,6392
22497,2025-08-16,2,17,1,3999
22498,2025-08-16,2,18,6,10794
22499,2025-08-16,2,19,9,170991
22500,2025-08-16,2,21,7,17493
22501,2025-08-16,2,22,7,38493
22502,2025-08-16,2,23,4,19996
22503,2025-08-16,2,24,1,3499
22504,2025-08-16,2,25,11,54989
22505,2025-08-16,2,26,6,119994
22506,2025-08-16,2,27,2,2598
22507,2025-08-16,2,28,1,1799
22508,2025-08-16,2,29,13,32487
22509,2025-08-16,2,30,10,39990
22510,2025-08-16,2,31,14,27986
22511,2025-08-16,2,32,10,89990
22512,2025-08-16,2,33,4,51996
22513,2025-08-16,2,34,7,132993
22514,2025-08-16,2,35,2,5998
22515,2025-08-16,2,36,5,7495
22516,2025-08-16,2,37,7,16093
22517,2025-08-16,2,38,9,80991
22518,2025-08-16,2,39,10,34990
22519,2025-08-16,2,40,4,2396
22520,2025-08-16,2,41,9,22491
22521,2025-08-16,2,42,1,1799
22522,2025-08-16,2,43,3,5997
22523,2025-08-16,2,44,1,1299
22524,2025-08-16,2,45,1,4999
22525,2025-08-16,2,46,5,3995
22526,2025-08-16,2,47,2,6998
22527,2025-08-16,2,48,2,7998
22528,2025-08-16,2,49,3,7497
22529,2025-08-16,2,50,4,5196
22530,2025-08-16,2,51,3,1497
22531,2025-08-16,2,52,1,1999
22532,2025-08-16,2,53,3,2697
22533,2025-08-16,2,54,7,4193
22534,2025-08-16,2,55,6,5394
22535,2025-08-16,2,56,3,2097
22536,2025-08-16,3,1,6,17994
22537,2025-08-16,3,2,1,1999
22538,2025-08-16,3,3,3,14997
22539,2025-08-16,3,4,2,2998
22540,2025-08-16,3,5,9,11691
22541,2025-08-16,3,6,1,899
22542,2025-08-16,3,7,10,79990
22543,2025-08-16,3,8,1,15999
22544,2025-08-16,3,9,6,3594
22545,2025-08-16,3,11,2,4998
22546,2025-08-16,3,12,5,1995
22547,2025-08-16,3,14,2,598
22548,2025-08-16,3,15,6,29994
22549,2025-08-16,3,16,6,4794
22550,2025-08-16,3,17,1,3999
22551,2025-08-16,3,18,5,8995
22552,2025-08-16,3,19,5,94995
22553,2025-08-16,3,21,5,12495
22554,2025-08-16,3,22,5,27495
22555,2025-08-16,3,23,3,14997
22556,2025-08-16,3,24,1,3499
22557,2025-08-16,3,25,14,69986
22558,2025-08-16,3,26,4,79996
22559,2025-08-16,3,27,1,1299
22560,2025-08-16,3,28,1,1799
22561,2025-08-16,3,29,10,24990
22562,2025-08-16,3,30,7,27993
22563,2025-08-16,3,31,7,13993
22564,2025-08-16,3,32,7,62993
22565,2025-08-16,3,33,2,25998
22566,2025-08-16,3,34,3,56997
22567,2025-08-16,3,35,3,8997
22568,2025-08-16,3,36,3,4497
22569,2025-08-16,3,37,4,9196
22570,2025-08-16,3,38,4,35996
22571,2025-08-16,3,39,9,31491
22572,2025-08-16,3,40,5,2995
22573,2025-08-16,3,41,5,12495
22574,2025-08-16,3,43,2,3998
22575,2025-08-16,3,44,3,3897
22576,2025-08-16,3,46,2,1598
22577,2025-08-16,3,48,3,11997
22578,2025-08-16,3,49,7,17493
22579,2025-08-16,3,50,1,1299
22580,2025-08-16,3,51,4,1996
22581,2025-08-16,3,52,3,5997
22582,2025-08-16,3,53,2,1798
22583,2025-08-16,3,54,7,4193
22584,2025-08-16,3,55,6,5394
22585,2025-08-16,3,56,5,3495
22586,2025-08-16,4,1,8,23992
22587,2025-08-16,4,2,1,1999
22588,2025-08-16,4,3,4,19996
22589,2025-08-16,4,4,4,5996
22590,2025-08-16,4,5,17,22083
22591,2025-08-16,4,6,2,1798
22592,2025-08-16,4,7,10,79990
22593,2025-08-16,4,8,2,31998
22594,2025-08-16,4,9,6,3594
22595,2025-08-16,4,11,3,7497
22596,2025-08-16,4,12,6,2394
22597,2025-08-16,4,13,1,499
22598,2025-08-16,4,14,2,598
22599,2025-08-16,4,15,12,59988
22600,2025-08-16,4,16,9,7191
22601,2025-08-16,4,17,4,15996
22602,2025-08-16,4,18,12,21588
22603,2025-08-16,4,19,11,208989
22604,2025-08-16,4,21,6,14994
22605,2025-08-16,4,22,12,65988
22606,2025-08-16,4,23,8,39992
22607,2025-08-16,4,24,2,6998
22608,2025-08-16,4,25,8,39992
22609,2025-08-16,4,26,6,119994
22610,2025-08-16,4,27,2,2598
22611,2025-08-16,4,28,1,1799
22612,2025-08-16,4,29,11,27489
22613,2025-08-16,4,30,7,27993
22614,2025-08-16,4,31,13,25987
22615,2025-08-16,4,32,14,125986
22616,2025-08-16,4,33,6,77994
22617,2025-08-16,4,34,12,227988
22618,2025-08-16,4,35,5,14995
22619,2025-08-16,4,36,5,7495
22620,2025-08-16,4,37,16,36784
22621,2025-08-16,4,38,9,80991
22622,2025-08-16,4,39,8,27992
22623,2025-08-16,4,40,9,5391
22624,2025-08-16,4,41,12,29988
22625,2025-08-16,4,42,2,3598
22626,2025-08-16,4,43,5,9995
22627,2025-08-16,4,44,4,5196
22628,2025-08-16,4,46,3,2397
22629,2025-08-16,4,47,1,3499
22630,2025-08-16,4,48,5,19995
22631,2025-08-16,4,49,5,12495
22632,2025-08-16,4,50,4,5196
22633,2025-08-16,4,51,5,2495
22634,2025-08-16,4,52,5,9995
22635,2025-08-16,4,53,2,1798
22636,2025-08-16,4,54,9,5391
22637,2025-08-16,4,55,7,6293
22638,2025-08-16,4,56,12,8388
22639,2025-08-16,5,1,7,20993
22640,2025-08-16,5,3,3,14997
22641,2025-08-16,5,4,2,2998
22642,2025-08-16,5,5,20,25980
22643,2025-08-16,5,6,1,899
22644,2025-08-16,5,7,9,71991
22645,2025-08-16,5,8,2,31998
22646,2025-08-16,5,9,2,1198
22647,2025-08-16,5,10,1,299
22648,2025-08-16,5,11,1,2499
22649,2025-08-16,5,12,2,798
22650,2025-08-16,5,13,1,499
22651,2025-08-16,5,14,2,598
22652,2025-08-16,5,15,6,29994
22653,2025-08-16,5,16,8,6392
22654,2025-08-16,5,17,1,3999
22655,2025-08-16,5,18,6,10794
22656,2025-08-16,5,19,9,170991
22657,2025-08-16,5,21,6,14994
22658,2025-08-16,5,22,5,27495
22659,2025-08-16,5,23,2,9998
22660,2025-08-16,5,24,2,6998
22661,2025-08-16,5,25,7,34993
22662,2025-08-16,5,26,4,79996
22663,2025-08-16,5,29,6,14994
22664,2025-08-16,5,30,5,19995
22665,2025-08-16,5,31,7,13993
22666,2025-08-16,5,32,8,71992
22667,2025-08-16,5,33,5,64995
22668,2025-08-16,5,34,7,132993
22669,2025-08-16,5,35,3,8997
22670,2025-08-16,5,36,5,7495
22671,2025-08-16,5,37,1,2299
22672,2025-08-16,5,38,6,53994
22673,2025-08-16,5,39,9,31491
22674,2025-08-16,5,40,4,2396
22675,2025-08-16,5,41,4,9996
22676,2025-08-16,5,43,2,3998
22677,2025-08-16,5,44,4,5196
22678,2025-08-16,5,45,1,4999
22679,2025-08-16,5,46,2,1598
22680,2025-08-16,5,47,1,3499
22681,2025-08-16,5,48,3,11997
22682,2025-08-16,5,49,7,17493
22683,2025-08-16,5,50,5,6495
22684,2025-08-16,5,51,3,1497
22685,2025-08-16,5,52,2,3998
22686,2025-08-16,5,53,2,1798
22687,2025-08-16,5,54,6,3594
22688,2025-08-16,5,55,7,6293
22689,2025-08-16,5,56,3,2097
22690,2025-08-16,6,1,8,23992
22691,2025-08-16,6,2,1,1999
22692,2025-08-16,6,3,3,14997
22693,2025-08-16,6,4,2,2998
22694,2025-08-16,6,5,18,23382
22695,2025-08-16,6,6,2,1798
22696,2025-08-16,6,7,8,63992
22697,2025-08-16,6,9,5,2995
22698,2025-08-16,6,10,1,299
22699,2025-08-16,6,11,3,7497
22700,2025-08-16,6,12,9,3591
22701,2025-08-16,6,13,1,499
22702,2025-08-16,6,14,4,1196
22703,2025-08-16,6,15,7,34993
22704,2025-08-16,6,16,10,7990
22705,2025-08-16,6,17,4,15996
22706,2025-08-16,6,18,6,10794
22707,2025-08-16,6,19,14,265986
22708,2025-08-16,6,21,7,17493
22709,2025-08-16,6,22,6,32994
22710,2025-08-16,6,23,3,14997
22711,2025-08-16,6,24,2,6998
22712,2025-08-16,6,25,16,79984
22713,2025-08-16,6,26,3,59997
22714,2025-08-16,6,27,1,1299
22715,2025-08-16,6,28,2,3598
22716,2025-08-16,6,29,17,42483
22717,2025-08-16,6,30,4,15996
22718,2025-08-16,6,31,12,23988
22719,2025-08-16,6,32,10,89990
22720,2025-08-16,6,33,6,77994
22721,2025-08-16,6,34,14,265986
22722,2025-08-16,6,35,4,11996
22723,2025-08-16,6,36,4,5996
22724,2025-08-16,6,37,5,11495
22725,2025-08-16,6,38,4,35996
22726,2025-08-16,6,39,10,34990
22727,2025-08-16,6,40,5,2995
22728,2025-08-16,6,41,7,17493
22729,2025-08-16,6,43,3,5997
22730,2025-08-16,6,44,5,6495
22731,2025-08-16,6,45,1,4999
22732,2025-08-16,6,46,3,2397
22733,2025-08-16,6,47,2,6998
22734,2025-08-16,6,48,4,15996
22735,2025-08-16,6,49,10,24990
22736,2025-08-16,6,50,2,2598
22737,2025-08-16,6,51,4,1996
22738,2025-08-16,6,52,3,5997
22739,2025-08-16,6,53,2,1798
22740,2025-08-16,6,54,16,9584
22741,2025-08-16,6,55,2,1798
22742,2025-08-16,6,56,4,2796
22743,2025-08-17,1,1,32,95968
22744,2025-08-17,1,3,3,14997
22745,2025-08-17,1,4,3,4497
22746,2025-08-17,1,5,17,22083
22747,2025-08-17,1,6,3,2697
22748,2025-08-17,1,7,9,71991
22749,2025-08-17,1,8,1,15999
22750,2025-08-17,1,9,7,4193
22751,2025-08-17,1,10,1,299
22752,2025-08-17,1,11,4,9996
22753,2025-08-17,1,12,5,1995
22754,2025-08-17,1,14,3,897
22755,2025-08-17,1,15,4,19996
22756,2025-08-17,1,16,3,2397
22757,2025-08-17,1,17,1,3999
22758,2025-08-17,1,18,8,14392
22759,2025-08-17,1,19,7,132993
22760,2025-08-17,1,20,1,1299
22761,2025-08-17,1,21,12,29988
22762,2025-08-17,1,22,6,32994
22763,2025-08-17,1,23,7,34993
22764,2025-08-17,1,24,1,3499
22765,2025-08-17,1,25,13,64987
22766,2025-08-17,1,26,5,99995
22767,2025-08-17,1,27,2,2598
22768,2025-08-17,1,28,2,3598
22769,2025-08-17,1,29,6,14994
22770,2025-08-17,1,30,7,27993
22771,2025-08-17,1,31,10,19990
22772,2025-08-17,1,32,13,116987
22773,2025-08-17,1,33,8,103992
22774,2025-08-17,1,34,13,246987
22775,2025-08-17,1,35,6,17994
22776,2025-08-17,1,36,7,10493
22777,2025-08-17,1,37,10,22990
22778,2025-08-17,1,38,8,71992
22779,2025-08-17,1,39,8,27992
22780,2025-08-17,1,40,4,2396
22781,2025-08-17,1,41,9,22491
22782,2025-08-17,1,42,1,1799
22783,2025-08-17,1,43,2,3998
22784,2025-08-17,1,45,1,4999
22785,2025-08-17,1,46,4,3196
22786,2025-08-17,1,47,1,3499
22787,2025-08-17,1,48,5,19995
22788,2025-08-17,1,49,8,19992
22789,2025-08-17,1,50,5,6495
22790,2025-08-17,1,51,3,1497
22791,2025-08-17,1,52,3,5997
22792,2025-08-17,1,53,3,2697
22793,2025-08-17,1,54,13,7787
22794,2025-08-17,1,55,9,8091
22795,2025-08-17,1,56,5,3495
22796,2025-08-17,2,1,6,17994
22797,2025-08-17,2,2,1,1999
22798,2025-08-17,2,3,2,9998
22799,2025-08-17,2,4,1,1499
22800,2025-08-17,2,5,14,18186
22801,2025-08-17,2,6,1,899
22802,2025-08-17,2,7,6,47994
22803,2025-08-17,2,8,1,15999
22804,2025-08-17,2,9,6,3594
22805,2025-08-17,2,11,3,7497
22806,2025-08-17,2,12,5,1995
22807,2025-08-17,2,14,1,299
22808,2025-08-17,2,15,6,29994
22809,2025-08-17,2,16,6,4794
22810,2025-08-17,2,17,2,7998
22811,2025-08-17,2,18,6,10794
22812,2025-08-17,2,19,12,227988
22813,2025-08-17,2,21,7,17493
22814,2025-08-17,2,22,7,38493
22815,2025-08-17,2,23,4,19996
22816,2025-08-17,2,24,2,6998
22817,2025-08-17,2,25,6,29994
22818,2025-08-17,2,26,4,79996
22819,2025-08-17,2,27,1,1299
22820,2025-08-17,2,28,2,3598
22821,2025-08-17,2,29,10,24990
22822,2025-08-17,2,30,5,19995
22823,2025-08-17,2,31,11,21989
22824,2025-08-17,2,32,6,53994
22825,2025-08-17,2,33,6,77994
22826,2025-08-17,2,34,12,227988
22827,2025-08-17,2,35,2,5998
22828,2025-08-17,2,36,4,5996
22829,2025-08-17,2,37,8,18392
22830,2025-08-17,2,38,7,62993
22831,2025-08-17,2,39,9,31491
22832,2025-08-17,2,40,4,2396
22833,2025-08-17,2,41,10,24990
22834,2025-08-17,2,43,1,1999
22835,2025-08-17,2,44,2,2598
22836,2025-08-17,2,45,1,4999
22837,2025-08-17,2,46,4,3196
22838,2025-08-17,2,47,1,3499
22839,2025-08-17,2,48,3,11997
22840,2025-08-17,2,49,8,19992
22841,2025-08-17,2,50,4,5196
22842,2025-08-17,2,51,4,1996
22843,2025-08-17,2,52,2,3998
22844,2025-08-17,2,53,5,4495
22845,2025-08-17,2,54,9,5391
22846,2025-08-17,2,55,7,6293
22847,2025-08-17,2,56,9,6291
22848,2025-08-17,3,1,5,14995
22849,2025-08-17,3,3,2,9998
22850,2025-08-17,3,4,3,4497
22851,2025-08-17,3,5,14,18186
22852,2025-08-17,3,6,1,899
22853,2025-08-17,3,7,7,55993
22854,2025-08-17,3,8,1,15999
22855,2025-08-17,3,9,4,2396
22856,2025-08-17,3,10,1,299
22857,2025-08-17,3,11,2,4998
22858,2025-08-17,3,12,3,1197
22859,2025-08-17,3,13,1,499
22860,2025-08-17,3,14,2,598
22861,2025-08-17,3,15,5,24995
22862,2025-08-17,3,16,5,3995
22863,2025-08-17,3,17,2,7998
22864,2025-08-17,3,18,7,12593
22865,2025-08-17,3,19,5,94995
22866,2025-08-17,3,21,6,14994
22867,2025-08-17,3,23,3,14997
22868,2025-08-17,3,24,1,3499
22869,2025-08-17,3,25,13,64987
22870,2025-08-17,3,26,3,59997
22871,2025-08-17,3,27,1,1299
22872,2025-08-17,3,28,2,3598
22873,2025-08-17,3,29,6,14994
22874,2025-08-17,3,30,9,35991
22875,2025-08-17,3,31,11,21989
22876,2025-08-17,3,32,8,71992
22877,2025-08-17,3,33,5,64995
22878,2025-08-17,3,34,6,113994
22879,2025-08-17,3,35,3,8997
22880,2025-08-17,3,36,5,7495
22881,2025-08-17,3,37,9,20691
22882,2025-08-17,3,38,7,62993
22883,2025-08-17,3,39,5,17495
22884,2025-08-17,3,40,3,1797
22885,2025-08-17,3,41,6,14994
22886,2025-08-17,3,42,1,1799
22887,2025-08-17,3,43,3,5997
22888,2025-08-17,3,44,3,3897
22889,2025-08-17,3,45,1,4999
22890,2025-08-17,3,46,2,1598
22891,2025-08-17,3,47,1,3499
22892,2025-08-17,3,48,2,7998
22893,2025-08-17,3,49,2,4998
22894,2025-08-17,3,50,3,3897
22895,2025-08-17,3,51,2,998
22896,2025-08-17,3,52,2,3998
22897,2025-08-17,3,53,1,899
22898,2025-08-17,3,54,10,5990
22899,2025-08-17,3,55,6,5394
22900,2025-08-17,3,56,7,4893
22901,2025-08-17,4,1,4,11996
22902,2025-08-17,4,2,1,1999
22903,2025-08-17,4,3,4,19996
22904,2025-08-17,4,4,2,2998
22905,2025-08-17,4,5,19,24681
22906,2025-08-17,4,6,1,899
22907,2025-08-17,4,7,16,127984
22908,2025-08-17,4,8,2,31998
22909,2025-08-17,4,9,4,2396
22910,2025-08-17,4,10,1,299
22911,2025-08-17,4,11,3,7497
22912,2025-08-17,4,12,11,4389
22913,2025-08-17,4,13,1,499
22914,2025-08-17,4,14,1,299
22915,2025-08-17,4,15,12,59988
22916,2025-08-17,4,16,4,3196
22917,2025-08-17,4,17,5,19995
22918,2025-08-17,4,18,5,8995
22919,2025-08-17,4,19,14,265986
22920,2025-08-17,4,20,1,1299
22921,2025-08-17,4,21,7,17493
22922,2025-08-17,4,22,13,71487
22923,2025-08-17,4,23,4,19996
22924,2025-08-17,4,24,2,6998
22925,2025-08-17,4,25,6,29994
22926,2025-08-17,4,26,7,139993
22927,2025-08-17,4,27,1,1299
22928,2025-08-17,4,28,1,1799
22929,2025-08-17,4,29,9,22491
22930,2025-08-17,4,30,11,43989
22931,2025-08-17,4,31,12,23988
22932,2025-08-17,4,32,11,98989
22933,2025-08-17,4,33,5,64995
22934,2025-08-17,4,34,10,189990
22935,2025-08-17,4,35,6,17994
22936,2025-08-17,4,36,3,4497
22937,2025-08-17,4,37,7,16093
22938,2025-08-17,4,38,6,53994
22939,2025-08-17,4,39,17,59483
22940,2025-08-17,4,40,7,4193
22941,2025-08-17,4,41,10,24990
22942,2025-08-17,4,42,1,1799
22943,2025-08-17,4,43,4,7996
22944,2025-08-17,4,44,2,2598
22945,2025-08-17,4,45,1,4999
22946,2025-08-17,4,46,4,3196
22947,2025-08-17,4,47,2,6998
22948,2025-08-17,4,48,3,11997
22949,2025-08-17,4,49,13,32487
22950,2025-08-17,4,50,5,6495
22951,2025-08-17,4,51,6,2994
22952,2025-08-17,4,52,3,5997
22953,2025-08-17,4,53,5,4495
22954,2025-08-17,4,54,5,2995
22955,2025-08-17,4,55,7,6293
22956,2025-08-17,4,56,14,9786
22957,2025-08-17,5,1,4,11996
22958,2025-08-17,5,3,1,4999
22959,2025-08-17,5,4,3,4497
22960,2025-08-17,5,5,9,11691
22961,2025-08-17,5,6,1,899
22962,2025-08-17,5,7,10,79990
22963,2025-08-17,5,8,1,15999
22964,2025-08-17,5,9,5,2995
22965,2025-08-17,5,11,3,7497
22966,2025-08-17,5,12,3,1197
22967,2025-08-17,5,14,2,598
22968,2025-08-17,5,15,8,39992
22969,2025-08-17,5,16,5,3995
22970,2025-08-17,5,17,2,7998
22971,2025-08-17,5,18,6,10794
22972,2025-08-17,5,19,7,132993
22973,2025-08-17,5,20,1,1299
22974,2025-08-17,5,21,9,22491
22975,2025-08-17,5,22,7,38493
22976,2025-08-17,5,23,3,14997
22977,2025-08-17,5,24,1,3499
22978,2025-08-17,5,25,11,54989
22979,2025-08-17,5,26,3,59997
22980,2025-08-17,5,27,1,1299
22981,2025-08-17,5,28,1,1799
22982,2025-08-17,5,29,9,22491
22983,2025-08-17,5,30,6,23994
22984,2025-08-17,5,31,7,13993
22985,2025-08-17,5,32,10,89990
22986,2025-08-17,5,33,4,51996
22987,2025-08-17,5,34,10,189990
22988,2025-08-17,5,35,5,14995
22989,2025-08-17,5,36,6,8994
22990,2025-08-17,5,37,3,6897
22991,2025-08-17,5,38,5,44995
22992,2025-08-17,5,39,8,27992
22993,2025-08-17,5,40,6,3594
22994,2025-08-17,5,41,9,22491
22995,2025-08-17,5,42,1,1799
22996,2025-08-17,5,43,2,3998
22997,2025-08-17,5,44,3,3897
22998,2025-08-17,5,45,1,4999
22999,2025-08-17,5,46,1,799
23000,2025-08-17,5,47,1,3499
23001,2025-08-17,5,48,1,3999
23002,2025-08-17,5,49,5,12495
23003,2025-08-17,5,50,5,6495
23004,2025-08-17,5,51,3,1497
23005,2025-08-17,5,52,3,5997
23006,2025-08-17,5,53,4,3596
23007,2025-08-17,5,54,11,6589
23008,2025-08-17,5,55,8,7192
23009,2025-08-17,5,56,3,2097
23010,2025-08-17,6,1,4,11996
23011,2025-08-17,6,3,2,9998
23012,2025-08-17,6,4,3,4497
23013,2025-08-17,6,5,22,28578
23014,2025-08-17,6,6,3,2697
23015,2025-08-17,6,7,8,63992
23016,2025-08-17,6,8,1,15999
23017,2025-08-17,6,9,6,3594
23018,2025-08-17,6,11,2,4998
23019,2025-08-17,6,12,6,2394
23020,2025-08-17,6,14,1,299
23021,2025-08-17,6,15,8,39992
23022,2025-08-17,6,16,9,7191
23023,2025-08-17,6,17,2,7998
23024,2025-08-17,6,18,9,16191
23025,2025-08-17,6,19,8,151992
23026,2025-08-17,6,21,5,12495
23027,2025-08-17,6,22,7,38493
23028,2025-08-17,6,23,4,19996
23029,2025-08-17,6,24,1,3499
23030,2025-08-17,6,25,14,69986
23031,2025-08-17,6,26,4,79996
23032,2025-08-17,6,27,2,2598
23033,2025-08-17,6,28,1,1799
23034,2025-08-17,6,29,9,22491
23035,2025-08-17,6,30,6,23994
23036,2025-08-17,6,31,15,29985
23037,2025-08-17,6,32,9,80991
23038,2025-08-17,6,33,8,103992
23039,2025-08-17,6,34,5,94995
23040,2025-08-17,6,35,4,11996
23041,2025-08-17,6,36,5,7495
23042,2025-08-17,6,37,8,18392
23043,2025-08-17,6,38,4,35996
23044,2025-08-17,6,39,14,48986
23045,2025-08-17,6,40,5,2995
23046,2025-08-17,6,41,7,17493
23047,2025-08-17,6,42,1,1799
23048,2025-08-17,6,43,1,1999
23049,2025-08-17,6,44,4,5196
23050,2025-08-17,6,45,1,4999
23051,2025-08-17,6,46,3,2397
23052,2025-08-17,6,47,1,3499
23053,2025-08-17,6,48,4,15996
23054,2025-08-17,6,49,4,9996
23055,2025-08-17,6,50,4,5196
23056,2025-08-17,6,51,2,998
23057,2025-08-17,6,52,3,5997
23058,2025-08-17,6,53,4,3596
23059,2025-08-17,6,54,11,6589
23060,2025-08-17,6,55,9,8091
23061,2025-08-17,6,56,9,6291
23062,2025-08-18,1,1,16,47984
23063,2025-08-18,1,3,2,9998
23064,2025-08-18,1,4,2,2998
23065,2025-08-18,1,5,11,14289
23066,2025-08-18,1,6,2,1798
23067,2025-08-18,1,7,8,63992
23068,2025-08-18,1,8,1,15999
23069,2025-08-18,1,11,2,4998
23070,2025-08-18,1,12,3,1197
23071,2025-08-18,1,14,2,598
23072,2025-08-18,1,15,7,34993
23073,2025-08-18,1,16,3,2397
23074,2025-08-18,1,17,2,7998
23075,2025-08-18,1,18,7,12593
23076,2025-08-18,1,19,8,151992
23077,2025-08-18,1,21,4,9996
23078,2025-08-18,1,22,9,49491
23079,2025-08-18,1,23,3,14997
23080,2025-08-18,1,24,1,3499
23081,2025-08-18,1,25,7,34993
23082,2025-08-18,1,26,7,139993
23083,2025-08-18,1,27,1,1299
23084,2025-08-18,1,28,1,1799
23085,2025-08-18,1,29,8,19992
23086,2025-08-18,1,30,9,35991
23087,2025-08-18,1,31,10,19990
23088,2025-08-18,1,32,10,89990
23089,2025-08-18,1,33,4,51996
23090,2025-08-18,1,34,5,94995
23091,2025-08-18,1,35,2,5998
23092,2025-08-18,1,36,3,4497
23093,2025-08-18,1,37,6,13794
23094,2025-08-18,1,38,6,53994
23095,2025-08-18,1,39,8,27992
23096,2025-08-18,1,40,4,2396
23097,2025-08-18,1,41,4,9996
23098,2025-08-18,1,42,1,1799
23099,2025-08-18,1,43,1,1999
23100,2025-08-18,1,44,4,5196
23101,2025-08-18,1,46,3,2397
23102,2025-08-18,1,47,2,6998
23103,2025-08-18,1,48,2,7998
23104,2025-08-18,1,49,5,12495
23105,2025-08-18,1,50,5,6495
23106,2025-08-18,1,51,5,2495
23107,2025-08-18,1,52,3,5997
23108,2025-08-18,1,53,3,2697
23109,2025-08-18,1,54,7,4193
23110,2025-08-18,1,55,7,6293
23111,2025-08-18,1,56,2,1398
23112,2025-08-18,2,1,5,14995
23113,2025-08-18,2,5,13,16887
23114,2025-08-18,2,6,1,899
23115,2025-08-18,2,7,9,71991
23116,2025-08-18,2,8,1,15999
23117,2025-08-18,2,9,4,2396
23118,2025-08-18,2,10,1,299
23119,2025-08-18,2,12,5,1995
23120,2025-08-18,2,14,2,598
23121,2025-08-18,2,15,6,29994
23122,2025-08-18,2,16,2,1598
23123,2025-08-18,2,17,3,11997
23124,2025-08-18,2,18,2,3598
23125,2025-08-18,2,19,6,113994
23126,2025-08-18,2,21,6,14994
23127,2025-08-18,2,22,4,21996
23128,2025-08-18,2,23,2,9998
23129,2025-08-18,2,24,1,3499
23130,2025-08-18,2,25,8,39992
23131,2025-08-18,2,26,2,39998
23132,2025-08-18,2,27,1,1299
23133,2025-08-18,2,29,6,14994
23134,2025-08-18,2,30,5,19995
23135,2025-08-18,2,31,4,7996
23136,2025-08-18,2,32,4,35996
23137,2025-08-18,2,33,2,25998
23138,2025-08-18,2,34,8,151992
23139,2025-08-18,2,35,3,8997
23140,2025-08-18,2,36,3,4497
23141,2025-08-18,2,37,3,6897
23142,2025-08-18,2,38,6,53994
23143,2025-08-18,2,39,6,20994
23144,2025-08-18,2,40,5,2995
23145,2025-08-18,2,41,8,19992
23146,2025-08-18,2,43,3,5997
23147,2025-08-18,2,44,4,5196
23148,2025-08-18,2,46,1,799
23149,2025-08-18,2,47,1,3499
23150,2025-08-18,2,48,4,15996
23151,2025-08-18,2,49,8,19992
23152,2025-08-18,2,50,3,3897
23153,2025-08-18,2,51,3,1497
23154,2025-08-18,2,52,2,3998
23155,2025-08-18,2,53,1,899
23156,2025-08-18,2,54,11,6589
23157,2025-08-18,2,55,5,4495
23158,2025-08-18,2,56,3,2097
23159,2025-08-18,3,1,3,8997
23160,2025-08-18,3,3,3,14997
23161,2025-08-18,3,4,2,2998
23162,2025-08-18,3,5,2,2598
23163,2025-08-18,3,6,1,899
23164,2025-08-18,3,8,1,15999
23165,2025-08-18,3,9,3,1797
23166,2025-08-18,3,11,2,4998
23167,2025-08-18,3,12,2,798
23168,2025-08-18,3,14,2,598
23169,2025-08-18,3,15,4,19996
23170,2025-08-18,3,16,3,2397
23171,2025-08-18,3,17,2,7998
23172,2025-08-18,3,18,4,7196
23173,2025-08-18,3,19,7,132993
23174,2025-08-18,3,21,7,17493
23175,2025-08-18,3,22,6,32994
23176,2025-08-18,3,23,2,9998
23177,2025-08-18,3,24,1,3499
23178,2025-08-18,3,25,6,29994
23179,2025-08-18,3,26,2,39998
23180,2025-08-18,3,27,1,1299
23181,2025-08-18,3,28,1,1799
23182,2025-08-18,3,29,7,17493
23183,2025-08-18,3,30,4,15996
23184,2025-08-18,3,31,4,7996
23185,2025-08-18,3,32,8,71992
23186,2025-08-18,3,33,2,25998
23187,2025-08-18,3,34,7,132993
23188,2025-08-18,3,35,3,8997
23189,2025-08-18,3,36,3,4497
23190,2025-08-18,3,37,4,9196
23191,2025-08-18,3,38,5,44995
23192,2025-08-18,3,39,3,10497
23193,2025-08-18,3,40,3,1797
23194,2025-08-18,3,41,5,12495
23195,2025-08-18,3,43,2,3998
23196,2025-08-18,3,44,2,2598
23197,2025-08-18,3,45,1,4999
23198,2025-08-18,3,46,2,1598
23199,2025-08-18,3,48,2,7998
23200,2025-08-18,3,49,3,7497
23201,2025-08-18,3,50,3,3897
23202,2025-08-18,3,51,2,998
23203,2025-08-18,3,52,1,1999
23204,2025-08-18,3,53,1,899
23205,2025-08-18,3,54,6,3594
23206,2025-08-18,3,55,2,1798
23207,2025-08-18,3,56,2,1398
23208,2025-08-18,4,1,6,17994
23209,2025-08-18,4,3,7,34993
23210,2025-08-18,4,4,2,2998
23211,2025-08-18,4,5,18,23382
23212,2025-08-18,4,6,2,1798
23213,2025-08-18,4,7,9,71991
23214,2025-08-18,4,8,2,31998
23215,2025-08-18,4,9,2,1198
23216,2025-08-18,4,11,2,4998
23217,2025-08-18,4,12,5,1995
23218,2025-08-18,4,13,1,499
23219,2025-08-18,4,14,2,598
23220,2025-08-18,4,15,7,34993
23221,2025-08-18,4,16,7,5593
23222,2025-08-18,4,17,2,7998
23223,2025-08-18,4,18,6,10794
23224,2025-08-18,4,19,9,170991
23225,2025-08-18,4,21,9,22491
23226,2025-08-18,4,22,7,38493
23227,2025-08-18,4,23,4,19996
23228,2025-08-18,4,24,1,3499
23229,2025-08-18,4,25,11,54989
23230,2025-08-18,4,26,3,59997
23231,2025-08-18,4,27,1,1299
23232,2025-08-18,4,28,1,1799
23233,2025-08-18,4,29,8,19992
23234,2025-08-18,4,30,5,19995
23235,2025-08-18,4,31,10,19990
23236,2025-08-18,4,32,5,44995
23237,2025-08-18,4,33,6,77994
23238,2025-08-18,4,34,7,132993
23239,2025-08-18,4,35,3,8997
23240,2025-08-18,4,36,8,11992
23241,2025-08-18,4,37,8,18392
23242,2025-08-18,4,38,5,44995
23243,2025-08-18,4,39,7,24493
23244,2025-08-18,4,40,5,2995
23245,2025-08-18,4,41,13,32487
23246,2025-08-18,4,42,1,1799
23247,2025-08-18,4,43,3,5997
23248,2025-08-18,4,44,3,3897
23249,2025-08-18,4,45,2,9998
23250,2025-08-18,4,46,2,1598
23251,2025-08-18,4,47,1,3499
23252,2025-08-18,4,48,2,7998
23253,2025-08-18,4,49,10,24990
23254,2025-08-18,4,50,4,5196
23255,2025-08-18,4,51,2,998
23256,2025-08-18,4,52,2,3998
23257,2025-08-18,4,53,3,2697
23258,2025-08-18,4,54,9,5391
23259,2025-08-18,4,55,5,4495
23260,2025-08-18,4,56,8,5592
23261,2025-08-18,5,1,5,14995
23262,2025-08-18,5,3,2,9998
23263,2025-08-18,5,4,1,1499
23264,2025-08-18,5,5,15,19485
23265,2025-08-18,5,6,1,899
23266,2025-08-18,5,7,6,47994
23267,2025-08-18,5,9,1,599
23268,2025-08-18,5,11,2,4998
23269,2025-08-18,5,12,5,1995
23270,2025-08-18,5,14,1,299
23271,2025-08-18,5,15,5,24995
23272,2025-08-18,5,16,5,3995
23273,2025-08-18,5,17,2,7998
23274,2025-08-18,5,18,4,7196
23275,2025-08-18,5,19,3,56997
23276,2025-08-18,5,21,6,14994
23277,2025-08-18,5,22,4,21996
23278,2025-08-18,5,23,3,14997
23279,2025-08-18,5,24,1,3499
23280,2025-08-18,5,25,6,29994
23281,2025-08-18,5,26,2,39998
23282,2025-08-18,5,28,1,1799
23283,2025-08-18,5,29,4,9996
23284,2025-08-18,5,30,4,15996
23285,2025-08-18,5,31,5,9995
23286,2025-08-18,5,32,4,35996
23287,2025-08-18,5,33,2,25998
23288,2025-08-18,5,34,4,75996
23289,2025-08-18,5,35,2,5998
23290,2025-08-18,5,36,2,2998
23291,2025-08-18,5,37,7,16093
23292,2025-08-18,5,38,5,44995
23293,2025-08-18,5,39,2,6998
23294,2025-08-18,5,40,4,2396
23295,2025-08-18,5,41,4,9996
23296,2025-08-18,5,43,1,1999
23297,2025-08-18,5,44,2,2598
23298,2025-08-18,5,45,1,4999
23299,2025-08-18,5,46,2,1598
23300,2025-08-18,5,48,2,7998
23301,2025-08-18,5,49,1,2499
23302,2025-08-18,5,50,2,2598
23303,2025-08-18,5,51,3,1497
23304,2025-08-18,5,52,1,1999
23305,2025-08-18,5,53,1,899
23306,2025-08-18,5,54,7,4193
23307,2025-08-18,5,55,7,6293
23308,2025-08-18,5,56,3,2097
23309,2025-08-18,6,1,6,17994
23310,2025-08-18,6,3,2,9998
23311,2025-08-18,6,4,2,2998
23312,2025-08-18,6,5,17,22083
23313,2025-08-18,6,6,2,1798
23314,2025-08-18,6,7,5,39995
23315,2025-08-18,6,9,4,2396
23316,2025-08-18,6,10,1,299
23317,2025-08-18,6,11,2,4998
23318,2025-08-18,6,12,5,1995
23319,2025-08-18,6,14,2,598
23320,2025-08-18,6,15,6,29994
23321,2025-08-18,6,16,4,3196
23322,2025-08-18,6,17,2,7998
23323,2025-08-18,6,18,4,7196
23324,2025-08-18,6,19,8,151992
23325,2025-08-18,6,21,6,14994
23326,2025-08-18,6,22,7,38493
23327,2025-08-18,6,23,1,4999
23328,2025-08-18,6,24,1,3499
23329,2025-08-18,6,25,8,39992
23330,2025-08-18,6,26,5,99995
23331,2025-08-18,6,27,1,1299
23332,2025-08-18,6,28,1,1799
23333,2025-08-18,6,29,3,7497
23334,2025-08-18,6,30,5,19995
23335,2025-08-18,6,31,5,9995
23336,2025-08-18,6,32,5,44995
23337,2025-08-18,6,33,4,51996
23338,2025-08-18,6,34,6,113994
23339,2025-08-18,6,35,3,8997
23340,2025-08-18,6,36,6,8994
23341,2025-08-18,6,37,5,11495
23342,2025-08-18,6,38,6,53994
23343,2025-08-18,6,39,8,27992
23344,2025-08-18,6,40,4,2396
23345,2025-08-18,6,41,4,9996
23346,2025-08-18,6,43,2,3998
23347,2025-08-18,6,44,2,2598
23348,2025-08-18,6,46,2,1598
23349,2025-08-18,6,47,1,3499
23350,2025-08-18,6,48,3,11997
23351,2025-08-18,6,49,3,7497
23352,2025-08-18,6,50,4,5196
23353,2025-08-18,6,51,5,2495
23354,2025-08-18,6,52,1,1999
23355,2025-08-18,6,53,1,899
23356,2025-08-18,6,54,11,6589
23357,2025-08-18,6,55,9,8091
23358,2025-08-18,6,56,4,2796
23359,2025-08-19,1,1,24,71976
23360,2025-08-19,1,3,2,9998
23361,2025-08-19,1,4,2,2998
23362,2025-08-19,1,5,14,18186
23363,2025-08-19,1,6,2,1798
23364,2025-08-19,1,7,8,63992
23365,2025-08-19,1,8,1,15999
23366,2025-08-19,1,9,4,2396
23367,2025-08-19,1,11,4,9996
23368,2025-08-19,1,12,5,1995
23369,2025-08-19,1,14,1,299
23370,2025-08-19,1,15,6,29994
23371,2025-08-19,1,16,3,2397
23372,2025-08-19,1,17,2,7998
23373,2025-08-19,1,18,1,1799
23374,2025-08-19,1,19,10,189990
23375,2025-08-19,1,21,3,7497
23376,2025-08-19,1,22,8,43992
23377,2025-08-19,1,23,3,14997
23378,2025-08-19,1,24,3,10497
23379,2025-08-19,1,25,9,44991
23380,2025-08-19,1,26,3,59997
23381,2025-08-19,1,27,2,2598
23382,2025-08-19,1,28,2,3598
23383,2025-08-19,1,29,11,27489
23384,2025-08-19,1,30,6,23994
23385,2025-08-19,1,31,14,27986
23386,2025-08-19,1,32,3,26997
23387,2025-08-19,1,33,5,64995
23388,2025-08-19,1,34,6,113994
23389,2025-08-19,1,35,4,11996
23390,2025-08-19,1,36,5,7495
23391,2025-08-19,1,37,6,13794
23392,2025-08-19,1,38,3,26997
23393,2025-08-19,1,39,13,45487
23394,2025-08-19,1,40,6,3594
23395,2025-08-19,1,41,4,9996
23396,2025-08-19,1,42,1,1799
23397,2025-08-19,1,43,2,3998
23398,2025-08-19,1,44,2,2598
23399,2025-08-19,1,45,1,4999
23400,2025-08-19,1,46,2,1598
23401,2025-08-19,1,47,1,3499
23402,2025-08-19,1,48,3,11997
23403,2025-08-19,1,49,6,14994
23404,2025-08-19,1,50,3,3897
23405,2025-08-19,1,51,5,2495
23406,2025-08-19,1,52,2,3998
23407,2025-08-19,1,53,2,1798
23408,2025-08-19,1,54,11,6589
23409,2025-08-19,1,55,5,4495
23410,2025-08-19,1,56,5,3495
23411,2025-08-19,2,1,2,5998
23412,2025-08-19,2,3,2,9998
23413,2025-08-19,2,5,11,14289
23414,2025-08-19,2,6,1,899
23415,2025-08-19,2,7,4,31996
23416,2025-08-19,2,9,3,1797
23417,2025-08-19,2,11,1,2499
23418,2025-08-19,2,12,4,1596
23419,2025-08-19,2,14,2,598
23420,2025-08-19,2,15,7,34993
23421,2025-08-19,2,16,5,3995
23422,2025-08-19,2,17,2,7998
23423,2025-08-19,2,18,7,12593
23424,2025-08-19,2,19,5,94995
23425,2025-08-19,2,21,6,14994
23426,2025-08-19,2,22,7,38493
23427,2025-08-19,2,23,3,14997
23428,2025-08-19,2,24,1,3499
23429,2025-08-19,2,25,9,44991
23430,2025-08-19,2,26,3,59997
23431,2025-08-19,2,27,1,1299
23432,2025-08-19,2,28,1,1799
23433,2025-08-19,2,29,5,12495
23434,2025-08-19,2,30,6,23994
23435,2025-08-19,2,31,5,9995
23436,2025-08-19,2,32,9,80991
23437,2025-08-19,2,33,3,38997
23438,2025-08-19,2,34,9,170991
23439,2025-08-19,2,35,3,8997
23440,2025-08-19,2,36,2,2998
23441,2025-08-19,2,37,7,16093
23442,2025-08-19,2,38,3,26997
23443,2025-08-19,2,39,9,31491
23444,2025-08-19,2,40,5,2995
23445,2025-08-19,2,41,4,9996
23446,2025-08-19,2,43,3,5997
23447,2025-08-19,2,44,2,2598
23448,2025-08-19,2,46,2,1598
23449,2025-08-19,2,48,2,7998
23450,2025-08-19,2,49,6,14994
23451,2025-08-19,2,50,2,2598
23452,2025-08-19,2,51,1,499
23453,2025-08-19,2,52,1,1999
23454,2025-08-19,2,53,3,2697
23455,2025-08-19,2,54,9,5391
23456,2025-08-19,2,55,7,6293
23457,2025-08-19,2,56,5,3495
23458,2025-08-19,3,1,6,17994
23459,2025-08-19,3,3,2,9998
23460,2025-08-19,3,4,1,1499
23461,2025-08-19,3,5,10,12990
23462,2025-08-19,3,6,1,899
23463,2025-08-19,3,8,1,15999
23464,2025-08-19,3,9,3,1797
23465,2025-08-19,3,11,2,4998
23466,2025-08-19,3,12,3,1197
23467,2025-08-19,3,14,2,598
23468,2025-08-19,3,15,3,14997
23469,2025-08-19,3,16,4,3196
23470,2025-08-19,3,17,2,7998
23471,2025-08-19,3,18,5,8995
23472,2025-08-19,3,19,9,170991
23473,2025-08-19,3,21,5,12495
23474,2025-08-19,3,22,4,21996
23475,2025-08-19,3,23,2,9998
23476,2025-08-19,3,24,1,3499
23477,2025-08-19,3,25,5,24995
23478,2025-08-19,3,26,2,39998
23479,2025-08-19,3,27,1,1299
23480,2025-08-19,3,28,1,1799
23481,2025-08-19,3,29,7,17493
23482,2025-08-19,3,30,6,23994
23483,2025-08-19,3,31,10,19990
23484,2025-08-19,3,32,4,35996
23485,2025-08-19,3,33,1,12999
23486,2025-08-19,3,34,3,56997
23487,2025-08-19,3,35,2,5998
23488,2025-08-19,3,36,4,5996
23489,2025-08-19,3,37,10,22990
23490,2025-08-19,3,38,4,35996
23491,2025-08-19,3,39,7,24493
23492,2025-08-19,3,40,3,1797
23493,2025-08-19,3,41,7,17493
23494,2025-08-19,3,43,1,1999
23495,2025-08-19,3,44,2,2598
23496,2025-08-19,3,45,1,4999
23497,2025-08-19,3,46,2,1598
23498,2025-08-19,3,47,1,3499
23499,2025-08-19,3,48,2,7998
23500,2025-08-19,3,49,4,9996
23501,2025-08-19,3,50,3,3897
23502,2025-08-19,3,51,3,1497
23503,2025-08-19,3,52,1,1999
23504,2025-08-19,3,53,2,1798
23505,2025-08-19,3,54,5,2995
23506,2025-08-19,3,55,2,1798
23507,2025-08-19,4,1,4,11996
23508,2025-08-19,4,3,15,74985
23509,2025-08-19,4,4,3,4497
23510,2025-08-19,4,5,12,15588
23511,2025-08-19,4,6,2,1798
23512,2025-08-19,4,7,6,47994
23513,2025-08-19,4,8,1,15999
23514,2025-08-19,4,9,5,2995
23515,2025-08-19,4,11,1,2499
23516,2025-08-19,4,12,6,2394
23517,2025-08-19,4,14,1,299
23518,2025-08-19,4,15,6,29994
23519,2025-08-19,4,16,4,3196
23520,2025-08-19,4,17,3,11997
23521,2025-08-19,4,18,6,10794
23522,2025-08-19,4,19,6,113994
23523,2025-08-19,4,21,9,22491
23524,2025-08-19,4,22,11,60489
23525,2025-08-19,4,23,2,9998
23526,2025-08-19,4,24,2,6998
23527,2025-08-19,4,25,10,49990
23528,2025-08-19,4,26,5,99995
23529,2025-08-19,4,27,1,1299
23530,2025-08-19,4,28,1,1799
23531,2025-08-19,4,29,9,22491
23532,2025-08-19,4,30,5,19995
23533,2025-08-19,4,31,8,15992
23534,2025-08-19,4,32,9,80991
23535,2025-08-19,4,33,7,90993
23536,2025-08-19,4,34,10,189990
23537,2025-08-19,4,35,4,11996
23538,2025-08-19,4,36,8,11992
23539,2025-08-19,4,37,5,11495
23540,2025-08-19,4,38,4,35996
23541,2025-08-19,4,39,4,13996
23542,2025-08-19,4,40,8,4792
23543,2025-08-19,4,41,7,17493
23544,2025-08-19,4,43,3,5997
23545,2025-08-19,4,44,3,3897
23546,2025-08-19,4,45,1,4999
23547,2025-08-19,4,46,3,2397
23548,2025-08-19,4,48,3,11997
23549,2025-08-19,4,49,3,7497
23550,2025-08-19,4,50,5,6495
23551,2025-08-19,4,51,5,2495
23552,2025-08-19,4,52,2,3998
23553,2025-08-19,4,53,1,899
23554,2025-08-19,4,54,5,2995
23555,2025-08-19,4,55,5,4495
23556,2025-08-19,4,56,6,4194
23557,2025-08-19,5,1,5,14995
23558,2025-08-19,5,3,2,9998
23559,2025-08-19,5,4,2,2998
23560,2025-08-19,5,5,7,9093
23561,2025-08-19,5,6,2,1798
23562,2025-08-19,5,7,6,47994
23563,2025-08-19,5,9,3,1797
23564,2025-08-19,5,11,1,2499
23565,2025-08-19,5,12,3,1197
23566,2025-08-19,5,14,1,299
23567,2025-08-19,5,15,3,14997
23568,2025-08-19,5,16,4,3196
23569,2025-08-19,5,17,1,3999
23570,2025-08-19,5,18,3,5397
23571,2025-08-19,5,19,3,56997
23572,2025-08-19,5,21,5,12495
23573,2025-08-19,5,22,3,16497
23574,2025-08-19,5,23,3,14997
23575,2025-08-19,5,24,2,6998
23576,2025-08-19,5,25,5,24995
23577,2025-08-19,5,28,1,1799
23578,2025-08-19,5,29,5,12495
23579,2025-08-19,5,30,6,23994
23580,2025-08-19,5,31,5,9995
23581,2025-08-19,5,32,7,62993
23582,2025-08-19,5,33,3,38997
23583,2025-08-19,5,34,3,56997
23584,2025-08-19,5,35,1,2999
23585,2025-08-19,5,36,4,5996
23586,2025-08-19,5,37,5,11495
23587,2025-08-19,5,38,4,35996
23588,2025-08-19,5,39,8,27992
23589,2025-08-19,5,40,4,2396
23590,2025-08-19,5,41,4,9996
23591,2025-08-19,5,43,2,3998
23592,2025-08-19,5,44,1,1299
23593,2025-08-19,5,45,1,4999
23594,2025-08-19,5,46,2,1598
23595,2025-08-19,5,48,1,3999
23596,2025-08-19,5,49,3,7497
23597,2025-08-19,5,50,2,2598
23598,2025-08-19,5,51,2,998
23599,2025-08-19,5,52,1,1999
23600,2025-08-19,5,53,1,899
23601,2025-08-19,5,54,8,4792
23602,2025-08-19,5,55,4,3596
23603,2025-08-19,5,56,5,3495
23604,2025-08-19,6,1,4,11996
23605,2025-08-19,6,3,2,9998
23606,2025-08-19,6,4,2,2998
23607,2025-08-19,6,5,11,14289
23608,2025-08-19,6,6,1,899
23609,2025-08-19,6,8,1,15999
23610,2025-08-19,6,9,5,2995
23611,2025-08-19,6,11,1,2499
23612,2025-08-19,6,12,2,798
23613,2025-08-19,6,14,2,598
23614,2025-08-19,6,15,5,24995
23615,2025-08-19,6,16,4,3196
23616,2025-08-19,6,17,3,11997
23617,2025-08-19,6,18,6,10794
23618,2025-08-19,6,19,8,151992
23619,2025-08-19,6,21,5,12495
23620,2025-08-19,6,22,4,21996
23621,2025-08-19,6,23,2,9998
23622,2025-08-19,6,24,2,6998
23623,2025-08-19,6,25,9,44991
23624,2025-08-19,6,26,2,39998
23625,2025-08-19,6,27,1,1299
23626,2025-08-19,6,28,1,1799
23627,2025-08-19,6,29,6,14994
23628,2025-08-19,6,30,7,27993
23629,2025-08-19,6,31,11,21989
23630,2025-08-19,6,32,8,71992
23631,2025-08-19,6,33,5,64995
23632,2025-08-19,6,34,9,170991
23633,2025-08-19,6,35,3,8997
23634,2025-08-19,6,36,6,8994
23635,2025-08-19,6,37,5,11495
23636,2025-08-19,6,38,3,26997
23637,2025-08-19,6,39,7,24493
23638,2025-08-19,6,40,6,3594
23639,2025-08-19,6,41,5,12495
23640,2025-08-19,6,43,3,5997
23641,2025-08-19,6,44,3,3897
23642,2025-08-19,6,45,1,4999
23643,2025-08-19,6,46,2,1598
23644,2025-08-19,6,47,1,3499
23645,2025-08-19,6,48,1,3999
23646,2025-08-19,6,49,4,9996
23647,2025-08-19,6,50,5,6495
23648,2025-08-19,6,51,1,499
23649,2025-08-19,6,52,2,3998
23650,2025-08-19,6,53,3,2697
23651,2025-08-19,6,54,9,5391
23652,2025-08-19,6,55,6,5394
23653,2025-08-19,6,56,2,1398
23654,2025-08-20,1,1,8,23992
23655,2025-08-20,1,3,4,19996
23656,2025-08-20,1,4,3,4497
23657,2025-08-20,1,5,14,18186
23658,2025-08-20,1,6,1,899
23659,2025-08-20,1,7,10,79990
23660,2025-08-20,1,8,1,15999
23661,2025-08-20,1,9,5,2995
23662,2025-08-20,1,10,1,299
23663,2025-08-20,1,11,1,2499
23664,2025-08-20,1,12,4,1596
23665,2025-08-20,1,14,3,897
23666,2025-08-20,1,15,3,14997
23667,2025-08-20,1,16,7,5593
23668,2025-08-20,1,17,2,7998
23669,2025-08-20,1,18,4,7196
23670,2025-08-20,1,19,7,132993
23671,2025-08-20,1,21,6,14994
23672,2025-08-20,1,22,4,21996
23673,2025-08-20,1,23,4,19996
23674,2025-08-20,1,24,2,6998
23675,2025-08-20,1,25,5,24995
23676,2025-08-20,1,26,4,79996
23677,2025-08-20,1,28,2,3598
23678,2025-08-20,1,29,10,24990
23679,2025-08-20,1,30,4,15996
23680,2025-08-20,1,31,8,15992
23681,2025-08-20,1,32,4,35996
23682,2025-08-20,1,33,4,51996
23683,2025-08-20,1,34,12,227988
23684,2025-08-20,1,35,2,5998
23685,2025-08-20,1,36,5,7495
23686,2025-08-20,1,37,5,11495
23687,2025-08-20,1,38,6,53994
23688,2025-08-20,1,39,9,31491
23689,2025-08-20,1,40,7,4193
23690,2025-08-20,1,41,6,14994
23691,2025-08-20,1,42,1,1799
23692,2025-08-20,1,43,2,3998
23693,2025-08-20,1,44,2,2598
23694,2025-08-20,1,45,1,4999
23695,2025-08-20,1,47,1,3499
23696,2025-08-20,1,48,2,7998
23697,2025-08-20,1,49,7,17493
23698,2025-08-20,1,50,4,5196
23699,2025-08-20,1,51,3,1497
23700,2025-08-20,1,52,2,3998
23701,2025-08-20,1,54,10,5990
23702,2025-08-20,1,55,7,6293
23703,2025-08-20,1,56,2,1398
23704,2025-08-20,2,1,5,14995
23705,2025-08-20,2,3,1,4999
23706,2025-08-20,2,5,7,9093
23707,2025-08-20,2,6,2,1798
23708,2025-08-20,2,7,2,15998
23709,2025-08-20,2,8,1,15999
23710,2025-08-20,2,9,3,1797
23711,2025-08-20,2,11,1,2499
23712,2025-08-20,2,12,5,1995
23713,2025-08-20,2,14,1,299
23714,2025-08-20,2,15,3,14997
23715,2025-08-20,2,16,5,3995
23716,2025-08-20,2,17,2,7998
23717,2025-08-20,2,18,5,8995
23718,2025-08-20,2,19,9,170991
23719,2025-08-20,2,21,8,19992
23720,2025-08-20,2,22,3,16497
23721,2025-08-20,2,23,3,14997
23722,2025-08-20,2,24,1,3499
23723,2025-08-20,2,25,4,19996
23724,2025-08-20,2,26,3,59997
23725,2025-08-20,2,27,1,1299
23726,2025-08-20,2,28,1,1799
23727,2025-08-20,2,29,10,24990
23728,2025-08-20,2,30,3,11997
23729,2025-08-20,2,31,7,13993
23730,2025-08-20,2,32,6,53994
23731,2025-08-20,2,33,3,38997
23732,2025-08-20,2,34,9,170991
23733,2025-08-20,2,35,4,11996
23734,2025-08-20,2,36,1,1499
23735,2025-08-20,2,37,7,16093
23736,2025-08-20,2,38,4,35996
23737,2025-08-20,2,39,5,17495
23738,2025-08-20,2,40,3,1797
23739,2025-08-20,2,41,6,14994
23740,2025-08-20,2,42,1,1799
23741,2025-08-20,2,43,1,1999
23742,2025-08-20,2,44,2,2598
23743,2025-08-20,2,46,2,1598
23744,2025-08-20,2,47,1,3499
23745,2025-08-20,2,49,3,7497
23746,2025-08-20,2,50,3,3897
23747,2025-08-20,2,51,3,1497
23748,2025-08-20,2,52,2,3998
23749,2025-08-20,2,53,2,1798
23750,2025-08-20,2,54,3,1797
23751,2025-08-20,2,55,4,3596
23752,2025-08-20,2,56,5,3495
23753,2025-08-20,3,1,5,14995
23754,2025-08-20,3,3,1,4999
23755,2025-08-20,3,4,2,2998
23756,2025-08-20,3,5,11,14289
23757,2025-08-20,3,6,1,899
23758,2025-08-20,3,9,2,1198
23759,2025-08-20,3,12,3,1197
23760,2025-08-20,3,14,2,598
23761,2025-08-20,3,15,5,24995
23762,2025-08-20,3,16,5,3995
23763,2025-08-20,3,17,1,3999
23764,2025-08-20,3,18,3,5397
23765,2025-08-20,3,19,5,94995
23766,2025-08-20,3,21,6,14994
23767,2025-08-20,3,22,8,43992
23768,2025-08-20,3,23,3,14997
23769,2025-08-20,3,24,2,6998
23770,2025-08-20,3,25,7,34993
23771,2025-08-20,3,26,2,39998
23772,2025-08-20,3,27,1,1299
23773,2025-08-20,3,28,1,1799
23774,2025-08-20,3,29,9,22491
23775,2025-08-20,3,30,5,19995
23776,2025-08-20,3,31,5,9995
23777,2025-08-20,3,32,6,53994
23778,2025-08-20,3,33,3,38997
23779,2025-08-20,3,34,8,151992
23780,2025-08-20,3,35,2,5998
23781,2025-08-20,3,36,4,5996
23782,2025-08-20,3,37,5,11495
23783,2025-08-20,3,38,3,26997
23784,2025-08-20,3,39,3,10497
23785,2025-08-20,3,40,4,2396
23786,2025-08-20,3,41,7,17493
23787,2025-08-20,3,43,2,3998
23788,2025-08-20,3,44,2,2598
23789,2025-08-20,3,46,1,799
23790,2025-08-20,3,47,1,3499
23791,2025-08-20,3,48,1,3999
23792,2025-08-20,3,49,4,9996
23793,2025-08-20,3,50,2,2598
23794,2025-08-20,3,51,2,998
23795,2025-08-20,3,52,1,1999
23796,2025-08-20,3,53,1,899
23797,2025-08-20,3,54,4,2396
23798,2025-08-20,3,55,5,4495
23799,2025-08-20,3,56,3,2097
23800,2025-08-20,4,1,5,14995
23801,2025-08-20,4,2,1,1999
23802,2025-08-20,4,3,12,59988
23803,2025-08-20,4,4,1,1499
23804,2025-08-20,4,5,10,12990
23805,2025-08-20,4,6,1,899
23806,2025-08-20,4,7,8,63992
23807,2025-08-20,4,8,1,15999
23808,2025-08-20,4,9,4,2396
23809,2025-08-20,4,10,1,299
23810,2025-08-20,4,11,3,7497
23811,2025-08-20,4,12,7,2793
23812,2025-08-20,4,14,2,598
23813,2025-08-20,4,15,5,24995
23814,2025-08-20,4,16,4,3196
23815,2025-08-20,4,17,2,7998
23816,2025-08-20,4,18,6,10794
23817,2025-08-20,4,19,8,151992
23818,2025-08-20,4,21,8,19992
23819,2025-08-20,4,22,6,32994
23820,2025-08-20,4,23,3,14997
23821,2025-08-20,4,24,1,3499
23822,2025-08-20,4,25,7,34993
23823,2025-08-20,4,26,4,79996
23824,2025-08-20,4,27,1,1299
23825,2025-08-20,4,28,2,3598
23826,2025-08-20,4,29,10,24990
23827,2025-08-20,4,30,9,35991
23828,2025-08-20,4,31,14,27986
23829,2025-08-20,4,32,6,53994
23830,2025-08-20,4,33,5,64995
23831,2025-08-20,4,34,6,113994
23832,2025-08-20,4,35,4,11996
23833,2025-08-20,4,36,4,5996
23834,2025-08-20,4,37,11,25289
23835,2025-08-20,4,38,5,44995
23836,2025-08-20,4,39,7,24493
23837,2025-08-20,4,40,2,1198
23838,2025-08-20,4,41,4,9996
23839,2025-08-20,4,42,1,1799
23840,2025-08-20,4,43,3,5997
23841,2025-08-20,4,44,3,3897
23842,2025-08-20,4,45,1,4999
23843,2025-08-20,4,46,3,2397
23844,2025-08-20,4,48,3,11997
23845,2025-08-20,4,49,5,12495
23846,2025-08-20,4,50,7,9093
23847,2025-08-20,4,51,4,1996
23848,2025-08-20,4,52,2,3998
23849,2025-08-20,4,53,2,1798
23850,2025-08-20,4,54,13,7787
23851,2025-08-20,4,55,4,3596
23852,2025-08-20,4,56,5,3495
23853,2025-08-20,5,1,4,11996
23854,2025-08-20,5,3,2,9998
23855,2025-08-20,5,4,1,1499
23856,2025-08-20,5,5,7,9093
23857,2025-08-20,5,6,2,1798
23858,2025-08-20,5,7,5,39995
23859,2025-08-20,5,9,3,1797
23860,2025-08-20,5,11,1,2499
23861,2025-08-20,5,12,2,798
23862,2025-08-20,5,14,2,598
23863,2025-08-20,5,15,5,24995
23864,2025-08-20,5,16,6,4794
23865,2025-08-20,5,17,2,7998
23866,2025-08-20,5,18,3,5397
23867,2025-08-20,5,19,4,75996
23868,2025-08-20,5,21,4,9996
23869,2025-08-20,5,22,5,27495
23870,2025-08-20,5,23,2,9998
23871,2025-08-20,5,24,1,3499
23872,2025-08-20,5,25,9,44991
23873,2025-08-20,5,26,3,59997
23874,2025-08-20,5,27,1,1299
23875,2025-08-20,5,28,1,1799
23876,2025-08-20,5,29,9,22491
23877,2025-08-20,5,30,4,15996
23878,2025-08-20,5,31,8,15992
23879,2025-08-20,5,32,6,53994
23880,2025-08-20,5,33,2,25998
23881,2025-08-20,5,34,7,132993
23882,2025-08-20,5,35,3,8997
23883,2025-08-20,5,36,4,5996
23884,2025-08-20,5,37,5,11495
23885,2025-08-20,5,38,6,53994
23886,2025-08-20,5,39,6,20994
23887,2025-08-20,5,40,1,599
23888,2025-08-20,5,41,4,9996
23889,2025-08-20,5,42,1,1799
23890,2025-08-20,5,43,2,3998
23891,2025-08-20,5,44,1,1299
23892,2025-08-20,5,46,1,799
23893,2025-08-20,5,49,7,17493
23894,2025-08-20,5,50,3,3897
23895,2025-08-20,5,51,2,998
23896,2025-08-20,5,52,2,3998
23897,2025-08-20,5,53,3,2697
23898,2025-08-20,5,54,5,2995
23899,2025-08-20,5,55,5,4495
23900,2025-08-20,5,56,2,1398
23901,2025-08-20,6,1,9,26991
23902,2025-08-20,6,3,3,14997
23903,2025-08-20,6,4,2,2998
23904,2025-08-20,6,5,12,15588
23905,2025-08-20,6,6,1,899
23906,2025-08-20,6,7,10,79990
23907,2025-08-20,6,8,1,15999
23908,2025-08-20,6,9,4,2396
23909,2025-08-20,6,11,1,2499
23910,2025-08-20,6,12,5,1995
23911,2025-08-20,6,15,5,24995
23912,2025-08-20,6,16,4,3196
23913,2025-08-20,6,17,1,3999
23914,2025-08-20,6,18,8,14392
23915,2025-08-20,6,19,4,75996
23916,2025-08-20,6,21,7,17493
23917,2025-08-20,6,22,4,21996
23918,2025-08-20,6,23,1,4999
23919,2025-08-20,6,24,1,3499
23920,2025-08-20,6,25,12,59988
23921,2025-08-20,6,26,2,39998
23922,2025-08-20,6,28,2,3598
23923,2025-08-20,6,29,6,14994
23924,2025-08-20,6,30,5,19995
23925,2025-08-20,6,31,2,3998
23926,2025-08-20,6,32,8,71992
23927,2025-08-20,6,33,6,77994
23928,2025-08-20,6,34,5,94995
23929,2025-08-20,6,35,4,11996
23930,2025-08-20,6,36,4,5996
23931,2025-08-20,6,37,6,13794
23932,2025-08-20,6,38,6,53994
23933,2025-08-20,6,39,7,24493
23934,2025-08-20,6,40,7,4193
23935,2025-08-20,6,41,9,22491
23936,2025-08-20,6,43,1,1999
23937,2025-08-20,6,44,3,3897
23938,2025-08-20,6,45,1,4999
23939,2025-08-20,6,46,3,2397
23940,2025-08-20,6,47,1,3499
23941,2025-08-20,6,48,3,11997
23942,2025-08-20,6,49,3,7497
23943,2025-08-20,6,50,1,1299
23944,2025-08-20,6,51,3,1497
23945,2025-08-20,6,52,1,1999
23946,2025-08-20,6,53,2,1798
23947,2025-08-20,6,54,7,4193
23948,2025-08-20,6,55,8,7192
23949,2025-08-20,6,56,7,4893
23950,2025-08-21,1,1,9,26991
23951,2025-08-21,1,2,1,1999
23952,2025-08-21,1,3,3,14997
23953,2025-08-21,1,4,3,4497
23954,2025-08-21,1,5,15,19485
23955,2025-08-21,1,6,1,899
23956,2025-08-21,1,7,7,55993
23957,2025-08-21,1,8,1,15999
23958,2025-08-21,1,9,5,2995
23959,2025-08-21,1,10,1,299
23960,2025-08-21,1,11,2,4998
23961,2025-08-21,1,12,6,2394
23962,2025-08-21,1,14,2,598
23963,2025-08-21,1,15,1,4999
23964,2025-08-21,1,16,6,4794
23965,2025-08-21,1,17,1,3999
23966,2025-08-21,1,18,8,14392
23967,2025-08-21,1,19,5,94995
23968,2025-08-21,1,21,9,22491
23969,2025-08-21,1,22,7,38493
23970,2025-08-21,1,23,4,19996
23971,2025-08-21,1,24,1,3499
23972,2025-08-21,1,25,6,29994
23973,2025-08-21,1,26,4,79996
23974,2025-08-21,1,27,1,1299
23975,2025-08-21,1,28,2,3598
23976,2025-08-21,1,29,10,24990
23977,2025-08-21,1,30,6,23994
23978,2025-08-21,1,31,8,15992
23979,2025-08-21,1,32,8,71992
23980,2025-08-21,1,33,5,64995
23981,2025-08-21,1,34,9,170991
23982,2025-08-21,1,35,3,8997
23983,2025-08-21,1,36,3,4497
23984,2025-08-21,1,37,8,18392
23985,2025-08-21,1,38,3,26997
23986,2025-08-21,1,39,4,13996
23987,2025-08-21,1,40,5,2995
23988,2025-08-21,1,41,7,17493
23989,2025-08-21,1,42,1,1799
23990,2025-08-21,1,43,2,3998
23991,2025-08-21,1,44,2,2598
23992,2025-08-21,1,45,1,4999
23993,2025-08-21,1,46,3,2397
23994,2025-08-21,1,47,1,3499
23995,2025-08-21,1,48,3,11997
23996,2025-08-21,1,49,5,12495
23997,2025-08-21,1,50,4,5196
23998,2025-08-21,1,51,5,2495
23999,2025-08-21,1,52,2,3998
24000,2025-08-21,1,53,2,1798
24001,2025-08-21,1,54,11,6589
24002,2025-08-21,1,55,5,4495
24003,2025-08-21,1,56,3,2097
24004,2025-08-21,2,1,3,8997
24005,2025-08-21,2,3,3,14997
24006,2025-08-21,2,5,14,18186
24007,2025-08-21,2,6,3,2697
24008,2025-08-21,2,7,10,79990
24009,2025-08-21,2,8,1,15999
24010,2025-08-21,2,9,4,2396
24011,2025-08-21,2,11,1,2499
24012,2025-08-21,2,12,4,1596
24013,2025-08-21,2,14,1,299
24014,2025-08-21,2,15,4,19996
24015,2025-08-21,2,16,3,2397
24016,2025-08-21,2,17,1,3999
24017,2025-08-21,2,18,4,7196
24018,2025-08-21,2,19,7,132993
24019,2025-08-21,2,21,1,2499
24020,2025-08-21,2,22,4,21996
24021,2025-08-21,2,23,2,9998
24022,2025-08-21,2,24,1,3499
24023,2025-08-21,2,25,6,29994
24024,2025-08-21,2,26,5,99995
24025,2025-08-21,2,28,1,1799
24026,2025-08-21,2,29,9,22491
24027,2025-08-21,2,30,5,19995
24028,2025-08-21,2,31,8,15992
24029,2025-08-21,2,32,11,98989
24030,2025-08-21,2,33,4,51996
24031,2025-08-21,2,34,7,132993
24032,2025-08-21,2,35,2,5998
24033,2025-08-21,2,36,3,4497
24034,2025-08-21,2,37,5,11495
24035,2025-08-21,2,38,4,35996
24036,2025-08-21,2,39,5,17495
24037,2025-08-21,2,40,4,2396
24038,2025-08-21,2,41,7,17493
24039,2025-08-21,2,43,3,5997
24040,2025-08-21,2,44,1,1299
24041,2025-08-21,2,45,1,4999
24042,2025-08-21,2,46,2,1598
24043,2025-08-21,2,48,3,11997
24044,2025-08-21,2,49,8,19992
24045,2025-08-21,2,50,2,2598
24046,2025-08-21,2,52,1,1999
24047,2025-08-21,2,53,2,1798
24048,2025-08-21,2,54,8,4792
24049,2025-08-21,2,55,5,4495
24050,2025-08-21,2,56,5,3495
24051,2025-08-21,3,1,6,17994
24052,2025-08-21,3,3,1,4999
24053,2025-08-21,3,5,8,10392
24054,2025-08-21,3,6,1,899
24055,2025-08-21,3,9,3,1797
24056,2025-08-21,3,11,3,7497
24057,2025-08-21,3,12,3,1197
24058,2025-08-21,3,14,1,299
24059,2025-08-21,3,15,4,19996
24060,2025-08-21,3,16,5,3995
24061,2025-08-21,3,17,1,3999
24062,2025-08-21,3,18,3,5397
24063,2025-08-21,3,19,7,132993
24064,2025-08-21,3,21,4,9996
24065,2025-08-21,3,22,5,27495
24066,2025-08-21,3,23,2,9998
24067,2025-08-21,3,25,8,39992
24068,2025-08-21,3,26,1,19999
24069,2025-08-21,3,27,1,1299
24070,2025-08-21,3,28,1,1799
24071,2025-08-21,3,29,4,9996
24072,2025-08-21,3,30,3,11997
24073,2025-08-21,3,31,6,11994
24074,2025-08-21,3,32,9,80991
24075,2025-08-21,3,33,4,51996
24076,2025-08-21,3,34,6,113994
24077,2025-08-21,3,35,4,11996
24078,2025-08-21,3,36,5,7495
24079,2025-08-21,3,37,3,6897
24080,2025-08-21,3,38,6,53994
24081,2025-08-21,3,39,6,20994
24082,2025-08-21,3,40,3,1797
24083,2025-08-21,3,41,3,7497
24084,2025-08-21,3,43,2,3998
24085,2025-08-21,3,44,1,1299
24086,2025-08-21,3,46,2,1598
24087,2025-08-21,3,47,1,3499
24088,2025-08-21,3,49,5,12495
24089,2025-08-21,3,50,2,2598
24090,2025-08-21,3,51,3,1497
24091,2025-08-21,3,52,1,1999
24092,2025-08-21,3,53,2,1798
24093,2025-08-21,3,54,4,2396
24094,2025-08-21,3,55,3,2697
24095,2025-08-21,3,56,7,4893
24096,2025-08-21,4,1,8,23992
24097,2025-08-21,4,2,1,1999
24098,2025-08-21,4,3,4,19996
24099,2025-08-21,4,4,2,2998
24100,2025-08-21,4,5,17,22083
24101,2025-08-21,4,6,2,1798
24102,2025-08-21,4,7,10,79990
24103,2025-08-21,4,8,2,31998
24104,2025-08-21,4,9,4,2396
24105,2025-08-21,4,11,2,4998
24106,2025-08-21,4,12,4,1596
24107,2025-08-21,4,13,1,499
24108,2025-08-21,4,14,3,897
24109,2025-08-21,4,15,8,39992
24110,2025-08-21,4,16,5,3995
24111,2025-08-21,4,17,1,3999
24112,2025-08-21,4,18,6,10794
24113,2025-08-21,4,19,11,208989
24114,2025-08-21,4,21,9,22491
24115,2025-08-21,4,22,5,27495
24116,2025-08-21,4,23,3,14997
24117,2025-08-21,4,24,2,6998
24118,2025-08-21,4,25,17,84983
24119,2025-08-21,4,26,3,59997
24120,2025-08-21,4,27,1,1299
24121,2025-08-21,4,28,1,1799
24122,2025-08-21,4,29,8,19992
24123,2025-08-21,4,30,7,27993
24124,2025-08-21,4,31,5,9995
24125,2025-08-21,4,32,10,89990
24126,2025-08-21,4,33,4,51996
24127,2025-08-21,4,34,12,227988
24128,2025-08-21,4,35,6,17994
24129,2025-08-21,4,36,9,13491
24130,2025-08-21,4,37,8,18392
24131,2025-08-21,4,38,8,71992
24132,2025-08-21,4,39,7,24493
24133,2025-08-21,4,40,4,2396
24134,2025-08-21,4,41,6,14994
24135,2025-08-21,4,43,3,5997
24136,2025-08-21,4,44,4,5196
24137,2025-08-21,4,45,1,4999
24138,2025-08-21,4,46,1,799
24139,2025-08-21,4,47,1,3499
24140,2025-08-21,4,48,3,11997
24141,2025-08-21,4,49,4,9996
24142,2025-08-21,4,50,2,2598
24143,2025-08-21,4,51,6,2994
24144,2025-08-21,4,52,3,5997
24145,2025-08-21,4,53,3,2697
24146,2025-08-21,4,54,7,4193
24147,2025-08-21,4,55,6,5394
24148,2025-08-21,4,56,6,4194
24149,2025-08-21,5,1,5,14995
24150,2025-08-21,5,4,1,1499
24151,2025-08-21,5,5,12,15588
24152,2025-08-21,5,6,1,899
24153,2025-08-21,5,7,7,55993
24154,2025-08-21,5,8,1,15999
24155,2025-08-21,5,9,2,1198
24156,2025-08-21,5,11,1,2499
24157,2025-08-21,5,12,4,1596
24158,2025-08-21,5,14,2,598
24159,2025-08-21,5,15,4,19996
24160,2025-08-21,5,16,3,2397
24161,2025-08-21,5,17,1,3999
24162,2025-08-21,5,18,2,3598
24163,2025-08-21,5,19,5,94995
24164,2025-08-21,5,21,4,9996
24165,2025-08-21,5,22,5,27495
24166,2025-08-21,5,23,2,9998
24167,2025-08-21,5,24,1,3499
24168,2025-08-21,5,25,8,39992
24169,2025-08-21,5,26,3,59997
24170,2025-08-21,5,27,1,1299
24171,2025-08-21,5,29,5,12495
24172,2025-08-21,5,30,8,31992
24173,2025-08-21,5,31,5,9995
24174,2025-08-21,5,32,5,44995
24175,2025-08-21,5,33,5,64995
24176,2025-08-21,5,34,4,75996
24177,2025-08-21,5,35,3,8997
24178,2025-08-21,5,36,5,7495
24179,2025-08-21,5,37,6,13794
24180,2025-08-21,5,38,3,26997
24181,2025-08-21,5,39,4,13996
24182,2025-08-21,5,40,4,2396
24183,2025-08-21,5,41,6,14994
24184,2025-08-21,5,43,2,3998
24185,2025-08-21,5,44,3,3897
24186,2025-08-21,5,45,1,4999
24187,2025-08-21,5,46,1,799
24188,2025-08-21,5,47,1,3499
24189,2025-08-21,5,48,2,7998
24190,2025-08-21,5,49,6,14994
24191,2025-08-21,5,50,3,3897
24192,2025-08-21,5,51,2,998
24193,2025-08-21,5,52,1,1999
24194,2025-08-21,5,53,1,899
24195,2025-08-21,5,54,7,4193
24196,2025-08-21,5,55,5,4495
24197,2025-08-21,5,56,3,2097
24198,2025-08-21,6,1,5,14995
24199,2025-08-21,6,3,2,9998
24200,2025-08-21,6,5,12,15588
24201,2025-08-21,6,6,2,1798
24202,2025-08-21,6,7,8,63992
24203,2025-08-21,6,8,1,15999
24204,2025-08-21,6,9,5,2995
24205,2025-08-21,6,11,2,4998
24206,2025-08-21,6,12,4,1596
24207,2025-08-21,6,14,1,299
24208,2025-08-21,6,15,6,29994
24209,2025-08-21,6,16,5,3995
24210,2025-08-21,6,17,2,7998
24211,2025-08-21,6,18,2,3598
24212,2025-08-21,6,19,4,75996
24213,2025-08-21,6,21,9,22491
24214,2025-08-21,6,22,4,21996
24215,2025-08-21,6,23,3,14997
24216,2025-08-21,6,24,1,3499
24217,2025-08-21,6,25,8,39992
24218,2025-08-21,6,26,1,19999
24219,2025-08-21,6,27,1,1299
24220,2025-08-21,6,28,1,1799
24221,2025-08-21,6,29,6,14994
24222,2025-08-21,6,30,3,11997
24223,2025-08-21,6,31,11,21989
24224,2025-08-21,6,32,5,44995
24225,2025-08-21,6,33,4,51996
24226,2025-08-21,6,34,6,113994
24227,2025-08-21,6,35,5,14995
24228,2025-08-21,6,36,4,5996
24229,2025-08-21,6,37,5,11495
24230,2025-08-21,6,38,4,35996
24231,2025-08-21,6,39,9,31491
24232,2025-08-21,6,40,3,1797
24233,2025-08-21,6,41,5,12495
24234,2025-08-21,6,43,2,3998
24235,2025-08-21,6,44,3,3897
24236,2025-08-21,6,46,3,2397
24237,2025-08-21,6,47,1,3499
24238,2025-08-21,6,48,2,7998
24239,2025-08-21,6,49,5,12495
24240,2025-08-21,6,50,3,3897
24241,2025-08-21,6,51,4,1996
24242,2025-08-21,6,52,3,5997
24243,2025-08-21,6,53,2,1798
24244,2025-08-21,6,54,6,3594
24245,2025-08-21,6,55,5,4495
24246,2025-08-21,6,56,9,6291
24247,2025-08-22,1,1,10,29990
24248,2025-08-22,1,3,3,14997
24249,2025-08-22,1,4,2,2998
24250,2025-08-22,1,5,11,14289
24251,2025-08-22,1,6,1,899
24252,2025-08-22,1,7,13,103987
24253,2025-08-22,1,8,1,15999
24254,2025-08-22,1,9,3,1797
24255,2025-08-22,1,11,2,4998
24256,2025-08-22,1,12,5,1995
24257,2025-08-22,1,14,2,598
24258,2025-08-22,1,15,3,14997
24259,2025-08-22,1,16,4,3196
24260,2025-08-22,1,17,1,3999
24261,2025-08-22,1,18,5,8995
24262,2025-08-22,1,19,11,208989
24263,2025-08-22,1,21,4,9996
24264,2025-08-22,1,22,1,5499
24265,2025-08-22,1,23,3,14997
24266,2025-08-22,1,24,2,6998
24267,2025-08-22,1,25,8,39992
24268,2025-08-22,1,26,3,59997
24269,2025-08-22,1,27,1,1299
24270,2025-08-22,1,28,1,1799
24271,2025-08-22,1,29,9,22491
24272,2025-08-22,1,30,2,7998
24273,2025-08-22,1,31,8,15992
24274,2025-08-22,1,32,7,62993
24275,2025-08-22,1,33,8,103992
24276,2025-08-22,1,34,3,56997
24277,2025-08-22,1,35,6,17994
24278,2025-08-22,1,36,8,11992
24279,2025-08-22,1,37,8,18392
24280,2025-08-22,1,38,4,35996
24281,2025-08-22,1,39,7,24493
24282,2025-08-22,1,40,7,4193
24283,2025-08-22,1,41,5,12495
24284,2025-08-22,1,43,3,5997
24285,2025-08-22,1,44,4,5196
24286,2025-08-22,1,45,1,4999
24287,2025-08-22,1,46,4,3196
24288,2025-08-22,1,48,3,11997
24289,2025-08-22,1,49,8,19992
24290,2025-08-22,1,50,1,1299
24291,2025-08-22,1,51,5,2495
24292,2025-08-22,1,52,2,3998
24293,2025-08-22,1,53,4,3596
24294,2025-08-22,1,54,6,3594
24295,2025-08-22,1,55,3,2697
24296,2025-08-22,1,56,8,5592
24297,2025-08-22,2,1,8,23992
24298,2025-08-22,2,3,2,9998
24299,2025-08-22,2,5,7,9093
24300,2025-08-22,2,6,1,899
24301,2025-08-22,2,7,6,47994
24302,2025-08-22,2,9,3,1797
24303,2025-08-22,2,11,2,4998
24304,2025-08-22,2,12,3,1197
24305,2025-08-22,2,14,2,598
24306,2025-08-22,2,15,1,4999
24307,2025-08-22,2,16,2,1598
24308,2025-08-22,2,18,5,8995
24309,2025-08-22,2,19,7,132993
24310,2025-08-22,2,21,5,12495
24311,2025-08-22,2,22,4,21996
24312,2025-08-22,2,23,3,14997
24313,2025-08-22,2,24,2,6998
24314,2025-08-22,2,25,9,44991
24315,2025-08-22,2,26,3,59997
24316,2025-08-22,2,27,1,1299
24317,2025-08-22,2,28,1,1799
24318,2025-08-22,2,29,5,12495
24319,2025-08-22,2,30,6,23994
24320,2025-08-22,2,31,8,15992
24321,2025-08-22,2,32,5,44995
24322,2025-08-22,2,33,3,38997
24323,2025-08-22,2,34,5,94995
24324,2025-08-22,2,35,3,8997
24325,2025-08-22,2,36,2,2998
24326,2025-08-22,2,37,8,18392
24327,2025-08-22,2,38,4,35996
24328,2025-08-22,2,39,10,34990
24329,2025-08-22,2,40,5,2995
24330,2025-08-22,2,41,6,14994
24331,2025-08-22,2,43,1,1999
24332,2025-08-22,2,44,1,1299
24333,2025-08-22,2,46,1,799
24334,2025-08-22,2,48,1,3999
24335,2025-08-22,2,49,1,2499
24336,2025-08-22,2,50,2,2598
24337,2025-08-22,2,51,4,1996
24338,2025-08-22,2,52,2,3998
24339,2025-08-22,2,53,2,1798
24340,2025-08-22,2,54,6,3594
24341,2025-08-22,2,55,5,4495
24342,2025-08-22,2,56,6,4194
24343,2025-08-22,3,1,4,11996
24344,2025-08-22,3,3,1,4999
24345,2025-08-22,3,4,1,1499
24346,2025-08-22,3,5,10,12990
24347,2025-08-22,3,6,1,899
24348,2025-08-22,3,9,3,1797
24349,2025-08-22,3,11,2,4998
24350,2025-08-22,3,12,3,1197
24351,2025-08-22,3,14,1,299
24352,2025-08-22,3,15,6,29994
24353,2025-08-22,3,16,5,3995
24354,2025-08-22,3,17,1,3999
24355,2025-08-22,3,18,6,10794
24356,2025-08-22,3,19,6,113994
24357,2025-08-22,3,21,5,12495
24358,2025-08-22,3,22,6,32994
24359,2025-08-22,3,23,3,14997
24360,2025-08-22,3,24,1,3499
24361,2025-08-22,3,25,5,24995
24362,2025-08-22,3,26,4,79996
24363,2025-08-22,3,27,1,1299
24364,2025-08-22,3,28,1,1799
24365,2025-08-22,3,29,10,24990
24366,2025-08-22,3,30,4,15996
24367,2025-08-22,3,31,8,15992
24368,2025-08-22,3,32,5,44995
24369,2025-08-22,3,33,4,51996
24370,2025-08-22,3,34,7,132993
24371,2025-08-22,3,35,3,8997
24372,2025-08-22,3,36,2,2998
24373,2025-08-22,3,37,8,18392
24374,2025-08-22,3,38,4,35996
24375,2025-08-22,3,39,6,20994
24376,2025-08-22,3,40,3,1797
24377,2025-08-22,3,41,1,2499
24378,2025-08-22,3,43,1,1999
24379,2025-08-22,3,44,1,1299
24380,2025-08-22,3,46,2,1598
24381,2025-08-22,3,47,1,3499
24382,2025-08-22,3,48,2,7998
24383,2025-08-22,3,49,4,9996
24384,2025-08-22,3,50,2,2598
24385,2025-08-22,3,51,3,1497
24386,2025-08-22,3,52,2,3998
24387,2025-08-22,3,53,3,2697
24388,2025-08-22,3,54,8,4792
24389,2025-08-22,3,55,5,4495
24390,2025-08-22,3,56,4,2796
24391,2025-08-22,4,1,5,14995
24392,2025-08-22,4,3,8,39992
24393,2025-08-22,4,4,2,2998
24394,2025-08-22,4,5,7,9093
24395,2025-08-22,4,6,1,899
24396,2025-08-22,4,7,10,79990
24397,2025-08-22,4,8,1,15999
24398,2025-08-22,4,9,6,3594
24399,2025-08-22,4,10,1,299
24400,2025-08-22,4,11,2,4998
24401,2025-08-22,4,12,9,3591
24402,2025-08-22,4,13,1,499
24403,2025-08-22,4,15,8,39992
24404,2025-08-22,4,16,9,7191
24405,2025-08-22,4,17,1,3999
24406,2025-08-22,4,18,5,8995
24407,2025-08-22,4,19,7,132993
24408,2025-08-22,4,21,8,19992
24409,2025-08-22,4,22,9,49491
24410,2025-08-22,4,23,4,19996
24411,2025-08-22,4,24,1,3499
24412,2025-08-22,4,25,13,64987
24413,2025-08-22,4,26,4,79996
24414,2025-08-22,4,27,1,1299
24415,2025-08-22,4,28,1,1799
24416,2025-08-22,4,29,12,29988
24417,2025-08-22,4,30,7,27993
24418,2025-08-22,4,31,13,25987
24419,2025-08-22,4,32,11,98989
24420,2025-08-22,4,33,4,51996
24421,2025-08-22,4,34,6,113994
24422,2025-08-22,4,35,4,11996
24423,2025-08-22,4,36,4,5996
24424,2025-08-22,4,37,7,16093
24425,2025-08-22,4,38,7,62993
24426,2025-08-22,4,39,8,27992
24427,2025-08-22,4,40,5,2995
24428,2025-08-22,4,41,6,14994
24429,2025-08-22,4,42,1,1799
24430,2025-08-22,4,43,3,5997
24431,2025-08-22,4,44,3,3897
24432,2025-08-22,4,45,1,4999
24433,2025-08-22,4,46,3,2397
24434,2025-08-22,4,47,1,3499
24435,2025-08-22,4,48,2,7998
24436,2025-08-22,4,49,8,19992
24437,2025-08-22,4,50,4,5196
24438,2025-08-22,4,51,5,2495
24439,2025-08-22,4,52,3,5997
24440,2025-08-22,4,53,3,2697
24441,2025-08-22,4,54,11,6589
24442,2025-08-22,4,55,4,3596
24443,2025-08-22,4,56,6,4194
24444,2025-08-22,5,1,4,11996
24445,2025-08-22,5,3,1,4999
24446,2025-08-22,5,4,2,2998
24447,2025-08-22,5,5,9,11691
24448,2025-08-22,5,6,1,899
24449,2025-08-22,5,7,6,47994
24450,2025-08-22,5,8,1,15999
24451,2025-08-22,5,9,4,2396
24452,2025-08-22,5,11,2,4998
24453,2025-08-22,5,12,3,1197
24454,2025-08-22,5,14,1,299
24455,2025-08-22,5,15,5,24995
24456,2025-08-22,5,16,2,1598
24457,2025-08-22,5,18,6,10794
24458,2025-08-22,5,19,5,94995
24459,2025-08-22,5,21,7,17493
24460,2025-08-22,5,22,3,16497
24461,2025-08-22,5,23,1,4999
24462,2025-08-22,5,25,8,39992
24463,2025-08-22,5,26,3,59997
24464,2025-08-22,5,28,1,1799
24465,2025-08-22,5,29,3,7497
24466,2025-08-22,5,30,3,11997
24467,2025-08-22,5,31,5,9995
24468,2025-08-22,5,32,4,35996
24469,2025-08-22,5,33,5,64995
24470,2025-08-22,5,34,8,151992
24471,2025-08-22,5,35,2,5998
24472,2025-08-22,5,36,1,1499
24473,2025-08-22,5,37,4,9196
24474,2025-08-22,5,38,5,44995
24475,2025-08-22,5,39,7,24493
24476,2025-08-22,5,40,3,1797
24477,2025-08-22,5,41,2,4998
24478,2025-08-22,5,43,2,3998
24479,2025-08-22,5,44,1,1299
24480,2025-08-22,5,45,1,4999
24481,2025-08-22,5,46,2,1598
24482,2025-08-22,5,49,6,14994
24483,2025-08-22,5,50,2,2598
24484,2025-08-22,5,51,4,1996
24485,2025-08-22,5,52,2,3998
24486,2025-08-22,5,53,1,899
24487,2025-08-22,5,54,7,4193
24488,2025-08-22,5,55,4,3596
24489,2025-08-22,5,56,3,2097
24490,2025-08-22,6,1,4,11996
24491,2025-08-22,6,3,2,9998
24492,2025-08-22,6,4,1,1499
24493,2025-08-22,6,5,10,12990
24494,2025-08-22,6,6,1,899
24495,2025-08-22,6,7,8,63992
24496,2025-08-22,6,9,5,2995
24497,2025-08-22,6,11,2,4998
24498,2025-08-22,6,12,4,1596
24499,2025-08-22,6,14,1,299
24500,2025-08-22,6,15,6,29994
24501,2025-08-22,6,16,5,3995
24502,2025-08-22,6,17,2,7998
24503,2025-08-22,6,18,3,5397
24504,2025-08-22,6,19,4,75996
24505,2025-08-22,6,21,4,9996
24506,2025-08-22,6,22,5,27495
24507,2025-08-22,6,23,1,4999
24508,2025-08-22,6,24,2,6998
24509,2025-08-22,6,25,10,49990
24510,2025-08-22,6,26,4,79996
24511,2025-08-22,6,27,1,1299
24512,2025-08-22,6,28,1,1799
24513,2025-08-22,6,29,10,24990
24514,2025-08-22,6,30,6,23994
24515,2025-08-22,6,31,3,5997
24516,2025-08-22,6,32,6,53994
24517,2025-08-22,6,33,3,38997
24518,2025-08-22,6,34,8,151992
24519,2025-08-22,6,35,3,8997
24520,2025-08-22,6,36,5,7495
24521,2025-08-22,6,37,7,16093
24522,2025-08-22,6,38,4,35996
24523,2025-08-22,6,39,6,20994
24524,2025-08-22,6,40,7,4193
24525,2025-08-22,6,41,6,14994
24526,2025-08-22,6,43,2,3998
24527,2025-08-22,6,44,1,1299
24528,2025-08-22,6,46,2,1598
24529,2025-08-22,6,47,1,3499
24530,2025-08-22,6,48,2,7998
24531,2025-08-22,6,49,3,7497
24532,2025-08-22,6,50,2,2598
24533,2025-08-22,6,51,2,998
24534,2025-08-22,6,52,1,1999
24535,2025-08-22,6,53,3,2697
24536,2025-08-22,6,54,8,4792
24537,2025-08-22,6,55,5,4495
24538,2025-08-22,6,56,5,3495
24539,2025-08-23,1,1,19,56981
24540,2025-08-23,1,2,1,1999
24541,2025-08-23,1,3,4,19996
24542,2025-08-23,1,4,2,2998
24543,2025-08-23,1,5,13,16887
24544,2025-08-23,1,6,2,1798
24545,2025-08-23,1,7,12,95988
24546,2025-08-23,1,8,1,15999
24547,2025-08-23,1,9,3,1797
24548,2025-08-23,1,10,2,598
24549,2025-08-23,1,11,1,2499
24550,2025-08-23,1,12,8,3192
24551,2025-08-23,1,14,2,598
24552,2025-08-23,1,15,8,39992
24553,2025-08-23,1,16,7,5593
24554,2025-08-23,1,17,3,11997
24555,2025-08-23,1,18,3,5397
24556,2025-08-23,1,19,15,284985
24557,2025-08-23,1,20,1,1299
24558,2025-08-23,1,21,8,19992
24559,2025-08-23,1,22,12,65988
24560,2025-08-23,1,23,2,9998
24561,2025-08-23,1,24,1,3499
24562,2025-08-23,1,25,12,59988
24563,2025-08-23,1,26,8,159992
24564,2025-08-23,1,27,1,1299
24565,2025-08-23,1,28,3,5397
24566,2025-08-23,1,29,9,22491
24567,2025-08-23,1,30,11,43989
24568,2025-08-23,1,31,14,27986
24569,2025-08-23,1,32,13,116987
24570,2025-08-23,1,33,7,90993
24571,2025-08-23,1,34,14,265986
24572,2025-08-23,1,35,4,11996
24573,2025-08-23,1,36,11,16489
24574,2025-08-23,1,37,9,20691
24575,2025-08-23,1,38,5,44995
24576,2025-08-23,1,39,12,41988
24577,2025-08-23,1,40,12,7188
24578,2025-08-23,1,41,6,14994
24579,2025-08-23,1,42,1,1799
24580,2025-08-23,1,43,2,3998
24581,2025-08-23,1,44,4,5196
24582,2025-08-23,1,45,2,9998
24583,2025-08-23,1,46,3,2397
24584,2025-08-23,1,47,2,6998
24585,2025-08-23,1,48,4,15996
24586,2025-08-23,1,49,4,9996
24587,2025-08-23,1,50,4,5196
24588,2025-08-23,1,51,4,1996
24589,2025-08-23,1,52,4,7996
24590,2025-08-23,1,53,3,2697
24591,2025-08-23,1,54,16,9584
24592,2025-08-23,1,55,12,10788
24593,2025-08-23,1,56,11,7689
24594,2025-08-23,2,1,9,26991
24595,2025-08-23,2,2,1,1999
24596,2025-08-23,2,3,4,19996
24597,2025-08-23,2,5,12,15588
24598,2025-08-23,2,6,2,1798
24599,2025-08-23,2,7,5,39995
24600,2025-08-23,2,9,5,2995
24601,2025-08-23,2,11,2,4998
24602,2025-08-23,2,12,3,1197
24603,2025-08-23,2,13,1,499
24604,2025-08-23,2,14,3,897
24605,2025-08-23,2,15,5,24995
24606,2025-08-23,2,16,9,7191
24607,2025-08-23,2,17,3,11997
24608,2025-08-23,2,18,2,3598
24609,2025-08-23,2,19,7,132993
24610,2025-08-23,2,21,9,22491
24611,2025-08-23,2,22,3,16497
24612,2025-08-23,2,23,2,9998
24613,2025-08-23,2,24,1,3499
24614,2025-08-23,2,25,15,74985
24615,2025-08-23,2,26,4,79996
24616,2025-08-23,2,27,1,1299
24617,2025-08-23,2,28,2,3598
24618,2025-08-23,2,29,13,32487
24619,2025-08-23,2,30,8,31992
24620,2025-08-23,2,31,7,13993
24621,2025-08-23,2,32,9,80991
24622,2025-08-23,2,33,5,64995
24623,2025-08-23,2,34,8,151992
24624,2025-08-23,2,35,4,11996
24625,2025-08-23,2,36,5,7495
24626,2025-08-23,2,37,9,20691
24627,2025-08-23,2,38,5,44995
24628,2025-08-23,2,39,9,31491
24629,2025-08-23,2,40,6,3594
24630,2025-08-23,2,41,9,22491
24631,2025-08-23,2,42,1,1799
24632,2025-08-23,2,43,3,5997
24633,2025-08-23,2,44,1,1299
24634,2025-08-23,2,45,1,4999
24635,2025-08-23,2,46,2,1598
24636,2025-08-23,2,47,1,3499
24637,2025-08-23,2,48,3,11997
24638,2025-08-23,2,49,8,19992
24639,2025-08-23,2,50,4,5196
24640,2025-08-23,2,51,3,1497
24641,2025-08-23,2,52,1,1999
24642,2025-08-23,2,53,2,1798
24643,2025-08-23,2,54,10,5990
24644,2025-08-23,2,55,9,8091
24645,2025-08-23,2,56,3,2097
24646,2025-08-23,3,1,6,17994
24647,2025-08-23,3,3,2,9998
24648,2025-08-23,3,4,1,1499
24649,2025-08-23,3,5,13,16887
24650,2025-08-23,3,6,1,899
24651,2025-08-23,3,9,6,3594
24652,2025-08-23,3,11,1,2499
24653,2025-08-23,3,12,4,1596
24654,2025-08-23,3,14,3,897
24655,2025-08-23,3,15,5,24995
24656,2025-08-23,3,16,5,3995
24657,2025-08-23,3,17,2,7998
24658,2025-08-23,3,18,8,14392
24659,2025-08-23,3,19,9,170991
24660,2025-08-23,3,21,13,32487
24661,2025-08-23,3,22,4,21996
24662,2025-08-23,3,23,2,9998
24663,2025-08-23,3,24,1,3499
24664,2025-08-23,3,25,14,69986
24665,2025-08-23,3,26,4,79996
24666,2025-08-23,3,27,1,1299
24667,2025-08-23,3,28,1,1799
24668,2025-08-23,3,29,7,17493
24669,2025-08-23,3,30,5,19995
24670,2025-08-23,3,31,7,13993
24671,2025-08-23,3,32,7,62993
24672,2025-08-23,3,33,7,90993
24673,2025-08-23,3,34,4,75996
24674,2025-08-23,3,35,5,14995
24675,2025-08-23,3,36,4,5996
24676,2025-08-23,3,37,10,22990
24677,2025-08-23,3,38,6,53994
24678,2025-08-23,3,39,9,31491
24679,2025-08-23,3,40,3,1797
24680,2025-08-23,3,41,4,9996
24681,2025-08-23,3,43,2,3998
24682,2025-08-23,3,44,3,3897
24683,2025-08-23,3,46,3,2397
24684,2025-08-23,3,47,1,3499
24685,2025-08-23,3,48,2,7998
24686,2025-08-23,3,49,7,17493
24687,2025-08-23,3,50,4,5196
24688,2025-08-23,3,51,5,2495
24689,2025-08-23,3,52,1,1999
24690,2025-08-23,3,53,3,2697
24691,2025-08-23,3,54,13,7787
24692,2025-08-23,3,55,5,4495
24693,2025-08-23,3,56,2,1398
24694,2025-08-23,4,1,4,11996
24695,2025-08-23,4,2,1,1999
24696,2025-08-23,4,3,17,84983
24697,2025-08-23,4,4,1,1499
24698,2025-08-23,4,5,15,19485
24699,2025-08-23,4,6,3,2697
24700,2025-08-23,4,7,14,111986
24701,2025-08-23,4,8,2,31998
24702,2025-08-23,4,9,7,4193
24703,2025-08-23,4,10,1,299
24704,2025-08-23,4,11,4,9996
24705,2025-08-23,4,12,2,798
24706,2025-08-23,4,14,2,598
24707,2025-08-23,4,15,3,14997
24708,2025-08-23,4,16,7,5593
24709,2025-08-23,4,17,3,11997
24710,2025-08-23,4,18,10,17990
24711,2025-08-23,4,19,12,227988
24712,2025-08-23,4,20,1,1299
24713,2025-08-23,4,21,16,39984
24714,2025-08-23,4,22,13,71487
24715,2025-08-23,4,23,6,29994
24716,2025-08-23,4,24,2,6998
24717,2025-08-23,4,25,22,109978
24718,2025-08-23,4,26,5,99995
24719,2025-08-23,4,27,2,2598
24720,2025-08-23,4,28,1,1799
24721,2025-08-23,4,29,14,34986
24722,2025-08-23,4,30,11,43989
24723,2025-08-23,4,31,12,23988
24724,2025-08-23,4,32,5,44995
24725,2025-08-23,4,33,9,116991
24726,2025-08-23,4,34,3,56997
24727,2025-08-23,4,35,3,8997
24728,2025-08-23,4,36,6,8994
24729,2025-08-23,4,37,11,25289
24730,2025-08-23,4,38,4,35996
24731,2025-08-23,4,39,17,59483
24732,2025-08-23,4,40,7,4193
24733,2025-08-23,4,41,9,22491
24734,2025-08-23,4,42,1,1799
24735,2025-08-23,4,43,3,5997
24736,2025-08-23,4,44,6,7794
24737,2025-08-23,4,45,1,4999
24738,2025-08-23,4,46,3,2397
24739,2025-08-23,4,47,2,6998
24740,2025-08-23,4,48,3,11997
24741,2025-08-23,4,49,8,19992
24742,2025-08-23,4,50,7,9093
24743,2025-08-23,4,51,7,3493
24744,2025-08-23,4,52,5,9995
24745,2025-08-23,4,53,5,4495
24746,2025-08-23,4,54,13,7787
24747,2025-08-23,4,55,6,5394
24748,2025-08-23,4,56,4,2796
24749,2025-08-23,5,1,5,14995
24750,2025-08-23,5,3,3,14997
24751,2025-08-23,5,4,2,2998
24752,2025-08-23,5,5,12,15588
24753,2025-08-23,5,6,2,1798
24754,2025-08-23,5,7,8,63992
24755,2025-08-23,5,9,4,2396
24756,2025-08-23,5,11,1,2499
24757,2025-08-23,5,12,5,1995
24758,2025-08-23,5,14,1,299
24759,2025-08-23,5,15,4,19996
24760,2025-08-23,5,16,5,3995
24761,2025-08-23,5,17,2,7998
24762,2025-08-23,5,18,7,12593
24763,2025-08-23,5,19,7,132993
24764,2025-08-23,5,21,9,22491
24765,2025-08-23,5,22,7,38493
24766,2025-08-23,5,23,2,9998
24767,2025-08-23,5,24,2,6998
24768,2025-08-23,5,25,10,49990
24769,2025-08-23,5,26,4,79996
24770,2025-08-23,5,27,1,1299
24771,2025-08-23,5,28,1,1799
24772,2025-08-23,5,29,2,4998
24773,2025-08-23,5,30,6,23994
24774,2025-08-23,5,31,9,17991
24775,2025-08-23,5,32,8,71992
24776,2025-08-23,5,33,3,38997
24777,2025-08-23,5,34,8,151992
24778,2025-08-23,5,35,3,8997
24779,2025-08-23,5,36,5,7495
24780,2025-08-23,5,37,9,20691
24781,2025-08-23,5,38,4,35996
24782,2025-08-23,5,39,3,10497
24783,2025-08-23,5,40,6,3594
24784,2025-08-23,5,41,4,9996
24785,2025-08-23,5,42,1,1799
24786,2025-08-23,5,43,2,3998
24787,2025-08-23,5,44,2,2598
24788,2025-08-23,5,46,2,1598
24789,2025-08-23,5,47,1,3499
24790,2025-08-23,5,48,1,3999
24791,2025-08-23,5,49,12,29988
24792,2025-08-23,5,50,3,3897
24793,2025-08-23,5,51,3,1497
24794,2025-08-23,5,52,2,3998
24795,2025-08-23,5,53,2,1798
24796,2025-08-23,5,54,7,4193
24797,2025-08-23,5,55,4,3596
24798,2025-08-23,5,56,7,4893
24799,2025-08-23,6,1,9,26991
24800,2025-08-23,6,3,4,19996
24801,2025-08-23,6,4,4,5996
24802,2025-08-23,6,5,1,1299
24803,2025-08-23,6,6,2,1798
24804,2025-08-23,6,7,15,119985
24805,2025-08-23,6,8,1,15999
24806,2025-08-23,6,9,4,2396
24807,2025-08-23,6,10,1,299
24808,2025-08-23,6,11,3,7497
24809,2025-08-23,6,12,3,1197
24810,2025-08-23,6,14,2,598
24811,2025-08-23,6,15,7,34993
24812,2025-08-23,6,16,4,3196
24813,2025-08-23,6,17,4,15996
24814,2025-08-23,6,18,6,10794
24815,2025-08-23,6,19,13,246987
24816,2025-08-23,6,21,8,19992
24817,2025-08-23,6,22,9,49491
24818,2025-08-23,6,23,5,24995
24819,2025-08-23,6,24,1,3499
24820,2025-08-23,6,25,12,59988
24821,2025-08-23,6,26,4,79996
24822,2025-08-23,6,27,1,1299
24823,2025-08-23,6,28,1,1799
24824,2025-08-23,6,29,4,9996
24825,2025-08-23,6,30,11,43989
24826,2025-08-23,6,31,13,25987
24827,2025-08-23,6,32,11,98989
24828,2025-08-23,6,33,5,64995
24829,2025-08-23,6,34,12,227988
24830,2025-08-23,6,35,5,14995
24831,2025-08-23,6,36,6,8994
24832,2025-08-23,6,37,11,25289
24833,2025-08-23,6,38,6,53994
24834,2025-08-23,6,39,9,31491
24835,2025-08-23,6,40,8,4792
24836,2025-08-23,6,41,7,17493
24837,2025-08-23,6,42,1,1799
24838,2025-08-23,6,43,3,5997
24839,2025-08-23,6,44,4,5196
24840,2025-08-23,6,45,1,4999
24841,2025-08-23,6,46,3,2397
24842,2025-08-23,6,48,2,7998
24843,2025-08-23,6,49,11,27489
24844,2025-08-23,6,50,3,3897
24845,2025-08-23,6,51,6,2994
24846,2025-08-23,6,52,2,3998
24847,2025-08-23,6,53,2,1798
24848,2025-08-23,6,54,15,8985
24849,2025-08-23,6,55,9,8091
24850,2025-08-23,6,56,5,3495
24851,2025-08-24,1,1,22,65978
24852,2025-08-24,1,2,1,1999
24853,2025-08-24,1,3,3,14997
24854,2025-08-24,1,4,2,2998
24855,2025-08-24,1,5,18,23382
24856,2025-08-24,1,6,3,2697
24857,2025-08-24,1,7,10,79990
24858,2025-08-24,1,8,1,15999
24859,2025-08-24,1,9,6,3594
24860,2025-08-24,1,11,3,7497
24861,2025-08-24,1,12,8,3192
24862,2025-08-24,1,14,2,598
24863,2025-08-24,1,15,5,24995
24864,2025-08-24,1,16,4,3196
24865,2025-08-24,1,17,2,7998
24866,2025-08-24,1,18,3,5397
24867,2025-08-24,1,19,12,227988
24868,2025-08-24,1,21,13,32487
24869,2025-08-24,1,22,7,38493
24870,2025-08-24,1,23,5,24995
24871,2025-08-24,1,24,1,3499
24872,2025-08-24,1,25,19,94981
24873,2025-08-24,1,26,5,99995
24874,2025-08-24,1,27,2,2598
24875,2025-08-24,1,28,2,3598
24876,2025-08-24,1,29,16,39984
24877,2025-08-24,1,30,11,43989
24878,2025-08-24,1,31,11,21989
24879,2025-08-24,1,32,6,53994
24880,2025-08-24,1,33,7,90993
24881,2025-08-24,1,34,9,170991
24882,2025-08-24,1,35,3,8997
24883,2025-08-24,1,36,9,13491
24884,2025-08-24,1,37,8,18392
24885,2025-08-24,1,38,6,53994
24886,2025-08-24,1,39,9,31491
24887,2025-08-24,1,40,5,2995
24888,2025-08-24,1,41,3,7497
24889,2025-08-24,1,42,1,1799
24890,2025-08-24,1,44,3,3897
24891,2025-08-24,1,45,2,9998
24892,2025-08-24,1,46,2,1598
24893,2025-08-24,1,47,1,3499
24894,2025-08-24,1,48,3,11997
24895,2025-08-24,1,49,9,22491
24896,2025-08-24,1,50,3,3897
24897,2025-08-24,1,51,7,3493
24898,2025-08-24,1,52,4,7996
24899,2025-08-24,1,53,6,5394
24900,2025-08-24,1,54,10,5990
24901,2025-08-24,1,55,10,8990
24902,2025-08-24,1,56,7,4893
24903,2025-08-24,2,1,6,17994
24904,2025-08-24,2,3,5,24995
24905,2025-08-24,2,5,7,9093
24906,2025-08-24,2,6,2,1798
24907,2025-08-24,2,7,12,95988
24908,2025-08-24,2,8,1,15999
24909,2025-08-24,2,9,5,2995
24910,2025-08-24,2,11,2,4998
24911,2025-08-24,2,12,8,3192
24912,2025-08-24,2,14,5,1495
24913,2025-08-24,2,15,12,59988
24914,2025-08-24,2,16,8,6392
24915,2025-08-24,2,17,3,11997
24916,2025-08-24,2,18,6,10794
24917,2025-08-24,2,19,10,189990
24918,2025-08-24,2,21,13,32487
24919,2025-08-24,2,22,7,38493
24920,2025-08-24,2,23,4,19996
24921,2025-08-24,2,24,2,6998
24922,2025-08-24,2,25,14,69986
24923,2025-08-24,2,26,6,119994
24924,2025-08-24,2,27,1,1299
24925,2025-08-24,2,28,1,1799
24926,2025-08-24,2,29,8,19992
24927,2025-08-24,2,30,4,15996
24928,2025-08-24,2,31,4,7996
24929,2025-08-24,2,32,3,26997
24930,2025-08-24,2,33,5,64995
24931,2025-08-24,2,34,10,189990
24932,2025-08-24,2,35,3,8997
24933,2025-08-24,2,36,4,5996
24934,2025-08-24,2,37,9,20691
24935,2025-08-24,2,38,7,62993
24936,2025-08-24,2,39,4,13996
24937,2025-08-24,2,40,3,1797
24938,2025-08-24,2,41,7,17493
24939,2025-08-24,2,42,1,1799
24940,2025-08-24,2,43,2,3998
24941,2025-08-24,2,44,3,3897
24942,2025-08-24,2,45,1,4999
24943,2025-08-24,2,46,4,3196
24944,2025-08-24,2,47,1,3499
24945,2025-08-24,2,48,2,7998
24946,2025-08-24,2,49,6,14994
24947,2025-08-24,2,50,3,3897
24948,2025-08-24,2,51,4,1996
24949,2025-08-24,2,52,2,3998
24950,2025-08-24,2,53,2,1798
24951,2025-08-24,2,54,11,6589
24952,2025-08-24,2,55,7,6293
24953,2025-08-24,2,56,7,4893
24954,2025-08-24,3,1,6,17994
24955,2025-08-24,3,2,1,1999
24956,2025-08-24,3,3,2,9998
24957,2025-08-24,3,4,3,4497
24958,2025-08-24,3,5,16,20784
24959,2025-08-24,3,6,2,1798
24960,2025-08-24,3,8,1,15999
24961,2025-08-24,3,9,3,1797
24962,2025-08-24,3,11,2,4998
24963,2025-08-24,3,12,3,1197
24964,2025-08-24,3,14,2,598
24965,2025-08-24,3,15,7,34993
24966,2025-08-24,3,16,3,2397
24967,2025-08-24,3,17,2,7998
24968,2025-08-24,3,18,7,12593
24969,2025-08-24,3,19,4,75996
24970,2025-08-24,3,21,8,19992
24971,2025-08-24,3,22,5,27495
24972,2025-08-24,3,23,4,19996
24973,2025-08-24,3,24,1,3499
24974,2025-08-24,3,26,4,79996
24975,2025-08-24,3,27,2,2598
24976,2025-08-24,3,28,1,1799
24977,2025-08-24,3,29,4,9996
24978,2025-08-24,3,30,4,15996
24979,2025-08-24,3,31,7,13993
24980,2025-08-24,3,32,6,53994
24981,2025-08-24,3,33,3,38997
24982,2025-08-24,3,34,14,265986
24983,2025-08-24,3,35,5,14995
24984,2025-08-24,3,36,6,8994
24985,2025-08-24,3,37,2,4598
24986,2025-08-24,3,38,7,62993
24987,2025-08-24,3,39,5,17495
24988,2025-08-24,3,40,6,3594
24989,2025-08-24,3,41,7,17493
24990,2025-08-24,3,43,2,3998
24991,2025-08-24,3,44,1,1299
24992,2025-08-24,3,46,2,1598
24993,2025-08-24,3,47,1,3499
24994,2025-08-24,3,48,2,7998
24995,2025-08-24,3,49,7,17493
24996,2025-08-24,3,50,3,3897
24997,2025-08-24,3,51,2,998
24998,2025-08-24,3,52,3,5997
24999,2025-08-24,3,53,2,1798
25000,2025-08-24,3,54,5,2995
25001,2025-08-24,3,55,6,5394
25002,2025-08-24,3,56,5,3495
25003,2025-08-24,4,1,8,23992
25004,2025-08-24,4,2,1,1999
25005,2025-08-24,4,3,13,64987
25006,2025-08-24,4,4,3,4497
25007,2025-08-24,4,5,21,27279
25008,2025-08-24,4,6,2,1798
25009,2025-08-24,4,7,14,111986
25010,2025-08-24,4,8,1,15999
25011,2025-08-24,4,9,3,1797
25012,2025-08-24,4,10,1,299
25013,2025-08-24,4,11,3,7497
25014,2025-08-24,4,12,7,2793
25015,2025-08-24,4,13,1,499
25016,2025-08-24,4,14,4,1196
25017,2025-08-24,4,15,12,59988
25018,2025-08-24,4,16,5,3995
25019,2025-08-24,4,17,4,15996
25020,2025-08-24,4,18,5,8995
25021,2025-08-24,4,19,6,113994
25022,2025-08-24,4,20,1,1299
25023,2025-08-24,4,21,9,22491
25024,2025-08-24,4,22,8,43992
25025,2025-08-24,4,23,3,14997
25026,2025-08-24,4,24,3,10497
25027,2025-08-24,4,25,21,104979
25028,2025-08-24,4,26,5,99995
25029,2025-08-24,4,27,1,1299
25030,2025-08-24,4,28,2,3598
25031,2025-08-24,4,29,10,24990
25032,2025-08-24,4,30,9,35991
25033,2025-08-24,4,31,10,19990
25034,2025-08-24,4,32,6,53994
25035,2025-08-24,4,33,2,25998
25036,2025-08-24,4,34,8,151992
25037,2025-08-24,4,35,1,2999
25038,2025-08-24,4,36,1,1499
25039,2025-08-24,4,37,10,22990
25040,2025-08-24,4,38,12,107988
25041,2025-08-24,4,39,9,31491
25042,2025-08-24,4,40,7,4193
25043,2025-08-24,4,41,8,19992
25044,2025-08-24,4,43,5,9995
25045,2025-08-24,4,44,3,3897
25046,2025-08-24,4,45,2,9998
25047,2025-08-24,4,46,3,2397
25048,2025-08-24,4,47,2,6998
25049,2025-08-24,4,48,4,15996
25050,2025-08-24,4,49,9,22491
25051,2025-08-24,4,50,10,12990
25052,2025-08-24,4,51,7,3493
25053,2025-08-24,4,52,3,5997
25054,2025-08-24,4,53,1,899
25055,2025-08-24,4,54,8,4792
25056,2025-08-24,4,55,9,8091
25057,2025-08-24,4,56,8,5592
25058,2025-08-24,5,1,7,20993
25059,2025-08-24,5,3,1,4999
25060,2025-08-24,5,4,3,4497
25061,2025-08-24,5,5,11,14289
25062,2025-08-24,5,6,2,1798
25063,2025-08-24,5,7,10,79990
25064,2025-08-24,5,8,1,15999
25065,2025-08-24,5,9,2,1198
25066,2025-08-24,5,11,1,2499
25067,2025-08-24,5,12,3,1197
25068,2025-08-24,5,14,2,598
25069,2025-08-24,5,15,4,19996
25070,2025-08-24,5,16,4,3196
25071,2025-08-24,5,17,1,3999
25072,2025-08-24,5,18,4,7196
25073,2025-08-24,5,19,11,208989
25074,2025-08-24,5,21,7,17493
25075,2025-08-24,5,22,6,32994
25076,2025-08-24,5,23,2,9998
25077,2025-08-24,5,24,2,6998
25078,2025-08-24,5,25,8,39992
25079,2025-08-24,5,26,3,59997
25080,2025-08-24,5,27,1,1299
25081,2025-08-24,5,28,1,1799
25082,2025-08-24,5,29,5,12495
25083,2025-08-24,5,30,6,23994
25084,2025-08-24,5,31,10,19990
25085,2025-08-24,5,32,8,71992
25086,2025-08-24,5,33,3,38997
25087,2025-08-24,5,34,12,227988
25088,2025-08-24,5,35,5,14995
25089,2025-08-24,5,36,2,2998
25090,2025-08-24,5,37,5,11495
25091,2025-08-24,5,38,4,35996
25092,2025-08-24,5,39,8,27992
25093,2025-08-24,5,40,5,2995
25094,2025-08-24,5,41,10,24990
25095,2025-08-24,5,42,1,1799
25096,2025-08-24,5,43,1,1999
25097,2025-08-24,5,44,4,5196
25098,2025-08-24,5,45,1,4999
25099,2025-08-24,5,46,2,1598
25100,2025-08-24,5,47,1,3499
25101,2025-08-24,5,48,1,3999
25102,2025-08-24,5,49,7,17493
25103,2025-08-24,5,50,5,6495
25104,2025-08-24,5,51,2,998
25105,2025-08-24,5,52,2,3998
25106,2025-08-24,5,53,1,899
25107,2025-08-24,5,54,6,3594
25108,2025-08-24,5,55,8,7192
25109,2025-08-24,5,56,6,4194
25110,2025-08-24,6,1,7,20993
25111,2025-08-24,6,2,1,1999
25112,2025-08-24,6,3,5,24995
25113,2025-08-24,6,4,2,2998
25114,2025-08-24,6,5,17,22083
25115,2025-08-24,6,6,2,1798
25116,2025-08-24,6,7,11,87989
25117,2025-08-24,6,8,1,15999
25118,2025-08-24,6,9,5,2995
25119,2025-08-24,6,10,1,299
25120,2025-08-24,6,11,2,4998
25121,2025-08-24,6,12,6,2394
25122,2025-08-24,6,14,2,598
25123,2025-08-24,6,15,6,29994
25124,2025-08-24,6,16,6,4794
25125,2025-08-24,6,17,3,11997
25126,2025-08-24,6,18,6,10794
25127,2025-08-24,6,19,14,265986
25128,2025-08-24,6,21,12,29988
25129,2025-08-24,6,22,7,38493
25130,2025-08-24,6,23,5,24995
25131,2025-08-24,6,24,1,3499
25132,2025-08-24,6,25,16,79984
25133,2025-08-24,6,26,5,99995
25134,2025-08-24,6,27,1,1299
25135,2025-08-24,6,28,2,3598
25136,2025-08-24,6,29,6,14994
25137,2025-08-24,6,30,10,39990
25138,2025-08-24,6,31,11,21989
25139,2025-08-24,6,32,7,62993
25140,2025-08-24,6,33,6,77994
25141,2025-08-24,6,34,6,113994
25142,2025-08-24,6,35,6,17994
25143,2025-08-24,6,36,10,14990
25144,2025-08-24,6,37,7,16093
25145,2025-08-24,6,38,9,80991
25146,2025-08-24,6,39,13,45487
25147,2025-08-24,6,40,6,3594
25148,2025-08-24,6,41,10,24990
25149,2025-08-24,6,42,1,1799
25150,2025-08-24,6,43,2,3998
25151,2025-08-24,6,44,5,6495
25152,2025-08-24,6,45,1,4999
25153,2025-08-24,6,46,2,1598
25154,2025-08-24,6,47,2,6998
25155,2025-08-24,6,48,4,15996
25156,2025-08-24,6,49,5,12495
25157,2025-08-24,6,50,4,5196
25158,2025-08-24,6,51,6,2994
25159,2025-08-24,6,52,1,1999
25160,2025-08-24,6,53,3,2697
25161,2025-08-24,6,54,15,8985
25162,2025-08-24,6,55,7,6293
25163,2025-08-24,6,56,6,4194
25164,2025-08-25,1,1,14,41986
25165,2025-08-25,1,3,2,9998
25166,2025-08-25,1,4,2,2998
25167,2025-08-25,1,5,12,15588
25168,2025-08-25,1,6,2,1798
25169,2025-08-25,1,7,12,95988
25170,2025-08-25,1,8,1,15999
25171,2025-08-25,1,9,6,3594
25172,2025-08-25,1,10,1,299
25173,2025-08-25,1,11,2,4998
25174,2025-08-25,1,12,4,1596
25175,2025-08-25,1,14,4,1196
25176,2025-08-25,1,15,9,44991
25177,2025-08-25,1,16,8,6392
25178,2025-08-25,1,17,3,11997
25179,2025-08-25,1,18,8,14392
25180,2025-08-25,1,19,7,132993
25181,2025-08-25,1,21,8,19992
25182,2025-08-25,1,22,8,43992
25183,2025-08-25,1,23,3,14997
25184,2025-08-25,1,24,1,3499
25185,2025-08-25,1,25,10,49990
25186,2025-08-25,1,26,2,39998
25187,2025-08-25,1,27,2,2598
25188,2025-08-25,1,28,2,3598
25189,2025-08-25,1,29,4,9996
25190,2025-08-25,1,30,8,31992
25191,2025-08-25,1,31,6,11994
25192,2025-08-25,1,32,7,62993
25193,2025-08-25,1,33,4,51996
25194,2025-08-25,1,34,7,132993
25195,2025-08-25,1,35,2,5998
25196,2025-08-25,1,36,4,5996
25197,2025-08-25,1,37,6,13794
25198,2025-08-25,1,38,3,26997
25199,2025-08-25,1,39,11,38489
25200,2025-08-25,1,40,7,4193
25201,2025-08-25,1,41,5,12495
25202,2025-08-25,1,43,3,5997
25203,2025-08-25,1,44,2,2598
25204,2025-08-25,1,45,1,4999
25205,2025-08-25,1,46,2,1598
25206,2025-08-25,1,47,2,6998
25207,2025-08-25,1,48,3,11997
25208,2025-08-25,1,49,6,14994
25209,2025-08-25,1,50,4,5196
25210,2025-08-25,1,51,3,1497
25211,2025-08-25,1,52,2,3998
25212,2025-08-25,1,53,2,1798
25213,2025-08-25,1,54,6,3594
25214,2025-08-25,1,55,5,4495
25215,2025-08-25,1,56,5,3495
25216,2025-08-25,2,1,5,14995
25217,2025-08-25,2,3,3,14997
25218,2025-08-25,2,5,11,14289
25219,2025-08-25,2,6,1,899
25220,2025-08-25,2,7,10,79990
25221,2025-08-25,2,8,1,15999
25222,2025-08-25,2,9,3,1797
25223,2025-08-25,2,11,2,4998
25224,2025-08-25,2,12,4,1596
25225,2025-08-25,2,14,2,598
25226,2025-08-25,2,15,6,29994
25227,2025-08-25,2,16,6,4794
25228,2025-08-25,2,17,2,7998
25229,2025-08-25,2,18,3,5397
25230,2025-08-25,2,19,9,170991
25231,2025-08-25,2,21,5,12495
25232,2025-08-25,2,22,3,16497
25233,2025-08-25,2,23,2,9998
25234,2025-08-25,2,25,6,29994
25235,2025-08-25,2,26,3,59997
25236,2025-08-25,2,27,1,1299
25237,2025-08-25,2,28,1,1799
25238,2025-08-25,2,29,6,14994
25239,2025-08-25,2,30,5,19995
25240,2025-08-25,2,31,7,13993
25241,2025-08-25,2,32,5,44995
25242,2025-08-25,2,33,7,90993
25243,2025-08-25,2,34,10,189990
25244,2025-08-25,2,35,4,11996
25245,2025-08-25,2,36,5,7495
25246,2025-08-25,2,37,2,4598
25247,2025-08-25,2,38,8,71992
25248,2025-08-25,2,39,7,24493
25249,2025-08-25,2,40,5,2995
25250,2025-08-25,2,41,2,4998
25251,2025-08-25,2,43,1,1999
25252,2025-08-25,2,44,3,3897
25253,2025-08-25,2,45,1,4999
25254,2025-08-25,2,46,1,799
25255,2025-08-25,2,47,1,3499
25256,2025-08-25,2,48,2,7998
25257,2025-08-25,2,49,4,9996
25258,2025-08-25,2,50,4,5196
25259,2025-08-25,2,51,4,1996
25260,2025-08-25,2,52,1,1999
25261,2025-08-25,2,53,2,1798
25262,2025-08-25,2,54,7,4193
25263,2025-08-25,2,55,6,5394
25264,2025-08-25,2,56,5,3495
25265,2025-08-25,3,1,5,14995
25266,2025-08-25,3,3,2,9998
25267,2025-08-25,3,4,1,1499
25268,2025-08-25,3,5,15,19485
25269,2025-08-25,3,6,1,899
25270,2025-08-25,3,8,1,15999
25271,2025-08-25,3,9,2,1198
25272,2025-08-25,3,11,2,4998
25273,2025-08-25,3,12,5,1995
25274,2025-08-25,3,14,2,598
25275,2025-08-25,3,15,4,19996
25276,2025-08-25,3,16,5,3995
25277,2025-08-25,3,17,2,7998
25278,2025-08-25,3,18,5,8995
25279,2025-08-25,3,19,7,132993
25280,2025-08-25,3,21,5,12495
25281,2025-08-25,3,22,1,5499
25282,2025-08-25,3,23,3,14997
25283,2025-08-25,3,24,1,3499
25284,2025-08-25,3,25,1,4999
25285,2025-08-25,3,26,3,59997
25286,2025-08-25,3,29,7,17493
25287,2025-08-25,3,30,5,19995
25288,2025-08-25,3,31,4,7996
25289,2025-08-25,3,32,7,62993
25290,2025-08-25,3,33,2,25998
25291,2025-08-25,3,34,5,94995
25292,2025-08-25,3,35,2,5998
25293,2025-08-25,3,36,3,4497
25294,2025-08-25,3,37,7,16093
25295,2025-08-25,3,38,3,26997
25296,2025-08-25,3,40,3,1797
25297,2025-08-25,3,41,6,14994
25298,2025-08-25,3,43,1,1999
25299,2025-08-25,3,44,2,2598
25300,2025-08-25,3,45,1,4999
25301,2025-08-25,3,46,1,799
25302,2025-08-25,3,47,1,3499
25303,2025-08-25,3,48,2,7998
25304,2025-08-25,3,49,5,12495
25305,2025-08-25,3,50,3,3897
25306,2025-08-25,3,51,3,1497
25307,2025-08-25,3,52,2,3998
25308,2025-08-25,3,53,1,899
25309,2025-08-25,3,54,3,1797
25310,2025-08-25,3,55,3,2697
25311,2025-08-25,3,56,4,2796
25312,2025-08-25,4,1,7,20993
25313,2025-08-25,4,3,7,34993
25314,2025-08-25,4,4,2,2998
25315,2025-08-25,4,5,11,14289
25316,2025-08-25,4,6,2,1798
25317,2025-08-25,4,7,9,71991
25318,2025-08-25,4,8,1,15999
25319,2025-08-25,4,9,5,2995
25320,2025-08-25,4,11,3,7497
25321,2025-08-25,4,12,5,1995
25322,2025-08-25,4,13,1,499
25323,2025-08-25,4,14,2,598
25324,2025-08-25,4,15,5,24995
25325,2025-08-25,4,16,5,3995
25326,2025-08-25,4,17,2,7998
25327,2025-08-25,4,18,9,16191
25328,2025-08-25,4,19,13,246987
25329,2025-08-25,4,21,14,34986
25330,2025-08-25,4,22,8,43992
25331,2025-08-25,4,23,4,19996
25332,2025-08-25,4,24,1,3499
25333,2025-08-25,4,25,14,69986
25334,2025-08-25,4,26,5,99995
25335,2025-08-25,4,27,2,2598
25336,2025-08-25,4,28,1,1799
25337,2025-08-25,4,29,8,19992
25338,2025-08-25,4,30,5,19995
25339,2025-08-25,4,31,4,7996
25340,2025-08-25,4,32,8,71992
25341,2025-08-25,4,33,7,90993
25342,2025-08-25,4,34,16,303984
25343,2025-08-25,4,35,3,8997
25344,2025-08-25,4,36,6,8994
25345,2025-08-25,4,37,8,18392
25346,2025-08-25,4,38,4,35996
25347,2025-08-25,4,39,6,20994
25348,2025-08-25,4,40,6,3594
25349,2025-08-25,4,41,6,14994
25350,2025-08-25,4,42,1,1799
25351,2025-08-25,4,43,4,7996
25352,2025-08-25,4,44,3,3897
25353,2025-08-25,4,45,1,4999
25354,2025-08-25,4,46,2,1598
25355,2025-08-25,4,47,1,3499
25356,2025-08-25,4,48,3,11997
25357,2025-08-25,4,49,3,7497
25358,2025-08-25,4,50,5,6495
25359,2025-08-25,4,51,2,998
25360,2025-08-25,4,52,2,3998
25361,2025-08-25,4,53,3,2697
25362,2025-08-25,4,54,9,5391
25363,2025-08-25,4,55,12,10788
25364,2025-08-25,4,56,8,5592
25365,2025-08-25,5,1,3,8997
25366,2025-08-25,5,3,2,9998
25367,2025-08-25,5,4,2,2998
25368,2025-08-25,5,5,4,5196
25369,2025-08-25,5,6,2,1798
25370,2025-08-25,5,7,7,55993
25371,2025-08-25,5,8,1,15999
25372,2025-08-25,5,9,1,599
25373,2025-08-25,5,11,1,2499
25374,2025-08-25,5,12,4,1596
25375,2025-08-25,5,14,1,299
25376,2025-08-25,5,15,6,29994
25377,2025-08-25,5,16,3,2397
25378,2025-08-25,5,17,1,3999
25379,2025-08-25,5,18,4,7196
25380,2025-08-25,5,19,7,132993
25381,2025-08-25,5,21,5,12495
25382,2025-08-25,5,22,2,10998
25383,2025-08-25,5,23,2,9998
25384,2025-08-25,5,25,6,29994
25385,2025-08-25,5,26,2,39998
25386,2025-08-25,5,27,1,1299
25387,2025-08-25,5,28,1,1799
25388,2025-08-25,5,29,5,12495
25389,2025-08-25,5,30,5,19995
25390,2025-08-25,5,31,6,11994
25391,2025-08-25,5,32,5,44995
25392,2025-08-25,5,33,4,51996
25393,2025-08-25,5,34,7,132993
25394,2025-08-25,5,35,3,8997
25395,2025-08-25,5,36,3,4497
25396,2025-08-25,5,37,5,11495
25397,2025-08-25,5,38,5,44995
25398,2025-08-25,5,39,6,20994
25399,2025-08-25,5,40,2,1198
25400,2025-08-25,5,41,4,9996
25401,2025-08-25,5,43,3,5997
25402,2025-08-25,5,44,2,2598
25403,2025-08-25,5,46,2,1598
25404,2025-08-25,5,47,1,3499
25405,2025-08-25,5,48,1,3999
25406,2025-08-25,5,49,4,9996
25407,2025-08-25,5,50,2,2598
25408,2025-08-25,5,51,3,1497
25409,2025-08-25,5,52,1,1999
25410,2025-08-25,5,53,2,1798
25411,2025-08-25,5,54,8,4792
25412,2025-08-25,5,55,3,2697
25413,2025-08-25,5,56,5,3495
25414,2025-08-25,6,1,5,14995
25415,2025-08-25,6,3,3,14997
25416,2025-08-25,6,4,1,1499
25417,2025-08-25,6,5,10,12990
25418,2025-08-25,6,6,2,1798
25419,2025-08-25,6,7,7,55993
25420,2025-08-25,6,8,1,15999
25421,2025-08-25,6,9,3,1797
25422,2025-08-25,6,11,1,2499
25423,2025-08-25,6,12,4,1596
25424,2025-08-25,6,14,1,299
25425,2025-08-25,6,15,5,24995
25426,2025-08-25,6,16,3,2397
25427,2025-08-25,6,17,2,7998
25428,2025-08-25,6,18,5,8995
25429,2025-08-25,6,19,6,113994
25430,2025-08-25,6,20,1,1299
25431,2025-08-25,6,21,5,12495
25432,2025-08-25,6,22,5,27495
25433,2025-08-25,6,23,2,9998
25434,2025-08-25,6,24,1,3499
25435,2025-08-25,6,25,10,49990
25436,2025-08-25,6,26,3,59997
25437,2025-08-25,6,28,1,1799
25438,2025-08-25,6,29,8,19992
25439,2025-08-25,6,30,5,19995
25440,2025-08-25,6,31,8,15992
25441,2025-08-25,6,32,10,89990
25442,2025-08-25,6,33,5,64995
25443,2025-08-25,6,34,5,94995
25444,2025-08-25,6,35,5,14995
25445,2025-08-25,6,36,2,2998
25446,2025-08-25,6,37,8,18392
25447,2025-08-25,6,38,2,17998
25448,2025-08-25,6,39,9,31491
25449,2025-08-25,6,40,2,1198
25450,2025-08-25,6,41,5,12495
25451,2025-08-25,6,43,3,5997
25452,2025-08-25,6,44,2,2598
25453,2025-08-25,6,45,1,4999
25454,2025-08-25,6,46,2,1598
25455,2025-08-25,6,47,1,3499
25456,2025-08-25,6,48,3,11997
25457,2025-08-25,6,49,3,7497
25458,2025-08-25,6,50,5,6495
25459,2025-08-25,6,51,4,1996
25460,2025-08-25,6,52,2,3998
25461,2025-08-25,6,53,2,1798
25462,2025-08-25,6,54,9,5391
25463,2025-08-25,6,55,7,6293
25464,2025-08-25,6,56,6,4194
25465,2025-08-26,1,1,25,74975
25466,2025-08-26,1,3,3,14997
25467,2025-08-26,1,4,1,1499
25468,2025-08-26,1,5,11,14289
25469,2025-08-26,1,6,1,899
25470,2025-08-26,1,7,9,71991
25471,2025-08-26,1,8,1,15999
25472,2025-08-26,1,9,5,2995
25473,2025-08-26,1,10,1,299
25474,2025-08-26,1,11,1,2499
25475,2025-08-26,1,12,6,2394
25476,2025-08-26,1,13,1,499
25477,2025-08-26,1,14,2,598
25478,2025-08-26,1,15,9,44991
25479,2025-08-26,1,16,4,3196
25480,2025-08-26,1,17,2,7998
25481,2025-08-26,1,18,6,10794
25482,2025-08-26,1,19,10,189990
25483,2025-08-26,1,21,10,24990
25484,2025-08-26,1,22,8,43992
25485,2025-08-26,1,23,4,19996
25486,2025-08-26,1,24,2,6998
25487,2025-08-26,1,25,8,39992
25488,2025-08-26,1,26,5,99995
25489,2025-08-26,1,27,1,1299
25490,2025-08-26,1,28,1,1799
25491,2025-08-26,1,29,7,17493
25492,2025-08-26,1,30,5,19995
25493,2025-08-26,1,31,5,9995
25494,2025-08-26,1,32,8,71992
25495,2025-08-26,1,33,1,12999
25496,2025-08-26,1,34,3,56997
25497,2025-08-26,1,35,4,11996
25498,2025-08-26,1,36,2,2998
25499,2025-08-26,1,37,8,18392
25500,2025-08-26,1,38,7,62993
25501,2025-08-26,1,39,4,13996
25502,2025-08-26,1,40,9,5391
25503,2025-08-26,1,41,5,12495
25504,2025-08-26,1,43,2,3998
25505,2025-08-26,1,44,3,3897
25506,2025-08-26,1,45,1,4999
25507,2025-08-26,1,46,2,1598
25508,2025-08-26,1,47,1,3499
25509,2025-08-26,1,48,3,11997
25510,2025-08-26,1,49,7,17493
25511,2025-08-26,1,50,5,6495
25512,2025-08-26,1,51,4,1996
25513,2025-08-26,1,52,2,3998
25514,2025-08-26,1,53,3,2697
25515,2025-08-26,1,54,8,4792
25516,2025-08-26,1,55,6,5394
25517,2025-08-26,1,56,6,4194
25518,2025-08-26,2,1,1,2999
25519,2025-08-26,2,3,2,9998
25520,2025-08-26,2,5,8,10392
25521,2025-08-26,2,6,1,899
25522,2025-08-26,2,7,10,79990
25523,2025-08-26,2,8,1,15999
25524,2025-08-26,2,9,3,1797
25525,2025-08-26,2,11,1,2499
25526,2025-08-26,2,12,4,1596
25527,2025-08-26,2,14,1,299
25528,2025-08-26,2,15,4,19996
25529,2025-08-26,2,16,4,3196
25530,2025-08-26,2,17,1,3999
25531,2025-08-26,2,18,5,8995
25532,2025-08-26,2,19,3,56997
25533,2025-08-26,2,21,7,17493
25534,2025-08-26,2,22,6,32994
25535,2025-08-26,2,23,2,9998
25536,2025-08-26,2,24,1,3499
25537,2025-08-26,2,25,10,49990
25538,2025-08-26,2,26,3,59997
25539,2025-08-26,2,27,1,1299
25540,2025-08-26,2,28,1,1799
25541,2025-08-26,2,29,11,27489
25542,2025-08-26,2,30,7,27993
25543,2025-08-26,2,31,9,17991
25544,2025-08-26,2,32,7,62993
25545,2025-08-26,2,33,5,64995
25546,2025-08-26,2,34,8,151992
25547,2025-08-26,2,35,2,5998
25548,2025-08-26,2,36,5,7495
25549,2025-08-26,2,37,9,20691
25550,2025-08-26,2,38,4,35996
25551,2025-08-26,2,39,6,20994
25552,2025-08-26,2,40,7,4193
25553,2025-08-26,2,41,4,9996
25554,2025-08-26,2,43,2,3998
25555,2025-08-26,2,44,1,1299
25556,2025-08-26,2,46,3,2397
25557,2025-08-26,2,48,2,7998
25558,2025-08-26,2,49,3,7497
25559,2025-08-26,2,50,2,2598
25560,2025-08-26,2,51,3,1497
25561,2025-08-26,2,52,1,1999
25562,2025-08-26,2,53,2,1798
25563,2025-08-26,2,54,7,4193
25564,2025-08-26,2,55,4,3596
25565,2025-08-26,2,56,7,4893
25566,2025-08-26,3,1,4,11996
25567,2025-08-26,3,3,2,9998
25568,2025-08-26,3,4,2,2998
25569,2025-08-26,3,5,7,9093
25570,2025-08-26,3,6,1,899
25571,2025-08-26,3,8,1,15999
25572,2025-08-26,3,9,4,2396
25573,2025-08-26,3,11,1,2499
25574,2025-08-26,3,12,4,1596
25575,2025-08-26,3,14,1,299
25576,2025-08-26,3,15,7,34993
25577,2025-08-26,3,16,3,2397
25578,2025-08-26,3,17,2,7998
25579,2025-08-26,3,18,4,7196
25580,2025-08-26,3,19,3,56997
25581,2025-08-26,3,21,6,14994
25582,2025-08-26,3,22,4,21996
25583,2025-08-26,3,23,2,9998
25584,2025-08-26,3,24,1,3499
25585,2025-08-26,3,25,9,44991
25586,2025-08-26,3,26,3,59997
25587,2025-08-26,3,28,1,1799
25588,2025-08-26,3,29,4,9996
25589,2025-08-26,3,30,6,23994
25590,2025-08-26,3,31,6,11994
25591,2025-08-26,3,32,6,53994
25592,2025-08-26,3,33,4,51996
25593,2025-08-26,3,34,4,75996
25594,2025-08-26,3,35,2,5998
25595,2025-08-26,3,36,3,4497
25596,2025-08-26,3,37,2,4598
25597,2025-08-26,3,38,3,26997
25598,2025-08-26,3,39,6,20994
25599,2025-08-26,3,40,2,1198
25600,2025-08-26,3,41,8,19992
25601,2025-08-26,3,43,3,5997
25602,2025-08-26,3,44,2,2598
25603,2025-08-26,3,46,1,799
25604,2025-08-26,3,47,1,3499
25605,2025-08-26,3,48,1,3999
25606,2025-08-26,3,49,3,7497
25607,2025-08-26,3,50,3,3897
25608,2025-08-26,3,51,2,998
25609,2025-08-26,3,52,1,1999
25610,2025-08-26,3,53,2,1798
25611,2025-08-26,3,54,9,5391
25612,2025-08-26,3,55,5,4495
25613,2025-08-26,3,56,4,2796
25614,2025-08-26,4,1,9,26991
25615,2025-08-26,4,3,15,74985
25616,2025-08-26,4,4,2,2998
25617,2025-08-26,4,5,6,7794
25618,2025-08-26,4,6,2,1798
25619,2025-08-26,4,7,13,103987
25620,2025-08-26,4,9,4,2396
25621,2025-08-26,4,10,1,299
25622,2025-08-26,4,11,3,7497
25623,2025-08-26,4,12,6,2394
25624,2025-08-26,4,14,2,598
25625,2025-08-26,4,15,4,19996
25626,2025-08-26,4,16,4,3196
25627,2025-08-26,4,17,2,7998
25628,2025-08-26,4,18,4,7196
25629,2025-08-26,4,19,6,113994
25630,2025-08-26,4,21,5,12495
25631,2025-08-26,4,22,7,38493
25632,2025-08-26,4,23,4,19996
25633,2025-08-26,4,24,2,6998
25634,2025-08-26,4,25,3,14997
25635,2025-08-26,4,26,6,119994
25636,2025-08-26,4,27,1,1299
25637,2025-08-26,4,28,1,1799
25638,2025-08-26,4,29,9,22491
25639,2025-08-26,4,30,5,19995
25640,2025-08-26,4,31,13,25987
25641,2025-08-26,4,32,5,44995
25642,2025-08-26,4,33,6,77994
25643,2025-08-26,4,34,6,113994
25644,2025-08-26,4,35,4,11996
25645,2025-08-26,4,36,7,10493
25646,2025-08-26,4,37,11,25289
25647,2025-08-26,4,38,4,35996
25648,2025-08-26,4,39,8,27992
25649,2025-08-26,4,40,8,4792
25650,2025-08-26,4,41,7,17493
25651,2025-08-26,4,42,1,1799
25652,2025-08-26,4,43,2,3998
25653,2025-08-26,4,44,3,3897
25654,2025-08-26,4,45,1,4999
25655,2025-08-26,4,46,2,1598
25656,2025-08-26,4,47,2,6998
25657,2025-08-26,4,48,3,11997
25658,2025-08-26,4,49,4,9996
25659,2025-08-26,4,50,3,3897
25660,2025-08-26,4,51,4,1996
25661,2025-08-26,4,52,2,3998
25662,2025-08-26,4,53,2,1798
25663,2025-08-26,4,54,9,5391
25664,2025-08-26,4,55,7,6293
25665,2025-08-26,4,56,6,4194
25666,2025-08-26,5,1,6,17994
25667,2025-08-26,5,3,2,9998
25668,2025-08-26,5,4,1,1499
25669,2025-08-26,5,5,7,9093
25670,2025-08-26,5,6,1,899
25671,2025-08-26,5,7,8,63992
25672,2025-08-26,5,9,5,2995
25673,2025-08-26,5,11,2,4998
25674,2025-08-26,5,12,3,1197
25675,2025-08-26,5,14,1,299
25676,2025-08-26,5,15,4,19996
25677,2025-08-26,5,16,4,3196
25678,2025-08-26,5,17,1,3999
25679,2025-08-26,5,18,4,7196
25680,2025-08-26,5,19,8,151992
25681,2025-08-26,5,21,7,17493
25682,2025-08-26,5,22,3,16497
25683,2025-08-26,5,23,2,9998
25684,2025-08-26,5,24,1,3499
25685,2025-08-26,5,25,8,39992
25686,2025-08-26,5,26,1,19999
25687,2025-08-26,5,28,1,1799
25688,2025-08-26,5,29,4,9996
25689,2025-08-26,5,30,9,35991
25690,2025-08-26,5,31,6,11994
25691,2025-08-26,5,32,5,44995
25692,2025-08-26,5,33,4,51996
25693,2025-08-26,5,34,4,75996
25694,2025-08-26,5,35,2,5998
25695,2025-08-26,5,36,3,4497
25696,2025-08-26,5,37,5,11495
25697,2025-08-26,5,38,2,17998
25698,2025-08-26,5,39,7,24493
25699,2025-08-26,5,40,2,1198
25700,2025-08-26,5,41,2,4998
25701,2025-08-26,5,43,1,1999
25702,2025-08-26,5,44,2,2598
25703,2025-08-26,5,45,1,4999
25704,2025-08-26,5,46,1,799
25705,2025-08-26,5,47,1,3499
25706,2025-08-26,5,48,2,7998
25707,2025-08-26,5,49,2,4998
25708,2025-08-26,5,50,2,2598
25709,2025-08-26,5,51,3,1497
25710,2025-08-26,5,52,1,1999
25711,2025-08-26,5,53,1,899
25712,2025-08-26,5,54,3,1797
25713,2025-08-26,5,55,5,4495
25714,2025-08-26,5,56,5,3495
25715,2025-08-26,6,1,6,17994
25716,2025-08-26,6,3,4,19996
25717,2025-08-26,6,4,1,1499
25718,2025-08-26,6,5,9,11691
25719,2025-08-26,6,6,1,899
25720,2025-08-26,6,7,6,47994
25721,2025-08-26,6,9,2,1198
25722,2025-08-26,6,11,3,7497
25723,2025-08-26,6,12,6,2394
25724,2025-08-26,6,13,1,499
25725,2025-08-26,6,14,2,598
25726,2025-08-26,6,15,4,19996
25727,2025-08-26,6,16,5,3995
25728,2025-08-26,6,17,3,11997
25729,2025-08-26,6,18,6,10794
25730,2025-08-26,6,19,11,208989
25731,2025-08-26,6,21,7,17493
25732,2025-08-26,6,22,4,21996
25733,2025-08-26,6,23,2,9998
25734,2025-08-26,6,25,12,59988
25735,2025-08-26,6,26,2,39998
25736,2025-08-26,6,28,1,1799
25737,2025-08-26,6,29,11,27489
25738,2025-08-26,6,30,8,31992
25739,2025-08-26,6,31,5,9995
25740,2025-08-26,6,32,8,71992
25741,2025-08-26,6,33,5,64995
25742,2025-08-26,6,34,11,208989
25743,2025-08-26,6,35,5,14995
25744,2025-08-26,6,36,2,2998
25745,2025-08-26,6,37,8,18392
25746,2025-08-26,6,38,5,44995
25747,2025-08-26,6,39,5,17495
25748,2025-08-26,6,40,6,3594
25749,2025-08-26,6,41,6,14994
25750,2025-08-26,6,43,1,1999
25751,2025-08-26,6,44,4,5196
25752,2025-08-26,6,45,1,4999
25753,2025-08-26,6,46,3,2397
25754,2025-08-26,6,47,1,3499
25755,2025-08-26,6,48,3,11997
25756,2025-08-26,6,49,7,17493
25757,2025-08-26,6,50,4,5196
25758,2025-08-26,6,51,3,1497
25759,2025-08-26,6,52,2,3998
25760,2025-08-26,6,53,1,899
25761,2025-08-26,6,54,8,4792
25762,2025-08-26,6,55,5,4495
25763,2025-08-26,6,56,7,4893
25764,2025-08-27,1,1,15,44985
25765,2025-08-27,1,2,1,1999
25766,2025-08-27,1,3,3,14997
25767,2025-08-27,1,4,1,1499
25768,2025-08-27,1,5,12,15588
25769,2025-08-27,1,6,1,899
25770,2025-08-27,1,7,9,71991
25771,2025-08-27,1,8,1,15999
25772,2025-08-27,1,9,7,4193
25773,2025-08-27,1,11,1,2499
25774,2025-08-27,1,12,3,1197
25775,2025-08-27,1,14,2,598
25776,2025-08-27,1,15,11,54989
25777,2025-08-27,1,16,3,2397
25778,2025-08-27,1,17,2,7998
25779,2025-08-27,1,18,4,7196
25780,2025-08-27,1,19,7,132993
25781,2025-08-27,1,21,6,14994
25782,2025-08-27,1,22,3,16497
25783,2025-08-27,1,23,4,19996
25784,2025-08-27,1,24,2,6998
25785,2025-08-27,1,25,13,64987
25786,2025-08-27,1,26,4,79996
25787,2025-08-27,1,27,1,1299
25788,2025-08-27,1,28,2,3598
25789,2025-08-27,1,29,9,22491
25790,2025-08-27,1,30,6,23994
25791,2025-08-27,1,31,12,23988
25792,2025-08-27,1,32,8,71992
25793,2025-08-27,1,33,4,51996
25794,2025-08-27,1,34,6,113994
25795,2025-08-27,1,35,3,8997
25796,2025-08-27,1,36,5,7495
25797,2025-08-27,1,37,9,20691
25798,2025-08-27,1,38,3,26997
25799,2025-08-27,1,39,7,24493
25800,2025-08-27,1,40,8,4792
25801,2025-08-27,1,41,6,14994
25802,2025-08-27,1,43,2,3998
25803,2025-08-27,1,44,1,1299
25804,2025-08-27,1,45,1,4999
25805,2025-08-27,1,46,1,799
25806,2025-08-27,1,47,2,6998
25807,2025-08-27,1,49,5,12495
25808,2025-08-27,1,50,1,1299
25809,2025-08-27,1,51,3,1497
25810,2025-08-27,1,52,1,1999
25811,2025-08-27,1,53,3,2697
25812,2025-08-27,1,54,8,4792
25813,2025-08-27,1,55,3,2697
25814,2025-08-27,1,56,3,2097
25815,2025-08-27,2,1,4,11996
25816,2025-08-27,2,3,3,14997
25817,2025-08-27,2,5,10,12990
25818,2025-08-27,2,7,10,79990
25819,2025-08-27,2,8,1,15999
25820,2025-08-27,2,9,3,1797
25821,2025-08-27,2,11,2,4998
25822,2025-08-27,2,12,3,1197
25823,2025-08-27,2,14,2,598
25824,2025-08-27,2,15,8,39992
25825,2025-08-27,2,16,4,3196
25826,2025-08-27,2,17,2,7998
25827,2025-08-27,2,18,6,10794
25828,2025-08-27,2,19,5,94995
25829,2025-08-27,2,21,2,4998
25830,2025-08-27,2,22,4,21996
25831,2025-08-27,2,23,1,4999
25832,2025-08-27,2,24,2,6998
25833,2025-08-27,2,25,6,29994
25834,2025-08-27,2,26,4,79996
25835,2025-08-27,2,27,2,2598
25836,2025-08-27,2,28,1,1799
25837,2025-08-27,2,29,4,9996
25838,2025-08-27,2,30,6,23994
25839,2025-08-27,2,31,6,11994
25840,2025-08-27,2,32,5,44995
25841,2025-08-27,2,33,4,51996
25842,2025-08-27,2,34,7,132993
25843,2025-08-27,2,35,3,8997
25844,2025-08-27,2,36,4,5996
25845,2025-08-27,2,37,9,20691
25846,2025-08-27,2,38,4,35996
25847,2025-08-27,2,39,4,13996
25848,2025-08-27,2,40,4,2396
25849,2025-08-27,2,41,6,14994
25850,2025-08-27,2,43,2,3998
25851,2025-08-27,2,44,1,1299
25852,2025-08-27,2,46,2,1598
25853,2025-08-27,2,47,1,3499
25854,2025-08-27,2,48,4,15996
25855,2025-08-27,2,49,6,14994
25856,2025-08-27,2,50,3,3897
25857,2025-08-27,2,51,2,998
25858,2025-08-27,2,52,2,3998
25859,2025-08-27,2,53,3,2697
25860,2025-08-27,2,54,7,4193
25861,2025-08-27,2,55,5,4495
25862,2025-08-27,2,56,5,3495
25863,2025-08-27,3,1,5,14995
25864,2025-08-27,3,4,1,1499
25865,2025-08-27,3,5,11,14289
25866,2025-08-27,3,6,2,1798
25867,2025-08-27,3,9,2,1198
25868,2025-08-27,3,11,3,7497
25869,2025-08-27,3,12,2,798
25870,2025-08-27,3,14,1,299
25871,2025-08-27,3,15,3,14997
25872,2025-08-27,3,16,3,2397
25873,2025-08-27,3,17,2,7998
25874,2025-08-27,3,18,5,8995
25875,2025-08-27,3,19,7,132993
25876,2025-08-27,3,21,6,14994
25877,2025-08-27,3,22,6,32994
25878,2025-08-27,3,23,1,4999
25879,2025-08-27,3,25,5,24995
25880,2025-08-27,3,26,1,19999
25881,2025-08-27,3,27,1,1299
25882,2025-08-27,3,28,1,1799
25883,2025-08-27,3,29,7,17493
25884,2025-08-27,3,30,3,11997
25885,2025-08-27,3,31,3,5997
25886,2025-08-27,3,32,7,62993
25887,2025-08-27,3,33,4,51996
25888,2025-08-27,3,34,8,151992
25889,2025-08-27,3,35,3,8997
25890,2025-08-27,3,36,3,4497
25891,2025-08-27,3,37,6,13794
25892,2025-08-27,3,38,3,26997
25893,2025-08-27,3,39,9,31491
25894,2025-08-27,3,40,3,1797
25895,2025-08-27,3,41,3,7497
25896,2025-08-27,3,43,2,3998
25897,2025-08-27,3,44,3,3897
25898,2025-08-27,3,45,1,4999
25899,2025-08-27,3,46,1,799
25900,2025-08-27,3,47,1,3499
25901,2025-08-27,3,48,2,7998
25902,2025-08-27,3,49,6,14994
25903,2025-08-27,3,50,1,1299
25904,2025-08-27,3,51,2,998
25905,2025-08-27,3,52,1,1999
25906,2025-08-27,3,53,1,899
25907,2025-08-27,3,54,5,2995
25908,2025-08-27,3,55,3,2697
25909,2025-08-27,3,56,4,2796
25910,2025-08-27,4,1,6,17994
25911,2025-08-27,4,3,13,64987
25912,2025-08-27,4,4,2,2998
25913,2025-08-27,4,5,21,27279
25914,2025-08-27,4,6,2,1798
25915,2025-08-27,4,7,8,63992
25916,2025-08-27,4,10,1,299
25917,2025-08-27,4,11,2,4998
25918,2025-08-27,4,12,6,2394
25919,2025-08-27,4,14,1,299
25920,2025-08-27,4,15,4,19996
25921,2025-08-27,4,16,4,3196
25922,2025-08-27,4,17,3,11997
25923,2025-08-27,4,18,6,10794
25924,2025-08-27,4,19,5,94995
25925,2025-08-27,4,21,6,14994
25926,2025-08-27,4,22,6,32994
25927,2025-08-27,4,23,1,4999
25928,2025-08-27,4,24,2,6998
25929,2025-08-27,4,25,10,49990
25930,2025-08-27,4,26,5,99995
25931,2025-08-27,4,27,1,1299
25932,2025-08-27,4,28,1,1799
25933,2025-08-27,4,29,7,17493
25934,2025-08-27,4,30,9,35991
25935,2025-08-27,4,31,7,13993
25936,2025-08-27,4,32,11,98989
25937,2025-08-27,4,33,2,25998
25938,2025-08-27,4,34,1,18999
25939,2025-08-27,4,35,4,11996
25940,2025-08-27,4,36,6,8994
25941,2025-08-27,4,37,8,18392
25942,2025-08-27,4,38,6,53994
25943,2025-08-27,4,39,8,27992
25944,2025-08-27,4,40,4,2396
25945,2025-08-27,4,41,4,9996
25946,2025-08-27,4,42,1,1799
25947,2025-08-27,4,43,1,1999
25948,2025-08-27,4,44,4,5196
25949,2025-08-27,4,45,1,4999
25950,2025-08-27,4,46,2,1598
25951,2025-08-27,4,47,2,6998
25952,2025-08-27,4,48,3,11997
25953,2025-08-27,4,49,3,7497
25954,2025-08-27,4,50,3,3897
25955,2025-08-27,4,51,4,1996
25956,2025-08-27,4,52,2,3998
25957,2025-08-27,4,53,2,1798
25958,2025-08-27,4,54,10,5990
25959,2025-08-27,4,55,4,3596
25960,2025-08-27,4,56,10,6990
25961,2025-08-27,5,1,4,11996
25962,2025-08-27,5,3,1,4999
25963,2025-08-27,5,4,2,2998
25964,2025-08-27,5,5,7,9093
25965,2025-08-27,5,6,1,899
25966,2025-08-27,5,7,5,39995
25967,2025-08-27,5,9,2,1198
25968,2025-08-27,5,11,1,2499
25969,2025-08-27,5,12,3,1197
25970,2025-08-27,5,14,1,299
25971,2025-08-27,5,15,5,24995
25972,2025-08-27,5,16,3,2397
25973,2025-08-27,5,17,2,7998
25974,2025-08-27,5,18,4,7196
25975,2025-08-27,5,19,4,75996
25976,2025-08-27,5,21,7,17493
25977,2025-08-27,5,22,3,16497
25978,2025-08-27,5,23,3,14997
25979,2025-08-27,5,24,1,3499
25980,2025-08-27,5,25,8,39992
25981,2025-08-27,5,26,3,59997
25982,2025-08-27,5,28,1,1799
25983,2025-08-27,5,29,5,12495
25984,2025-08-27,5,30,4,15996
25985,2025-08-27,5,31,4,7996
25986,2025-08-27,5,32,5,44995
25987,2025-08-27,5,33,2,25998
25988,2025-08-27,5,34,11,208989
25989,2025-08-27,5,35,3,8997
25990,2025-08-27,5,36,3,4497
25991,2025-08-27,5,37,8,18392
25992,2025-08-27,5,38,4,35996
25993,2025-08-27,5,39,4,13996
25994,2025-08-27,5,40,3,1797
25995,2025-08-27,5,41,5,12495
25996,2025-08-27,5,43,2,3998
25997,2025-08-27,5,44,2,2598
25998,2025-08-27,5,45,1,4999
25999,2025-08-27,5,46,1,799
26000,2025-08-27,5,48,2,7998
26001,2025-08-27,5,49,4,9996
26002,2025-08-27,5,50,2,2598
26003,2025-08-27,5,51,2,998
26004,2025-08-27,5,53,1,899
26005,2025-08-27,5,54,9,5391
26006,2025-08-27,5,55,5,4495
26007,2025-08-27,5,56,1,699
26008,2025-08-27,6,1,6,17994
26009,2025-08-27,6,3,4,19996
26010,2025-08-27,6,4,2,2998
26011,2025-08-27,6,5,7,9093
26012,2025-08-27,6,6,2,1798
26013,2025-08-27,6,7,12,95988
26014,2025-08-27,6,8,1,15999
26015,2025-08-27,6,9,4,2396
26016,2025-08-27,6,11,1,2499
26017,2025-08-27,6,12,4,1596
26018,2025-08-27,6,13,1,499
26019,2025-08-27,6,14,2,598
26020,2025-08-27,6,15,4,19996
26021,2025-08-27,6,16,7,5593
26022,2025-08-27,6,17,2,7998
26023,2025-08-27,6,18,4,7196
26024,2025-08-27,6,19,10,189990
26025,2025-08-27,6,21,8,19992
26026,2025-08-27,6,22,7,38493
26027,2025-08-27,6,23,2,9998
26028,2025-08-27,6,24,2,6998
26029,2025-08-27,6,25,4,19996
26030,2025-08-27,6,26,4,79996
26031,2025-08-27,6,27,1,1299
26032,2025-08-27,6,28,1,1799
26033,2025-08-27,6,29,6,14994
26034,2025-08-27,6,30,6,23994
26035,2025-08-27,6,31,4,7996
26036,2025-08-27,6,32,6,53994
26037,2025-08-27,6,33,4,51996
26038,2025-08-27,6,34,9,170991
26039,2025-08-27,6,35,4,11996
26040,2025-08-27,6,36,5,7495
26041,2025-08-27,6,37,7,16093
26042,2025-08-27,6,38,4,35996
26043,2025-08-27,6,39,5,17495
26044,2025-08-27,6,40,6,3594
26045,2025-08-27,6,41,10,24990
26046,2025-08-27,6,43,2,3998
26047,2025-08-27,6,44,2,2598
26048,2025-08-27,6,45,1,4999
26049,2025-08-27,6,46,1,799
26050,2025-08-27,6,47,1,3499
26051,2025-08-27,6,48,3,11997
26052,2025-08-27,6,49,4,9996
26053,2025-08-27,6,50,3,3897
26054,2025-08-27,6,51,4,1996
26055,2025-08-27,6,52,2,3998
26056,2025-08-27,6,53,1,899
26057,2025-08-27,6,54,5,2995
26058,2025-08-27,6,55,6,5394
26059,2025-08-27,6,56,5,3495
26060,2025-08-28,1,1,8,23992
26061,2025-08-28,1,3,4,19996
26062,2025-08-28,1,4,2,2998
26063,2025-08-28,1,5,13,16887
26064,2025-08-28,1,6,2,1798
26065,2025-08-28,1,7,6,47994
26066,2025-08-28,1,8,1,15999
26067,2025-08-28,1,9,3,1797
26068,2025-08-28,1,11,3,7497
26069,2025-08-28,1,12,7,2793
26070,2025-08-28,1,14,2,598
26071,2025-08-28,1,15,6,29994
26072,2025-08-28,1,16,6,4794
26073,2025-08-28,1,17,1,3999
26074,2025-08-28,1,18,8,14392
26075,2025-08-28,1,19,5,94995
26076,2025-08-28,1,21,9,22491
26077,2025-08-28,1,22,10,54990
26078,2025-08-28,1,23,4,19996
26079,2025-08-28,1,24,2,6998
26080,2025-08-28,1,25,11,54989
26081,2025-08-28,1,26,6,119994
26082,2025-08-28,1,27,1,1299
26083,2025-08-28,1,28,1,1799
26084,2025-08-28,1,29,6,14994
26085,2025-08-28,1,30,7,27993
26086,2025-08-28,1,31,8,15992
26087,2025-08-28,1,32,7,62993
26088,2025-08-28,1,33,4,51996
26089,2025-08-28,1,34,3,56997
26090,2025-08-28,1,35,5,14995
26091,2025-08-28,1,36,5,7495
26092,2025-08-28,1,37,4,9196
26093,2025-08-28,1,38,4,35996
26094,2025-08-28,1,39,9,31491
26095,2025-08-28,1,40,7,4193
26096,2025-08-28,1,41,11,27489
26097,2025-08-28,1,42,1,1799
26098,2025-08-28,1,43,2,3998
26099,2025-08-28,1,44,3,3897
26100,2025-08-28,1,46,3,2397
26101,2025-08-28,1,47,1,3499
26102,2025-08-28,1,48,3,11997
26103,2025-08-28,1,49,6,14994
26104,2025-08-28,1,50,3,3897
26105,2025-08-28,1,51,4,1996
26106,2025-08-28,1,52,1,1999
26107,2025-08-28,1,53,2,1798
26108,2025-08-28,1,54,10,5990
26109,2025-08-28,1,55,4,3596
26110,2025-08-28,1,56,6,4194
26111,2025-08-28,2,1,6,17994
26112,2025-08-28,2,3,2,9998
26113,2025-08-28,2,5,12,15588
26114,2025-08-28,2,6,1,899
26115,2025-08-28,2,7,9,71991
26116,2025-08-28,2,8,1,15999
26117,2025-08-28,2,9,3,1797
26118,2025-08-28,2,11,2,4998
26119,2025-08-28,2,12,5,1995
26120,2025-08-28,2,14,1,299
26121,2025-08-28,2,15,5,24995
26122,2025-08-28,2,16,4,3196
26123,2025-08-28,2,17,2,7998
26124,2025-08-28,2,18,6,10794
26125,2025-08-28,2,19,5,94995
26126,2025-08-28,2,21,6,14994
26127,2025-08-28,2,22,7,38493
26128,2025-08-28,2,23,3,14997
26129,2025-08-28,2,24,2,6998
26130,2025-08-28,2,25,7,34993
26131,2025-08-28,2,26,3,59997
26132,2025-08-28,2,28,1,1799
26133,2025-08-28,2,29,9,22491
26134,2025-08-28,2,30,3,11997
26135,2025-08-28,2,31,10,19990
26136,2025-08-28,2,32,8,71992
26137,2025-08-28,2,33,4,51996
26138,2025-08-28,2,34,8,151992
26139,2025-08-28,2,35,3,8997
26140,2025-08-28,2,36,5,7495
26141,2025-08-28,2,37,6,13794
26142,2025-08-28,2,38,3,26997
26143,2025-08-28,2,39,5,17495
26144,2025-08-28,2,40,6,3594
26145,2025-08-28,2,41,6,14994
26146,2025-08-28,2,43,2,3998
26147,2025-08-28,2,44,2,2598
26148,2025-08-28,2,46,1,799
26149,2025-08-28,2,47,1,3499
26150,2025-08-28,2,48,2,7998
26151,2025-08-28,2,49,7,17493
26152,2025-08-28,2,50,2,2598
26153,2025-08-28,2,51,3,1497
26154,2025-08-28,2,52,2,3998
26155,2025-08-28,2,53,3,2697
26156,2025-08-28,2,54,7,4193
26157,2025-08-28,2,55,4,3596
26158,2025-08-28,2,56,5,3495
26159,2025-08-28,3,1,6,17994
26160,2025-08-28,3,3,2,9998
26161,2025-08-28,3,4,1,1499
26162,2025-08-28,3,5,14,18186
26163,2025-08-28,3,8,1,15999
26164,2025-08-28,3,9,4,2396
26165,2025-08-28,3,11,1,2499
26166,2025-08-28,3,12,2,798
26167,2025-08-28,3,14,1,299
26168,2025-08-28,3,15,3,14997
26169,2025-08-28,3,16,3,2397
26170,2025-08-28,3,17,2,7998
26171,2025-08-28,3,18,4,7196
26172,2025-08-28,3,19,4,75996
26173,2025-08-28,3,21,4,9996
26174,2025-08-28,3,22,4,21996
26175,2025-08-28,3,23,2,9998
26176,2025-08-28,3,24,2,6998
26177,2025-08-28,3,25,8,39992
26178,2025-08-28,3,26,2,39998
26179,2025-08-28,3,29,5,12495
26180,2025-08-28,3,30,5,19995
26181,2025-08-28,3,31,5,9995
26182,2025-08-28,3,32,6,53994
26183,2025-08-28,3,33,3,38997
26184,2025-08-28,3,34,6,113994
26185,2025-08-28,3,35,2,5998
26186,2025-08-28,3,36,4,5996
26187,2025-08-28,3,37,5,11495
26188,2025-08-28,3,38,3,26997
26189,2025-08-28,3,39,6,20994
26190,2025-08-28,3,40,4,2396
26191,2025-08-28,3,41,4,9996
26192,2025-08-28,3,43,1,1999
26193,2025-08-28,3,44,2,2598
26194,2025-08-28,3,45,1,4999
26195,2025-08-28,3,46,1,799
26196,2025-08-28,3,47,1,3499
26197,2025-08-28,3,48,2,7998
26198,2025-08-28,3,49,5,12495
26199,2025-08-28,3,50,2,2598
26200,2025-08-28,3,51,3,1497
26201,2025-08-28,3,52,1,1999
26202,2025-08-28,3,53,1,899
26203,2025-08-28,3,54,9,5391
26204,2025-08-28,3,55,3,2697
26205,2025-08-28,3,56,3,2097
26206,2025-08-28,4,1,5,14995
26207,2025-08-28,4,3,8,39992
26208,2025-08-28,4,4,4,5996
26209,2025-08-28,4,5,18,23382
26210,2025-08-28,4,6,3,2697
26211,2025-08-28,4,7,9,71991
26212,2025-08-28,4,8,1,15999
26213,2025-08-28,4,9,4,2396
26214,2025-08-28,4,10,1,299
26215,2025-08-28,4,11,3,7497
26216,2025-08-28,4,12,3,1197
26217,2025-08-28,4,13,1,499
26218,2025-08-28,4,14,1,299
26219,2025-08-28,4,15,6,29994
26220,2025-08-28,4,16,1,799
26221,2025-08-28,4,17,3,11997
26222,2025-08-28,4,18,4,7196
26223,2025-08-28,4,19,8,151992
26224,2025-08-28,4,21,8,19992
26225,2025-08-28,4,22,6,32994
26226,2025-08-28,4,23,2,9998
26227,2025-08-28,4,24,2,6998
26228,2025-08-28,4,25,11,54989
26229,2025-08-28,4,26,4,79996
26230,2025-08-28,4,27,1,1299
26231,2025-08-28,4,28,1,1799
26232,2025-08-28,4,29,12,29988
26233,2025-08-28,4,30,6,23994
26234,2025-08-28,4,31,8,15992
26235,2025-08-28,4,32,8,71992
26236,2025-08-28,4,33,7,90993
26237,2025-08-28,4,34,7,132993
26238,2025-08-28,4,35,4,11996
26239,2025-08-28,4,36,2,2998
26240,2025-08-28,4,37,7,16093
26241,2025-08-28,4,38,9,80991
26242,2025-08-28,4,39,7,24493
26243,2025-08-28,4,40,5,2995
26244,2025-08-28,4,41,3,7497
26245,2025-08-28,4,42,1,1799
26246,2025-08-28,4,43,2,3998
26247,2025-08-28,4,44,3,3897
26248,2025-08-28,4,45,1,4999
26249,2025-08-28,4,46,2,1598
26250,2025-08-28,4,47,1,3499
26251,2025-08-28,4,48,2,7998
26252,2025-08-28,4,49,6,14994
26253,2025-08-28,4,50,5,6495
26254,2025-08-28,4,51,6,2994
26255,2025-08-28,4,52,3,5997
26256,2025-08-28,4,53,3,2697
26257,2025-08-28,4,54,9,5391
26258,2025-08-28,4,55,4,3596
26259,2025-08-28,4,56,3,2097
26260,2025-08-28,5,1,6,17994
26261,2025-08-28,5,3,1,4999
26262,2025-08-28,5,4,1,1499
26263,2025-08-28,5,5,11,14289
26264,2025-08-28,5,6,2,1798
26265,2025-08-28,5,7,5,39995
26266,2025-08-28,5,8,1,15999
26267,2025-08-28,5,9,3,1797
26268,2025-08-28,5,12,3,1197
26269,2025-08-28,5,14,2,598
26270,2025-08-28,5,15,6,29994
26271,2025-08-28,5,16,3,2397
26272,2025-08-28,5,18,5,8995
26273,2025-08-28,5,19,7,132993
26274,2025-08-28,5,21,9,22491
26275,2025-08-28,5,22,7,38493
26276,2025-08-28,5,23,2,9998
26277,2025-08-28,5,24,1,3499
26278,2025-08-28,5,25,5,24995
26279,2025-08-28,5,26,3,59997
26280,2025-08-28,5,29,5,12495
26281,2025-08-28,5,30,6,23994
26282,2025-08-28,5,32,6,53994
26283,2025-08-28,5,33,3,38997
26284,2025-08-28,5,34,5,94995
26285,2025-08-28,5,35,3,8997
26286,2025-08-28,5,36,4,5996
26287,2025-08-28,5,37,3,6897
26288,2025-08-28,5,38,4,35996
26289,2025-08-28,5,39,5,17495
26290,2025-08-28,5,40,3,1797
26291,2025-08-28,5,41,4,9996
26292,2025-08-28,5,43,1,1999
26293,2025-08-28,5,44,1,1299
26294,2025-08-28,5,45,1,4999
26295,2025-08-28,5,46,1,799
26296,2025-08-28,5,48,1,3999
26297,2025-08-28,5,49,4,9996
26298,2025-08-28,5,50,2,2598
26299,2025-08-28,5,51,2,998
26300,2025-08-28,5,52,2,3998
26301,2025-08-28,5,53,1,899
26302,2025-08-28,5,54,4,2396
26303,2025-08-28,5,55,5,4495
26304,2025-08-28,5,56,5,3495
26305,2025-08-28,6,1,3,8997
26306,2025-08-28,6,3,3,14997
26307,2025-08-28,6,4,2,2998
26308,2025-08-28,6,5,14,18186
26309,2025-08-28,6,6,2,1798
26310,2025-08-28,6,7,12,95988
26311,2025-08-28,6,8,1,15999
26312,2025-08-28,6,9,5,2995
26313,2025-08-28,6,11,2,4998
26314,2025-08-28,6,12,5,1995
26315,2025-08-28,6,14,2,598
26316,2025-08-28,6,15,7,34993
26317,2025-08-28,6,16,4,3196
26318,2025-08-28,6,17,2,7998
26319,2025-08-28,6,18,4,7196
26320,2025-08-28,6,19,8,151992
26321,2025-08-28,6,21,6,14994
26322,2025-08-28,6,22,6,32994
26323,2025-08-28,6,23,2,9998
26324,2025-08-28,6,24,2,6998
26325,2025-08-28,6,25,7,34993
26326,2025-08-28,6,26,3,59997
26327,2025-08-28,6,28,1,1799
26328,2025-08-28,6,29,9,22491
26329,2025-08-28,6,30,8,31992
26330,2025-08-28,6,31,8,15992
26331,2025-08-28,6,32,9,80991
26332,2025-08-28,6,33,6,77994
26333,2025-08-28,6,34,10,189990
26334,2025-08-28,6,35,2,5998
26335,2025-08-28,6,36,6,8994
26336,2025-08-28,6,37,8,18392
26337,2025-08-28,6,38,3,26997
26338,2025-08-28,6,39,9,31491
26339,2025-08-28,6,40,6,3594
26340,2025-08-28,6,41,7,17493
26341,2025-08-28,6,43,1,1999
26342,2025-08-28,6,44,2,2598
26343,2025-08-28,6,45,1,4999
26344,2025-08-28,6,46,2,1598
26345,2025-08-28,6,47,1,3499
26346,2025-08-28,6,48,3,11997
26347,2025-08-28,6,49,6,14994
26348,2025-08-28,6,50,2,2598
26349,2025-08-28,6,51,3,1497
26350,2025-08-28,6,52,2,3998
26351,2025-08-28,6,53,2,1798
26352,2025-08-28,6,54,9,5391
26353,2025-08-28,6,55,4,3596
26354,2025-08-28,6,56,2,1398
26355,2025-08-29,1,1,15,44985
26356,2025-08-29,1,3,2,9998
26357,2025-08-29,1,4,2,2998
26358,2025-08-29,1,5,20,25980
26359,2025-08-29,1,6,2,1798
26360,2025-08-29,1,7,6,47994
26361,2025-08-29,1,8,1,15999
26362,2025-08-29,1,9,2,1198
26363,2025-08-29,1,11,2,4998
26364,2025-08-29,1,12,5,1995
26365,2025-08-29,1,13,1,499
26366,2025-08-29,1,14,1,299
26367,2025-08-29,1,15,6,29994
26368,2025-08-29,1,16,2,1598
26369,2025-08-29,1,18,4,7196
26370,2025-08-29,1,19,4,75996
26371,2025-08-29,1,21,1,2499
26372,2025-08-29,1,22,2,10998
26373,2025-08-29,1,23,3,14997
26374,2025-08-29,1,24,2,6998
26375,2025-08-29,1,25,9,44991
26376,2025-08-29,1,26,4,79996
26377,2025-08-29,1,28,1,1799
26378,2025-08-29,1,29,6,14994
26379,2025-08-29,1,30,5,19995
26380,2025-08-29,1,31,6,11994
26381,2025-08-29,1,32,9,80991
26382,2025-08-29,1,33,3,38997
26383,2025-08-29,1,34,12,227988
26384,2025-08-29,1,35,2,5998
26385,2025-08-29,1,36,6,8994
26386,2025-08-29,1,37,9,20691
26387,2025-08-29,1,38,4,35996
26388,2025-08-29,1,39,10,34990
26389,2025-08-29,1,40,2,1198
26390,2025-08-29,1,41,9,22491
26391,2025-08-29,1,42,1,1799
26392,2025-08-29,1,43,2,3998
26393,2025-08-29,1,44,3,3897
26394,2025-08-29,1,45,1,4999
26395,2025-08-29,1,46,2,1598
26396,2025-08-29,1,47,1,3499
26397,2025-08-29,1,48,3,11997
26398,2025-08-29,1,49,9,22491
26399,2025-08-29,1,50,4,5196
26400,2025-08-29,1,51,4,1996
26401,2025-08-29,1,52,2,3998
26402,2025-08-29,1,53,4,3596
26403,2025-08-29,1,54,11,6589
26404,2025-08-29,1,55,7,6293
26405,2025-08-29,1,56,5,3495
26406,2025-08-29,2,1,6,17994
26407,2025-08-29,2,3,2,9998
26408,2025-08-29,2,5,9,11691
26409,2025-08-29,2,6,2,1798
26410,2025-08-29,2,7,6,47994
26411,2025-08-29,2,8,1,15999
26412,2025-08-29,2,9,3,1797
26413,2025-08-29,2,11,2,4998
26414,2025-08-29,2,12,4,1596
26415,2025-08-29,2,14,2,598
26416,2025-08-29,2,15,7,34993
26417,2025-08-29,2,16,6,4794
26418,2025-08-29,2,17,2,7998
26419,2025-08-29,2,18,3,5397
26420,2025-08-29,2,19,4,75996
26421,2025-08-29,2,21,5,12495
26422,2025-08-29,2,22,7,38493
26423,2025-08-29,2,23,3,14997
26424,2025-08-29,2,24,2,6998
26425,2025-08-29,2,25,11,54989
26426,2025-08-29,2,26,2,39998
26427,2025-08-29,2,28,1,1799
26428,2025-08-29,2,29,9,22491
26429,2025-08-29,2,30,2,7998
26430,2025-08-29,2,31,7,13993
26431,2025-08-29,2,32,7,62993
26432,2025-08-29,2,33,5,64995
26433,2025-08-29,2,34,13,246987
26434,2025-08-29,2,35,3,8997
26435,2025-08-29,2,36,5,7495
26436,2025-08-29,2,37,7,16093
26437,2025-08-29,2,38,5,44995
26438,2025-08-29,2,39,5,17495
26439,2025-08-29,2,40,2,1198
26440,2025-08-29,2,41,8,19992
26441,2025-08-29,2,43,1,1999
26442,2025-08-29,2,44,2,2598
26443,2025-08-29,2,46,3,2397
26444,2025-08-29,2,47,1,3499
26445,2025-08-29,2,48,2,7998
26446,2025-08-29,2,49,5,12495
26447,2025-08-29,2,50,2,2598
26448,2025-08-29,2,51,2,998
26449,2025-08-29,2,52,1,1999
26450,2025-08-29,2,53,2,1798
26451,2025-08-29,2,54,7,4193
26452,2025-08-29,2,55,4,3596
26453,2025-08-29,2,56,1,699
26454,2025-08-29,3,1,5,14995
26455,2025-08-29,3,3,2,9998
26456,2025-08-29,3,4,2,2998
26457,2025-08-29,3,5,8,10392
26458,2025-08-29,3,8,1,15999
26459,2025-08-29,3,9,3,1797
26460,2025-08-29,3,11,2,4998
26461,2025-08-29,3,14,2,598
26462,2025-08-29,3,15,6,29994
26463,2025-08-29,3,16,3,2397
26464,2025-08-29,3,17,2,7998
26465,2025-08-29,3,18,5,8995
26466,2025-08-29,3,19,7,132993
26467,2025-08-29,3,21,3,7497
26468,2025-08-29,3,22,7,38493
26469,2025-08-29,3,23,3,14997
26470,2025-08-29,3,25,11,54989
26471,2025-08-29,3,26,2,39998
26472,2025-08-29,3,28,1,1799
26473,2025-08-29,3,29,5,12495
26474,2025-08-29,3,30,6,23994
26475,2025-08-29,3,31,2,3998
26476,2025-08-29,3,32,5,44995
26477,2025-08-29,3,33,3,38997
26478,2025-08-29,3,34,7,132993
26479,2025-08-29,3,35,2,5998
26480,2025-08-29,3,36,3,4497
26481,2025-08-29,3,37,9,20691
26482,2025-08-29,3,38,5,44995
26483,2025-08-29,3,39,10,34990
26484,2025-08-29,3,40,3,1797
26485,2025-08-29,3,41,6,14994
26486,2025-08-29,3,43,2,3998
26487,2025-08-29,3,44,2,2598
26488,2025-08-29,3,45,1,4999
26489,2025-08-29,3,46,1,799
26490,2025-08-29,3,47,1,3499
26491,2025-08-29,3,48,1,3999
26492,2025-08-29,3,49,6,14994
26493,2025-08-29,3,50,1,1299
26494,2025-08-29,3,51,2,998
26495,2025-08-29,3,52,2,3998
26496,2025-08-29,3,53,2,1798
26497,2025-08-29,3,54,7,4193
26498,2025-08-29,3,55,5,4495
26499,2025-08-29,3,56,5,3495
26500,2025-08-29,4,1,4,11996
26501,2025-08-29,4,2,1,1999
26502,2025-08-29,4,3,2,9998
26503,2025-08-29,4,4,3,4497
26504,2025-08-29,4,5,22,28578
26505,2025-08-29,4,6,2,1798
26506,2025-08-29,4,7,10,79990
26507,2025-08-29,4,8,1,15999
26508,2025-08-29,4,9,3,1797
26509,2025-08-29,4,10,1,299
26510,2025-08-29,4,11,4,9996
26511,2025-08-29,4,12,5,1995
26512,2025-08-29,4,13,1,499
26513,2025-08-29,4,15,3,14997
26514,2025-08-29,4,16,3,2397
26515,2025-08-29,4,17,2,7998
26516,2025-08-29,4,18,5,8995
26517,2025-08-29,4,19,5,94995
26518,2025-08-29,4,21,5,12495
26519,2025-08-29,4,22,7,38493
26520,2025-08-29,4,23,4,19996
26521,2025-08-29,4,24,2,6998
26522,2025-08-29,4,25,12,59988
26523,2025-08-29,4,26,4,79996
26524,2025-08-29,4,27,1,1299
26525,2025-08-29,4,28,1,1799
26526,2025-08-29,4,29,9,22491
26527,2025-08-29,4,30,6,23994
26528,2025-08-29,4,31,15,29985
26529,2025-08-29,4,32,6,53994
26530,2025-08-29,4,33,8,103992
26531,2025-08-29,4,34,11,208989
26532,2025-08-29,4,35,2,5998
26533,2025-08-29,4,36,5,7495
26534,2025-08-29,4,37,13,29887
26535,2025-08-29,4,38,6,53994
26536,2025-08-29,4,39,11,38489
26537,2025-08-29,4,40,6,3594
26538,2025-08-29,4,41,4,9996
26539,2025-08-29,4,43,2,3998
26540,2025-08-29,4,44,2,2598
26541,2025-08-29,4,46,3,2397
26542,2025-08-29,4,47,1,3499
26543,2025-08-29,4,48,1,3999
26544,2025-08-29,4,49,5,12495
26545,2025-08-29,4,50,3,3897
26546,2025-08-29,4,51,5,2495
26547,2025-08-29,4,52,4,7996
26548,2025-08-29,4,53,3,2697
26549,2025-08-29,4,54,10,5990
26550,2025-08-29,4,55,7,6293
26551,2025-08-29,4,56,5,3495
26552,2025-08-29,5,1,4,11996
26553,2025-08-29,5,3,2,9998
26554,2025-08-29,5,5,8,10392
26555,2025-08-29,5,6,1,899
26556,2025-08-29,5,7,5,39995
26557,2025-08-29,5,9,3,1797
26558,2025-08-29,5,11,1,2499
26559,2025-08-29,5,12,5,1995
26560,2025-08-29,5,14,1,299
26561,2025-08-29,5,15,4,19996
26562,2025-08-29,5,16,3,2397
26563,2025-08-29,5,17,1,3999
26564,2025-08-29,5,18,4,7196
26565,2025-08-29,5,19,3,56997
26566,2025-08-29,5,21,6,14994
26567,2025-08-29,5,22,4,21996
26568,2025-08-29,5,23,4,19996
26569,2025-08-29,5,24,1,3499
26570,2025-08-29,5,25,10,49990
26571,2025-08-29,5,26,3,59997
26572,2025-08-29,5,27,1,1299
26573,2025-08-29,5,28,1,1799
26574,2025-08-29,5,29,9,22491
26575,2025-08-29,5,30,1,3999
26576,2025-08-29,5,31,3,5997
26577,2025-08-29,5,32,5,44995
26578,2025-08-29,5,33,4,51996
26579,2025-08-29,5,34,4,75996
26580,2025-08-29,5,35,2,5998
26581,2025-08-29,5,36,4,5996
26582,2025-08-29,5,37,4,9196
26583,2025-08-29,5,38,1,8999
26584,2025-08-29,5,39,6,20994
26585,2025-08-29,5,40,4,2396
26586,2025-08-29,5,41,5,12495
26587,2025-08-29,5,43,1,1999
26588,2025-08-29,5,44,2,2598
26589,2025-08-29,5,45,1,4999
26590,2025-08-29,5,46,2,1598
26591,2025-08-29,5,48,1,3999
26592,2025-08-29,5,49,4,9996
26593,2025-08-29,5,50,2,2598
26594,2025-08-29,5,51,2,998
26595,2025-08-29,5,52,1,1999
26596,2025-08-29,5,53,1,899
26597,2025-08-29,5,54,8,4792
26598,2025-08-29,5,55,5,4495
26599,2025-08-29,5,56,4,2796
26600,2025-08-29,6,1,5,14995
26601,2025-08-29,6,3,2,9998
26602,2025-08-29,6,4,3,4497
26603,2025-08-29,6,5,8,10392
26604,2025-08-29,6,6,1,899
26605,2025-08-29,6,7,9,71991
26606,2025-08-29,6,8,1,15999
26607,2025-08-29,6,9,2,1198
26608,2025-08-29,6,10,1,299
26609,2025-08-29,6,11,1,2499
26610,2025-08-29,6,12,5,1995
26611,2025-08-29,6,14,2,598
26612,2025-08-29,6,15,6,29994
26613,2025-08-29,6,16,3,2397
26614,2025-08-29,6,17,3,11997
26615,2025-08-29,6,18,6,10794
26616,2025-08-29,6,19,4,75996
26617,2025-08-29,6,21,6,14994
26618,2025-08-29,6,22,6,32994
26619,2025-08-29,6,23,3,14997
26620,2025-08-29,6,24,1,3499
26621,2025-08-29,6,25,12,59988
26622,2025-08-29,6,26,2,39998
26623,2025-08-29,6,29,1,2499
26624,2025-08-29,6,30,5,19995
26625,2025-08-29,6,31,9,17991
26626,2025-08-29,6,32,6,53994
26627,2025-08-29,6,33,4,51996
26628,2025-08-29,6,34,8,151992
26629,2025-08-29,6,35,4,11996
26630,2025-08-29,6,36,3,4497
26631,2025-08-29,6,37,5,11495
26632,2025-08-29,6,38,5,44995
26633,2025-08-29,6,39,7,24493
26634,2025-08-29,6,40,7,4193
26635,2025-08-29,6,41,6,14994
26636,2025-08-29,6,43,2,3998
26637,2025-08-29,6,44,2,2598
26638,2025-08-29,6,46,1,799
26639,2025-08-29,6,47,1,3499
26640,2025-08-29,6,48,3,11997
26641,2025-08-29,6,49,3,7497
26642,2025-08-29,6,50,4,5196
26643,2025-08-29,6,51,1,499
26644,2025-08-29,6,52,1,1999
26645,2025-08-29,6,53,3,2697
26646,2025-08-29,6,54,6,3594
26647,2025-08-29,6,55,2,1798
26648,2025-08-29,6,56,5,3495
26649,2025-08-30,1,1,23,68977
26650,2025-08-30,1,2,1,1999
26651,2025-08-30,1,3,3,14997
26652,2025-08-30,1,4,3,4497
26653,2025-08-30,1,5,10,12990
26654,2025-08-30,1,6,1,899
26655,2025-08-30,1,7,9,71991
26656,2025-08-30,1,9,5,2995
26657,2025-08-30,1,11,4,9996
26658,2025-08-30,1,12,6,2394
26659,2025-08-30,1,13,1,499
26660,2025-08-30,1,14,3,897
26661,2025-08-30,1,15,7,34993
26662,2025-08-30,1,16,7,5593
26663,2025-08-30,1,17,4,15996
26664,2025-08-30,1,18,8,14392
26665,2025-08-30,1,19,15,284985
26666,2025-08-30,1,20,1,1299
26667,2025-08-30,1,21,13,32487
26668,2025-08-30,1,22,7,38493
26669,2025-08-30,1,23,5,24995
26670,2025-08-30,1,24,2,6998
26671,2025-08-30,1,25,5,24995
26672,2025-08-30,1,26,4,79996
26673,2025-08-30,1,27,2,2598
26674,2025-08-30,1,28,1,1799
26675,2025-08-30,1,29,13,32487
26676,2025-08-30,1,30,1,3999
26677,2025-08-30,1,31,10,19990
26678,2025-08-30,1,32,10,89990
26679,2025-08-30,1,33,7,90993
26680,2025-08-30,1,34,19,360981
26681,2025-08-30,1,35,6,17994
26682,2025-08-30,1,36,8,11992
26683,2025-08-30,1,37,14,32186
26684,2025-08-30,1,38,12,107988
26685,2025-08-30,1,39,9,31491
26686,2025-08-30,1,40,6,3594
26687,2025-08-30,1,41,13,32487
26688,2025-08-30,1,43,2,3998
26689,2025-08-30,1,44,6,7794
26690,2025-08-30,1,45,2,9998
26691,2025-08-30,1,46,3,2397
26692,2025-08-30,1,47,2,6998
26693,2025-08-30,1,48,3,11997
26694,2025-08-30,1,49,4,9996
26695,2025-08-30,1,50,5,6495
26696,2025-08-30,1,51,5,2495
26697,2025-08-30,1,52,3,5997
26698,2025-08-30,1,53,3,2697
26699,2025-08-30,1,54,13,7787
26700,2025-08-30,1,55,7,6293
26701,2025-08-30,1,56,7,4893
26702,2025-08-30,2,1,7,20993
26703,2025-08-30,2,3,4,19996
26704,2025-08-30,2,5,13,16887
26705,2025-08-30,2,6,2,1798
26706,2025-08-30,2,7,11,87989
26707,2025-08-30,2,8,1,15999
26708,2025-08-30,2,9,6,3594
26709,2025-08-30,2,11,3,7497
26710,2025-08-30,2,12,8,3192
26711,2025-08-30,2,14,2,598
26712,2025-08-30,2,15,10,49990
26713,2025-08-30,2,16,5,3995
26714,2025-08-30,2,17,2,7998
26715,2025-08-30,2,18,5,8995
26716,2025-08-30,2,19,7,132993
26717,2025-08-30,2,21,9,22491
26718,2025-08-30,2,22,6,32994
26719,2025-08-30,2,23,3,14997
26720,2025-08-30,2,24,2,6998
26721,2025-08-30,2,25,11,54989
26722,2025-08-30,2,26,5,99995
26723,2025-08-30,2,27,2,2598
26724,2025-08-30,2,28,1,1799
26725,2025-08-30,2,29,8,19992
26726,2025-08-30,2,30,6,23994
26727,2025-08-30,2,31,10,19990
26728,2025-08-30,2,32,9,80991
26729,2025-08-30,2,33,2,25998
26730,2025-08-30,2,34,9,170991
26731,2025-08-30,2,35,4,11996
26732,2025-08-30,2,36,4,5996
26733,2025-08-30,2,37,6,13794
26734,2025-08-30,2,38,6,53994
26735,2025-08-30,2,39,6,20994
26736,2025-08-30,2,40,8,4792
26737,2025-08-30,2,41,7,17493
26738,2025-08-30,2,43,2,3998
26739,2025-08-30,2,44,2,2598
26740,2025-08-30,2,45,1,4999
26741,2025-08-30,2,46,3,2397
26742,2025-08-30,2,47,1,3499
26743,2025-08-30,2,48,2,7998
26744,2025-08-30,2,49,5,12495
26745,2025-08-30,2,50,3,3897
26746,2025-08-30,2,51,3,1497
26747,2025-08-30,2,52,3,5997
26748,2025-08-30,2,53,4,3596
26749,2025-08-30,2,54,12,7188
26750,2025-08-30,2,55,3,2697
26751,2025-08-30,2,56,7,4893
26752,2025-08-30,3,1,6,17994
26753,2025-08-30,3,3,3,14997
26754,2025-08-30,3,4,3,4497
26755,2025-08-30,3,5,11,14289
26756,2025-08-30,3,6,1,899
26757,2025-08-30,3,9,4,2396
26758,2025-08-30,3,11,2,4998
26759,2025-08-30,3,12,6,2394
26760,2025-08-30,3,14,2,598
26761,2025-08-30,3,15,5,24995
26762,2025-08-30,3,16,3,2397
26763,2025-08-30,3,17,2,7998
26764,2025-08-30,3,18,7,12593
26765,2025-08-30,3,19,7,132993
26766,2025-08-30,3,21,5,12495
26767,2025-08-30,3,22,6,32994
26768,2025-08-30,3,23,4,19996
26769,2025-08-30,3,24,2,6998
26770,2025-08-30,3,25,12,59988
26771,2025-08-30,3,26,4,79996
26772,2025-08-30,3,27,2,2598
26773,2025-08-30,3,28,1,1799
26774,2025-08-30,3,29,9,22491
26775,2025-08-30,3,30,5,19995
26776,2025-08-30,3,31,6,11994
26777,2025-08-30,3,32,7,62993
26778,2025-08-30,3,33,4,51996
26779,2025-08-30,3,34,4,75996
26780,2025-08-30,3,35,2,5998
26781,2025-08-30,3,36,3,4497
26782,2025-08-30,3,37,6,13794
26783,2025-08-30,3,38,6,53994
26784,2025-08-30,3,39,7,24493
26785,2025-08-30,3,40,7,4193
26786,2025-08-30,3,41,7,17493
26787,2025-08-30,3,42,1,1799
26788,2025-08-30,3,43,2,3998
26789,2025-08-30,3,44,3,3897
26790,2025-08-30,3,45,1,4999
26791,2025-08-30,3,46,1,799
26792,2025-08-30,3,47,2,6998
26793,2025-08-30,3,48,3,11997
26794,2025-08-30,3,49,5,12495
26795,2025-08-30,3,50,3,3897
26796,2025-08-30,3,51,2,998
26797,2025-08-30,3,52,1,1999
26798,2025-08-30,3,53,1,899
26799,2025-08-30,3,54,9,5391
26800,2025-08-30,3,55,6,5394
26801,2025-08-30,3,56,3,2097
26802,2025-08-30,4,1,8,23992
26803,2025-08-30,4,3,14,69986
26804,2025-08-30,4,4,3,4497
26805,2025-08-30,4,5,18,23382
26806,2025-08-30,4,6,2,1798
26807,2025-08-30,4,7,3,23997
26808,2025-08-30,4,8,2,31998
26809,2025-08-30,4,9,4,2396
26810,2025-08-30,4,10,1,299
26811,2025-08-30,4,11,4,9996
26812,2025-08-30,4,12,6,2394
26813,2025-08-30,4,13,1,499
26814,2025-08-30,4,14,5,1495
26815,2025-08-30,4,15,9,44991
26816,2025-08-30,4,16,10,7990
26817,2025-08-30,4,17,4,15996
26818,2025-08-30,4,18,11,19789
26819,2025-08-30,4,19,15,284985
26820,2025-08-30,4,20,1,1299
26821,2025-08-30,4,21,13,32487
26822,2025-08-30,4,22,13,71487
26823,2025-08-30,4,23,4,19996
26824,2025-08-30,4,24,2,6998
26825,2025-08-30,4,25,15,74985
26826,2025-08-30,4,26,2,39998
26827,2025-08-30,4,27,1,1299
26828,2025-08-30,4,28,3,5397
26829,2025-08-30,4,29,5,12495
26830,2025-08-30,4,30,7,27993
26831,2025-08-30,4,31,14,27986
26832,2025-08-30,4,32,9,80991
26833,2025-08-30,4,33,2,25998
26834,2025-08-30,4,34,17,322983
26835,2025-08-30,4,35,3,8997
26836,2025-08-30,4,36,5,7495
26837,2025-08-30,4,37,13,29887
26838,2025-08-30,4,38,9,80991
26839,2025-08-30,4,39,12,41988
26840,2025-08-30,4,40,9,5391
26841,2025-08-30,4,41,4,9996
26842,2025-08-30,4,42,1,1799
26843,2025-08-30,4,43,3,5997
26844,2025-08-30,4,44,5,6495
26845,2025-08-30,4,45,1,4999
26846,2025-08-30,4,46,4,3196
26847,2025-08-30,4,47,2,6998
26848,2025-08-30,4,48,4,15996
26849,2025-08-30,4,49,8,19992
26850,2025-08-30,4,50,5,6495
26851,2025-08-30,4,51,4,1996
26852,2025-08-30,4,52,4,7996
26853,2025-08-30,4,53,1,899
26854,2025-08-30,4,54,16,9584
26855,2025-08-30,4,55,11,9889
26856,2025-08-30,4,56,4,2796
26857,2025-08-30,5,1,6,17994
26858,2025-08-30,5,3,3,14997
26859,2025-08-30,5,4,1,1499
26860,2025-08-30,5,5,12,15588
26861,2025-08-30,5,6,1,899
26862,2025-08-30,5,7,6,47994
26863,2025-08-30,5,9,4,2396
26864,2025-08-30,5,11,2,4998
26865,2025-08-30,5,12,5,1995
26866,2025-08-30,5,14,2,598
26867,2025-08-30,5,15,6,29994
26868,2025-08-30,5,16,5,3995
26869,2025-08-30,5,17,2,7998
26870,2025-08-30,5,18,5,8995
26871,2025-08-30,5,19,8,151992
26872,2025-08-30,5,21,4,9996
26873,2025-08-30,5,22,7,38493
26874,2025-08-30,5,23,2,9998
26875,2025-08-30,5,24,1,3499
26876,2025-08-30,5,25,11,54989
26877,2025-08-30,5,26,4,79996
26878,2025-08-30,5,27,1,1299
26879,2025-08-30,5,28,1,1799
26880,2025-08-30,5,29,9,22491
26881,2025-08-30,5,30,5,19995
26882,2025-08-30,5,31,8,15992
26883,2025-08-30,5,32,8,71992
26884,2025-08-30,5,33,5,64995
26885,2025-08-30,5,34,9,170991
26886,2025-08-30,5,35,2,5998
26887,2025-08-30,5,36,6,8994
26888,2025-08-30,5,37,9,20691
26889,2025-08-30,5,38,5,44995
26890,2025-08-30,5,39,7,24493
26891,2025-08-30,5,40,3,1797
26892,2025-08-30,5,41,7,17493
26893,2025-08-30,5,43,2,3998
26894,2025-08-30,5,44,3,3897
26895,2025-08-30,5,45,1,4999
26896,2025-08-30,5,46,2,1598
26897,2025-08-30,5,47,1,3499
26898,2025-08-30,5,48,1,3999
26899,2025-08-30,5,49,6,14994
26900,2025-08-30,5,50,3,3897
26901,2025-08-30,5,51,3,1497
26902,2025-08-30,5,52,2,3998
26903,2025-08-30,5,53,1,899
26904,2025-08-30,5,54,11,6589
26905,2025-08-30,5,55,4,3596
26906,2025-08-30,5,56,7,4893
26907,2025-08-30,6,1,9,26991
26908,2025-08-30,6,3,3,14997
26909,2025-08-30,6,4,2,2998
26910,2025-08-30,6,5,16,20784
26911,2025-08-30,6,6,2,1798
26912,2025-08-30,6,7,13,103987
26913,2025-08-30,6,8,1,15999
26914,2025-08-30,6,9,7,4193
26915,2025-08-30,6,10,1,299
26916,2025-08-30,6,11,3,7497
26917,2025-08-30,6,12,5,1995
26918,2025-08-30,6,13,1,499
26919,2025-08-30,6,14,2,598
26920,2025-08-30,6,15,5,24995
26921,2025-08-30,6,16,5,3995
26922,2025-08-30,6,17,2,7998
26923,2025-08-30,6,18,9,16191
26924,2025-08-30,6,19,9,170991
26925,2025-08-30,6,20,1,1299
26926,2025-08-30,6,21,14,34986
26927,2025-08-30,6,22,9,49491
26928,2025-08-30,6,23,4,19996
26929,2025-08-30,6,24,2,6998
26930,2025-08-30,6,25,12,59988
26931,2025-08-30,6,26,3,59997
26932,2025-08-30,6,27,2,2598
26933,2025-08-30,6,28,2,3598
26934,2025-08-30,6,29,14,34986
26935,2025-08-30,6,30,7,27993
26936,2025-08-30,6,31,14,27986
26937,2025-08-30,6,32,4,35996
26938,2025-08-30,6,33,9,116991
26939,2025-08-30,6,34,10,189990
26940,2025-08-30,6,35,7,20993
26941,2025-08-30,6,36,4,5996
26942,2025-08-30,6,37,14,32186
26943,2025-08-30,6,38,3,26997
26944,2025-08-30,6,39,4,13996
26945,2025-08-30,6,40,5,2995
26946,2025-08-30,6,41,10,24990
26947,2025-08-30,6,42,1,1799
26948,2025-08-30,6,43,4,7996
26949,2025-08-30,6,44,3,3897
26950,2025-08-30,6,45,2,9998
26951,2025-08-30,6,46,3,2397
26952,2025-08-30,6,47,1,3499
26953,2025-08-30,6,48,3,11997
26954,2025-08-30,6,49,8,19992
26955,2025-08-30,6,50,4,5196
26956,2025-08-30,6,51,3,1497
26957,2025-08-30,6,52,3,5997
26958,2025-08-30,6,53,2,1798
26959,2025-08-30,6,54,12,7188
26960,2025-08-30,6,55,10,8990
26961,2025-08-30,6,56,9,6291
26962,2025-08-31,1,1,10,29990
26963,2025-08-31,1,2,1,1999
26964,2025-08-31,1,3,3,14997
26965,2025-08-31,1,4,3,4497
26966,2025-08-31,1,5,16,20784
26967,2025-08-31,1,6,2,1798
26968,2025-08-31,1,7,11,87989
26969,2025-08-31,1,8,2,31998
26970,2025-08-31,1,9,7,4193
26971,2025-08-31,1,10,1,299
26972,2025-08-31,1,11,4,9996
26973,2025-08-31,1,12,7,2793
26974,2025-08-31,1,14,3,897
26975,2025-08-31,1,15,5,24995
26976,2025-08-31,1,16,6,4794
26977,2025-08-31,1,17,2,7998
26978,2025-08-31,1,18,3,5397
26979,2025-08-31,1,19,10,189990
26980,2025-08-31,1,21,9,22491
26981,2025-08-31,1,22,11,60489
26982,2025-08-31,1,23,3,14997
26983,2025-08-31,1,24,3,10497
26984,2025-08-31,1,25,12,59988
26985,2025-08-31,1,26,6,119994
26986,2025-08-31,1,27,1,1299
26987,2025-08-31,1,28,1,1799
26988,2025-08-31,1,29,14,34986
26989,2025-08-31,1,30,8,31992
26990,2025-08-31,1,31,12,23988
26991,2025-08-31,1,32,7,62993
26992,2025-08-31,1,33,6,77994
26993,2025-08-31,1,34,13,246987
26994,2025-08-31,1,35,5,14995
26995,2025-08-31,1,36,7,10493
26996,2025-08-31,1,37,11,25289
26997,2025-08-31,1,38,8,71992
26998,2025-08-31,1,39,12,41988
26999,2025-08-31,1,40,7,4193
27000,2025-08-31,1,41,5,12495
27001,2025-08-31,1,42,1,1799
27002,2025-08-31,1,43,3,5997
27003,2025-08-31,1,44,4,5196
27004,2025-08-31,1,45,1,4999
27005,2025-08-31,1,46,5,3995
27006,2025-08-31,1,47,1,3499
27007,2025-08-31,1,48,6,23994
27008,2025-08-31,1,49,10,24990
27009,2025-08-31,1,50,6,7794
27010,2025-08-31,1,51,2,998
27011,2025-08-31,1,52,3,5997
27012,2025-08-31,1,53,2,1798
27013,2025-08-31,1,54,13,7787
27014,2025-08-31,1,55,9,8091
27015,2025-08-31,1,56,10,6990
27016,2025-08-31,2,1,10,29990
27017,2025-08-31,2,2,1,1999
27018,2025-08-31,2,3,3,14997
27019,2025-08-31,2,5,16,20784
27020,2025-08-31,2,6,2,1798
27021,2025-08-31,2,7,13,103987
27022,2025-08-31,2,8,1,15999
27023,2025-08-31,2,9,7,4193
27024,2025-08-31,2,11,3,7497
27025,2025-08-31,2,12,3,1197
27026,2025-08-31,2,13,1,499
27027,2025-08-31,2,14,1,299
27028,2025-08-31,2,15,10,49990
27029,2025-08-31,2,16,8,6392
27030,2025-08-31,2,17,3,11997
27031,2025-08-31,2,18,9,16191
27032,2025-08-31,2,19,6,113994
27033,2025-08-31,2,21,10,24990
27034,2025-08-31,2,22,9,49491
27035,2025-08-31,2,23,3,14997
27036,2025-08-31,2,24,1,3499
27037,2025-08-31,2,25,17,84983
27038,2025-08-31,2,26,3,59997
27039,2025-08-31,2,27,2,2598
27040,2025-08-31,2,28,1,1799
27041,2025-08-31,2,29,10,24990
27042,2025-08-31,2,30,7,27993
27043,2025-08-31,2,31,5,9995
27044,2025-08-31,2,32,12,107988
27045,2025-08-31,2,33,4,51996
27046,2025-08-31,2,34,7,132993
27047,2025-08-31,2,35,2,5998
27048,2025-08-31,2,36,4,5996
27049,2025-08-31,2,37,6,13794
27050,2025-08-31,2,38,4,35996
27051,2025-08-31,2,39,4,13996
27052,2025-08-31,2,40,4,2396
27053,2025-08-31,2,41,7,17493
27054,2025-08-31,2,43,4,7996
27055,2025-08-31,2,44,4,5196
27056,2025-08-31,2,45,1,4999
27057,2025-08-31,2,46,3,2397
27058,2025-08-31,2,47,1,3499
27059,2025-08-31,2,48,2,7998
27060,2025-08-31,2,49,4,9996
27061,2025-08-31,2,50,4,5196
27062,2025-08-31,2,51,2,998
27063,2025-08-31,2,52,2,3998
27064,2025-08-31,2,53,3,2697
27065,2025-08-31,2,54,7,4193
27066,2025-08-31,2,55,5,4495
27067,2025-08-31,2,56,7,4893
27068,2025-08-31,3,1,6,17994
27069,2025-08-31,3,4,2,2998
27070,2025-08-31,3,5,11,14289
27071,2025-08-31,3,6,1,899
27072,2025-08-31,3,8,1,15999
27073,2025-08-31,3,9,6,3594
27074,2025-08-31,3,11,1,2499
27075,2025-08-31,3,12,4,1596
27076,2025-08-31,3,14,2,598
27077,2025-08-31,3,15,10,49990
27078,2025-08-31,3,16,7,5593
27079,2025-08-31,3,17,2,7998
27080,2025-08-31,3,18,6,10794
27081,2025-08-31,3,19,5,94995
27082,2025-08-31,3,21,6,14994
27083,2025-08-31,3,22,5,27495
27084,2025-08-31,3,23,3,14997
27085,2025-08-31,3,24,2,6998
27086,2025-08-31,3,25,11,54989
27087,2025-08-31,3,26,3,59997
27088,2025-08-31,3,27,2,2598
27089,2025-08-31,3,28,1,1799
27090,2025-08-31,3,29,8,19992
27091,2025-08-31,3,30,9,35991
27092,2025-08-31,3,31,7,13993
27093,2025-08-31,3,32,7,62993
27094,2025-08-31,3,33,5,64995
27095,2025-08-31,3,34,8,151992
27096,2025-08-31,3,35,3,8997
27097,2025-08-31,3,36,4,5996
27098,2025-08-31,3,37,9,20691
27099,2025-08-31,3,38,2,17998
27100,2025-08-31,3,39,5,17495
27101,2025-08-31,3,40,8,4792
27102,2025-08-31,3,41,7,17493
27103,2025-08-31,3,42,1,1799
27104,2025-08-31,3,43,4,7996
27105,2025-08-31,3,44,3,3897
27106,2025-08-31,3,45,1,4999
27107,2025-08-31,3,46,2,1598
27108,2025-08-31,3,47,1,3499
27109,2025-08-31,3,49,7,17493
27110,2025-08-31,3,50,3,3897
27111,2025-08-31,3,51,3,1497
27112,2025-08-31,3,52,2,3998
27113,2025-08-31,3,53,1,899
27114,2025-08-31,3,54,8,4792
27115,2025-08-31,3,55,9,8091
27116,2025-08-31,3,56,8,5592
27117,2025-08-31,4,1,9,26991
27118,2025-08-31,4,2,1,1999
27119,2025-08-31,4,3,15,74985
27120,2025-08-31,4,4,4,5996
27121,2025-08-31,4,5,21,27279
27122,2025-08-31,4,6,1,899
27123,2025-08-31,4,7,15,119985
27124,2025-08-31,4,8,2,31998
27125,2025-08-31,4,9,6,3594
27126,2025-08-31,4,11,1,2499
27127,2025-08-31,4,12,4,1596
27128,2025-08-31,4,13,1,499
27129,2025-08-31,4,14,2,598
27130,2025-08-31,4,15,12,59988
27131,2025-08-31,4,16,5,3995
27132,2025-08-31,4,17,4,15996
27133,2025-08-31,4,18,7,12593
27134,2025-08-31,4,19,16,303984
27135,2025-08-31,4,20,1,1299
27136,2025-08-31,4,21,15,37485
27137,2025-08-31,4,22,2,10998
27138,2025-08-31,4,23,4,19996
27139,2025-08-31,4,24,1,3499
27140,2025-08-31,4,25,18,89982
27141,2025-08-31,4,26,4,79996
27142,2025-08-31,4,27,1,1299
27143,2025-08-31,4,28,3,5397
27144,2025-08-31,4,29,15,37485
27145,2025-08-31,4,30,10,39990
27146,2025-08-31,4,31,13,25987
27147,2025-08-31,4,32,9,80991
27148,2025-08-31,4,33,5,64995
27149,2025-08-31,4,34,9,170991
27150,2025-08-31,4,35,5,14995
27151,2025-08-31,4,36,5,7495
27152,2025-08-31,4,37,12,27588
27153,2025-08-31,4,38,11,98989
27154,2025-08-31,4,39,8,27992
27155,2025-08-31,4,40,10,5990
27156,2025-08-31,4,41,12,29988
27157,2025-08-31,4,42,1,1799
27158,2025-08-31,4,43,4,7996
27159,2025-08-31,4,44,5,6495
27160,2025-08-31,4,45,2,9998
27161,2025-08-31,4,46,3,2397
27162,2025-08-31,4,47,1,3499
27163,2025-08-31,4,48,5,19995
27164,2025-08-31,4,49,10,24990
27165,2025-08-31,4,50,5,6495
27166,2025-08-31,4,51,6,2994
27167,2025-08-31,4,53,4,3596
27168,2025-08-31,4,54,13,7787
27169,2025-08-31,4,55,10,8990
27170,2025-08-31,4,56,7,4893
27171,2025-08-31,5,1,3,8997
27172,2025-08-31,5,3,2,9998
27173,2025-08-31,5,4,1,1499
27174,2025-08-31,5,5,7,9093
27175,2025-08-31,5,6,1,899
27176,2025-08-31,5,7,4,31996
27177,2025-08-31,5,8,1,15999
27178,2025-08-31,5,9,3,1797
27179,2025-08-31,5,11,2,4998
27180,2025-08-31,5,12,5,1995
27181,2025-08-31,5,14,2,598
27182,2025-08-31,5,15,9,44991
27183,2025-08-31,5,16,7,5593
27184,2025-08-31,5,17,1,3999
27185,2025-08-31,5,18,3,5397
27186,2025-08-31,5,19,10,189990
27187,2025-08-31,5,21,6,14994
27188,2025-08-31,5,22,7,38493
27189,2025-08-31,5,23,3,14997
27190,2025-08-31,5,24,1,3499
27191,2025-08-31,5,25,11,54989
27192,2025-08-31,5,26,4,79996
27193,2025-08-31,5,28,1,1799
27194,2025-08-31,5,29,5,12495
27195,2025-08-31,5,30,6,23994
27196,2025-08-31,5,31,7,13993
27197,2025-08-31,5,32,8,71992
27198,2025-08-31,5,33,3,38997
27199,2025-08-31,5,34,6,113994
27200,2025-08-31,5,35,3,8997
27201,2025-08-31,5,36,1,1499
27202,2025-08-31,5,37,3,6897
27203,2025-08-31,5,38,7,62993
27204,2025-08-31,5,39,7,24493
27205,2025-08-31,5,40,5,2995
27206,2025-08-31,5,41,4,9996
27207,2025-08-31,5,43,1,1999
27208,2025-08-31,5,44,3,3897
27209,2025-08-31,5,45,1,4999
27210,2025-08-31,5,46,1,799
27211,2025-08-31,5,47,1,3499
27212,2025-08-31,5,48,3,11997
27213,2025-08-31,5,49,7,17493
27214,2025-08-31,5,50,2,2598
27215,2025-08-31,5,51,1,499
27216,2025-08-31,5,52,1,1999
27217,2025-08-31,5,53,3,2697
27218,2025-08-31,5,54,7,4193
27219,2025-08-31,5,55,8,7192
27220,2025-08-31,5,56,6,4194
27221,2025-08-31,6,1,8,23992
27222,2025-08-31,6,3,4,19996
27223,2025-08-31,6,4,1,1499
27224,2025-08-31,6,5,16,20784
27225,2025-08-31,6,6,2,1798
27226,2025-08-31,6,7,9,71991
27227,2025-08-31,6,8,1,15999
27228,2025-08-31,6,9,5,2995
27229,2025-08-31,6,11,3,7497
27230,2025-08-31,6,12,4,1596
27231,2025-08-31,6,14,2,598
27232,2025-08-31,6,15,9,44991
27233,2025-08-31,6,16,3,2397
27234,2025-08-31,6,17,3,11997
27235,2025-08-31,6,18,9,16191
27236,2025-08-31,6,19,7,132993
27237,2025-08-31,6,21,6,14994
27238,2025-08-31,6,22,9,49491
27239,2025-08-31,6,23,5,24995
27240,2025-08-31,6,24,1,3499
27241,2025-08-31,6,25,10,49990
27242,2025-08-31,6,26,3,59997
27243,2025-08-31,6,27,1,1299
27244,2025-08-31,6,28,3,5397
27245,2025-08-31,6,29,6,14994
27246,2025-08-31,6,30,6,23994
27247,2025-08-31,6,31,8,15992
27248,2025-08-31,6,32,10,89990
27249,2025-08-31,6,33,5,64995
27250,2025-08-31,6,34,11,208989
27251,2025-08-31,6,35,3,8997
27252,2025-08-31,6,36,6,8994
27253,2025-08-31,6,37,10,22990
27254,2025-08-31,6,38,10,89990
27255,2025-08-31,6,39,6,20994
27256,2025-08-31,6,40,6,3594
27257,2025-08-31,6,41,6,14994
27258,2025-08-31,6,42,1,1799
27259,2025-08-31,6,43,3,5997
27260,2025-08-31,6,44,5,6495
27261,2025-08-31,6,45,1,4999
27262,2025-08-31,6,46,4,3196
27263,2025-08-31,6,47,1,3499
27264,2025-08-31,6,48,3,11997
27265,2025-08-31,6,49,6,14994
27266,2025-08-31,6,50,3,3897
27267,2025-08-31,6,51,3,1497
27268,2025-08-31,6,52,4,7996
27269,2025-08-31,6,53,3,2697
27270,2025-08-31,6,54,8,4792
27271,2025-08-31,6,55,6,5394
27272,2025-08-31,6,56,6,4194
